代码,60日最高,当前价,跌幅,7日横盘,3日量能,3日趋势
600561.SH,7.36,6.67,-9.0,True,1.04,下跌
603858.SH,17.98,16.5,-8.0,True,0.71,下跌
603516.SH,222.22,145.4,-35.0,True,0.88,下跌
002491.SZ,18.2,16.83,-8.0,False,1.02,上涨
600328.SH,10.64,8.72,-18.0,True,1.42,上涨
000593.SZ,19.64,19.64,0.0,False,0.99,上涨
001331.SZ,63.0,49.15,-22.0,True,0.66,下跌
600118.SH,108.9,102.0,-6.0,False,1.62,上涨
002235.SZ,11.65,9.51,-18.0,True,0.75,下跌
001236.SZ,10.86,9.02,-17.0,True,0.92,下跌
600698.SH,9.08,7.15,-21.0,True,0.83,下跌
002792.SZ,57.35,49.1,-14.0,False,0.86,下跌
002544.SZ,35.33,27.17,-23.0,True,1.13,下跌
600616.SH,6.0,4.95,-17.0,True,1.03,下跌
002527.SZ,18.52,12.97,-30.0,True,1.08,下跌
605188.SH,22.3,16.43,-26.0,True,2.21,下跌
600518.SH,1.98,1.72,-13.0,True,0.78,下跌
603026.SH,108.8,102.76,-6.0,False,0.93,上涨
002490.SZ,14.52,9.77,-33.0,False,1.02,上涨
003040.SZ,19.15,15.5,-19.0,True,0.84,下跌
600330.SH,27.53,25.6,-7.0,False,1.62,上涨
600127.SH,7.8,6.91,-11.0,True,0.66,下跌
600775.SH,16.99,13.14,-23.0,True,1.54,下跌
603023.SH,6.55,4.33,-34.0,True,0.84,下跌
002342.SZ,21.42,18.96,-11.0,False,0.94,下跌
600877.SH,25.91,17.05,-34.0,True,0.87,下跌
002796.SZ,67.88,60.99,-10.0,True,1.16,上涨
605008.SH,14.95,11.83,-21.0,True,0.96,下跌
002428.SZ,82.76,76.88,-7.0,False,1.15,上涨
002809.SZ,16.0,10.25,-36.0,True,0.92,下跌
002951.SZ,19.48,16.22,-17.0,False,0.9,上涨
002217.SZ,3.2,2.77,-13.0,False,2.03,下跌
000158.SZ,22.0,18.39,-16.0,True,1.6,上涨
603353.SH,54.0,36.51,-32.0,True,0.65,下跌
002389.SZ,29.85,21.97,-26.0,True,0.85,下跌
603110.SH,18.54,18.16,-2.0,False,0.85,上涨
002718.SZ,82.57,71.09,-14.0,False,0.67,下跌
002455.SZ,17.15,11.19,-35.0,False,1.25,下跌
002456.SZ,10.88,9.17,-16.0,True,0.87,下跌
603196.SH,34.26,32.75,-4.0,True,0.92,上涨
002210.SZ,3.38,2.52,-25.0,True,1.14,下跌
600316.SH,47.66,41.29,-13.0,True,0.94,上涨
001313.SZ,8.78,8.41,-4.0,True,0.74,平盘
603189.SH,22.42,12.6,-44.0,False,2.3,下跌
600703.SH,18.77,15.51,-17.0,True,1.11,上涨
605398.SH,33.56,27.2,-19.0,True,1.24,下跌
600084.SH,8.01,6.52,-19.0,True,0.78,下跌
002162.SZ,6.45,4.42,-31.0,True,1.1,下跌
600058.SH,16.58,11.21,-32.0,True,1.19,下跌
603085.SH,12.43,11.79,-5.0,True,0.87,下跌
002931.SZ,118.1,69.25,-41.0,True,1.24,上涨
600257.SH,8.0,6.25,-22.0,True,0.77,下跌
000981.SZ,5.34,3.93,-26.0,True,0.99,下跌
002177.SZ,9.82,7.34,-25.0,True,0.61,下跌
600730.SH,11.29,8.55,-24.0,True,1.29,上涨
603336.SH,10.99,10.83,-1.0,True,1.44,上涨
600653.SH,2.0,1.73,-14.0,True,0.77,下跌
002646.SZ,9.81,7.9,-19.0,True,1.26,下跌
600520.SH,30.88,28.81,-7.0,True,1.86,上涨
603159.SH,29.8,25.68,-14.0,True,0.77,下跌
600390.SH,6.4,5.23,-18.0,True,0.93,下跌
600158.SH,12.2,10.66,-13.0,True,0.78,下跌
603701.SH,25.85,25.73,-0.0,True,0.97,上涨
002932.SZ,20.72,16.95,-18.0,True,1.51,下跌
600797.SH,11.48,9.15,-20.0,True,1.03,下跌
002633.SZ,20.6,19.2,-7.0,True,1.09,上涨
002976.SZ,31.34,28.55,-9.0,True,0.8,下跌
000565.SZ,9.22,7.17,-22.0,True,0.88,下跌
002877.SZ,11.6,8.77,-24.0,True,0.96,下跌
601777.SH,12.26,10.84,-12.0,True,1.69,上涨
000677.SZ,5.51,4.19,-24.0,True,0.96,下跌
600516.SH,7.29,5.44,-25.0,True,1.4,下跌
002212.SZ,9.53,7.77,-18.0,True,1.41,上涨
000886.SZ,6.86,5.6,-18.0,True,1.02,下跌
002361.SZ,23.95,22.99,-4.0,False,1.02,上涨
000831.SZ,65.94,51.11,-22.0,True,1.25,下跌
603232.SH,28.4,18.88,-34.0,True,0.78,下跌
605255.SH,183.3,111.29,-39.0,False,0.61,下跌
001259.SZ,37.97,31.34,-17.0,True,0.94,下跌
000586.SZ,25.12,19.14,-24.0,False,0.78,下跌
002747.SZ,26.47,20.87,-21.0,True,0.91,下跌
603052.SH,98.0,94.66,-3.0,False,1.0,上涨
600371.SH,10.29,8.58,-17.0,True,0.8,下跌
600640.SH,15.49,12.7,-18.0,True,1.37,上涨
603066.SH,11.35,10.11,-11.0,True,1.3,上涨
600123.SH,7.6,6.6,-13.0,True,1.2,上涨
600178.SH,13.19,11.32,-14.0,True,0.81,下跌
000973.SZ,20.71,17.26,-17.0,False,0.81,下跌
002577.SZ,19.28,15.32,-21.0,True,0.89,下跌
600488.SH,8.44,6.74,-20.0,False,0.91,上涨
002451.SZ,12.15,9.48,-22.0,True,1.0,下跌
001255.SZ,42.49,35.82,-16.0,True,1.02,下跌
002224.SZ,5.17,4.37,-15.0,True,1.23,上涨
001267.SZ,50.92,50.92,0.0,False,1.07,上涨
000766.SZ,27.38,22.96,-16.0,True,0.75,下跌
600816.SH,3.02,2.63,-13.0,True,2.03,上涨
603117.SH,6.12,4.4,-28.0,True,0.89,下跌
600880.SH,6.43,5.12,-20.0,True,1.04,下跌
600673.SH,41.58,34.14,-18.0,False,1.1,上涨
603002.SH,14.6,13.87,-5.0,False,1.04,上涨
002488.SZ,13.76,11.54,-16.0,False,1.02,下跌
600589.SH,15.25,10.76,-29.0,True,1.01,下跌
601869.SH,422.88,385.02,-9.0,False,0.98,上涨
600556.SH,8.45,6.16,-27.0,True,0.81,下跌
600189.SH,9.13,8.18,-10.0,True,0.99,上涨
605100.SH,53.25,50.24,-6.0,False,1.12,上涨
002639.SZ,24.28,18.37,-24.0,True,0.84,下跌
002686.SZ,8.47,7.77,-8.0,False,1.08,下跌
002565.SZ,22.99,19.76,-14.0,False,1.05,下跌
002134.SZ,28.57,22.98,-20.0,True,0.77,上涨
600423.SH,4.31,2.81,-35.0,False,0.8,上涨
603126.SH,8.75,8.15,-7.0,True,1.18,上涨
002219.SZ,2.68,2.35,-12.0,True,1.11,下跌
603121.SH,26.45,20.99,-21.0,True,0.62,下跌
002132.SZ,4.75,4.63,-3.0,False,0.67,下跌
600879.SH,31.46,25.02,-20.0,False,1.17,下跌
601212.SH,15.19,7.76,-49.0,True,1.09,下跌
000978.SZ,8.68,7.12,-18.0,False,0.63,下跌
603685.SH,32.8,31.96,-3.0,True,0.95,上涨
600249.SH,7.71,5.93,-23.0,True,0.69,上涨
000852.SZ,9.58,7.28,-24.0,True,1.57,上涨
002316.SZ,5.92,5.11,-14.0,True,0.76,下跌
002952.SZ,28.5,26.63,-7.0,True,1.45,上涨
000009.SZ,10.52,8.88,-16.0,True,1.11,下跌
601698.SH,42.5,38.2,-10.0,True,1.69,上涨
600778.SH,8.72,6.24,-28.0,True,1.07,下跌
600081.SH,12.37,10.66,-14.0,True,1.16,下跌
603348.SH,22.0,19.51,-11.0,True,0.83,下跌
600651.SH,9.01,6.68,-26.0,True,1.21,下跌
600037.SH,8.62,7.59,-12.0,True,0.77,下跌
603728.SH,77.66,57.48,-26.0,True,1.03,下跌
001314.SZ,51.14,48.5,-5.0,True,1.86,上涨
600506.SH,29.08,20.53,-29.0,True,0.78,下跌
603256.SH,113.56,105.89,-7.0,False,0.83,上涨
603738.SH,37.55,37.0,-1.0,False,1.26,上涨
002629.SZ,8.11,6.66,-18.0,True,1.59,平盘
600769.SH,15.54,14.99,-4.0,True,0.91,上涨
000953.SZ,7.96,6.51,-18.0,True,0.79,下跌
605186.SH,22.97,19.56,-15.0,True,0.93,下跌
002195.SZ,11.17,9.1,-19.0,True,1.32,下跌
600505.SH,15.91,13.5,-15.0,True,1.27,上涨
002149.SZ,66.91,64.33,-4.0,False,1.23,上涨
603933.SH,25.72,23.19,-10.0,False,0.79,下跌
600629.SH,23.4,20.46,-13.0,True,0.93,下跌
600975.SH,6.04,5.6,-7.0,True,0.73,下跌
000039.SZ,14.37,11.34,-21.0,True,1.15,下跌
000910.SZ,8.02,6.89,-14.0,True,1.13,下跌
600644.SH,13.99,12.67,-9.0,True,1.63,上涨
603667.SH,96.69,68.3,-29.0,True,1.08,下跌
002861.SZ,21.49,15.33,-29.0,True,0.74,下跌
600615.SH,13.39,11.21,-16.0,True,0.89,下跌
002721.SZ,4.25,2.86,-33.0,True,0.79,下跌
603113.SH,8.7,7.13,-18.0,True,0.76,上涨
603496.SH,32.89,31.86,-3.0,True,1.78,上涨
000555.SZ,20.08,15.08,-25.0,False,0.67,下跌
600148.SH,21.68,17.83,-18.0,True,1.02,下跌
603068.SH,41.2,32.78,-20.0,True,0.99,下跌
603395.SH,33.93,28.26,-17.0,True,1.13,上涨
600619.SH,20.87,17.48,-16.0,True,0.83,下跌
002642.SZ,8.85,7.77,-12.0,True,0.92,下跌
600605.SH,32.33,29.95,-7.0,True,0.97,下跌
002828.SZ,17.9,11.91,-33.0,True,0.72,下跌
002104.SZ,19.34,14.45,-25.0,True,0.72,下跌
603917.SH,16.13,12.81,-21.0,True,1.23,下跌
605289.SH,143.0,128.9,-10.0,False,0.67,上涨
002851.SZ,140.39,106.46,-24.0,True,1.1,下跌
002857.SZ,27.39,20.45,-25.0,True,0.92,下跌
002873.SZ,13.09,9.36,-28.0,True,0.42,下跌
600259.SH,112.29,94.65,-16.0,False,0.89,下跌
002636.SZ,47.37,43.25,-9.0,False,1.0,上涨
603668.SH,16.24,13.43,-17.0,False,1.0,下跌
002579.SZ,13.52,12.95,-4.0,True,0.98,下跌
603663.SH,56.9,48.73,-14.0,True,0.94,上涨
601366.SH,5.5,3.84,-30.0,True,1.03,下跌
603076.SH,31.2,30.19,-3.0,True,1.38,上涨
002908.SZ,11.18,8.86,-21.0,True,0.98,下跌
600272.SH,14.88,12.15,-18.0,True,0.69,下跌
002466.SZ,73.3,67.97,-7.0,False,1.21,上涨
603657.SH,31.8,26.02,-18.0,True,0.81,下跌
600654.SH,4.84,3.89,-20.0,False,0.63,下跌
002653.SZ,61.7,56.34,-9.0,False,0.67,下跌
002364.SZ,45.45,43.53,-4.0,False,1.08,下跌
000912.SZ,6.7,4.94,-26.0,True,0.93,上涨
002045.SZ,15.07,11.28,-25.0,True,1.72,下跌
002892.SZ,13.77,10.9,-21.0,True,1.05,下跌
600395.SH,6.44,5.84,-9.0,True,1.17,上涨
601388.SH,4.8,4.11,-14.0,True,0.81,下跌
002427.SZ,8.2,6.28,-23.0,True,0.58,下跌
002896.SZ,91.33,71.1,-22.0,True,0.85,下跌
002927.SZ,23.0,17.81,-23.0,False,0.79,下跌
000410.SZ,8.62,6.68,-23.0,True,1.21,下跌
002232.SZ,20.88,18.09,-13.0,True,0.85,下跌
002677.SZ,9.98,7.33,-27.0,True,1.12,下跌
002338.SZ,65.58,61.87,-6.0,False,1.84,上涨
600693.SH,17.5,11.04,-37.0,True,1.34,下跌
002654.SZ,16.87,14.74,-13.0,False,0.8,下跌
002295.SZ,13.15,10.69,-19.0,True,1.34,下跌
002549.SZ,24.3,18.8,-23.0,True,1.36,下跌
600824.SH,4.95,3.93,-21.0,True,0.94,下跌
603633.SH,9.86,8.67,-12.0,True,1.37,上涨
002384.SZ,194.0,186.66,-4.0,False,0.95,上涨
600590.SH,18.56,17.59,-5.0,False,1.19,上涨
601700.SH,7.18,5.03,-30.0,True,1.36,下跌
600180.SH,3.92,3.2,-18.0,True,0.88,平盘
600391.SH,58.31,40.7,-30.0,True,1.29,下跌
002837.SZ,121.74,100.68,-17.0,False,1.23,下跌
603171.SH,82.5,56.02,-32.0,False,1.17,下跌
002265.SZ,27.33,22.62,-17.0,True,0.92,下跌
601616.SH,6.69,4.77,-29.0,True,0.93,下跌
600327.SH,5.26,3.7,-30.0,True,0.97,下跌
002759.SZ,44.88,31.95,-29.0,False,0.86,下跌
600255.SH,4.39,3.58,-18.0,True,1.03,下跌
002254.SZ,14.11,10.89,-23.0,True,1.06,上涨
000837.SZ,13.62,10.77,-21.0,True,0.92,下跌
002869.SZ,26.79,20.98,-22.0,True,0.71,下跌
002077.SZ,20.39,15.48,-24.0,True,1.0,下跌
000965.SZ,4.22,3.53,-16.0,True,0.83,下跌
600893.SH,63.78,50.36,-21.0,True,1.24,上涨
605598.SH,72.38,50.9,-30.0,True,1.16,下跌
603601.SH,16.65,15.15,-9.0,False,1.05,下跌
000029.SZ,23.97,20.33,-15.0,True,0.97,上涨
603220.SH,34.23,34.23,0.0,False,1.11,上涨
603177.SH,13.4,11.6,-13.0,False,1.14,下跌
603881.SH,45.12,38.81,-14.0,True,0.81,下跌
600822.SH,12.28,9.76,-21.0,True,0.55,下跌
002025.SZ,83.63,73.6,-12.0,False,0.91,下跌
603898.SH,18.36,13.8,-25.0,True,1.85,上涨
603922.SH,24.0,23.7,-1.0,True,1.6,上涨
603083.SH,176.86,164.33,-7.0,False,1.13,上涨
605376.SH,127.0,115.2,-9.0,False,1.02,上涨
600610.SH,13.49,9.25,-31.0,True,1.33,下跌
002256.SZ,5.04,4.46,-12.0,False,1.32,上涨
600678.SH,13.65,11.79,-14.0,True,2.4,上涨
600722.SH,20.02,13.7,-32.0,True,0.98,上涨
600435.SH,19.22,14.96,-22.0,True,0.9,下跌
605179.SH,21.56,17.36,-19.0,True,1.33,下跌
000628.SZ,65.85,63.33,-4.0,False,0.96,上涨
600986.SH,16.48,12.13,-26.0,False,1.02,上涨
000036.SZ,7.19,5.05,-30.0,True,0.65,下跌
603375.SH,43.7,42.12,-4.0,True,0.83,上涨
002263.SZ,5.35,4.37,-18.0,False,0.83,下跌
600495.SH,5.42,4.4,-19.0,True,0.74,下跌
002890.SZ,17.88,15.49,-13.0,True,1.09,下跌
000990.SZ,12.78,12.4,-3.0,True,1.36,上涨
603688.SH,55.75,52.55,-6.0,True,0.95,上涨
600212.SH,8.61,7.74,-10.0,True,0.82,下跌
605300.SH,12.35,10.8,-13.0,True,1.12,下跌
000825.SZ,5.65,4.5,-20.0,True,0.93,下跌
600105.SH,50.07,48.5,-3.0,False,0.82,上涨
603169.SH,13.5,8.82,-35.0,True,1.1,下跌
605298.SH,65.0,60.35,-7.0,False,1.48,上涨
600692.SH,8.52,7.33,-14.0,True,0.83,下跌
002365.SZ,16.25,13.16,-19.0,True,0.77,下跌
002248.SZ,15.58,12.08,-22.0,True,0.86,下跌
000681.SZ,31.41,20.69,-34.0,True,0.95,下跌
600645.SH,32.99,27.78,-16.0,True,0.86,下跌
002182.SZ,23.14,15.91,-31.0,True,1.07,下跌
600103.SH,5.72,5.14,-10.0,False,1.4,上涨
600375.SH,6.55,5.16,-21.0,True,0.9,下跌
002041.SZ,12.6,10.09,-20.0,True,1.16,下跌
600593.SH,49.5,33.21,-33.0,True,1.07,下跌
603175.SH,105.0,98.08,-7.0,False,0.99,上涨
002400.SZ,12.96,8.92,-31.0,True,0.96,下跌
002181.SZ,14.45,13.12,-9.0,False,0.77,下跌
002651.SZ,11.78,9.5,-19.0,True,1.1,下跌
002679.SZ,14.47,10.74,-26.0,True,1.19,上涨
603009.SH,56.68,48.2,-15.0,True,1.13,下跌
600865.SH,15.8,11.43,-28.0,True,1.35,下跌
003007.SZ,49.0,42.38,-14.0,True,0.86,下跌
600714.SH,27.18,18.3,-33.0,False,0.82,下跌
002401.SZ,17.5,14.45,-17.0,True,1.01,下跌
600602.SH,25.8,22.82,-12.0,True,0.84,下跌
603976.SH,21.4,21.0,-2.0,True,1.48,上涨
001309.SZ,544.93,494.69,-9.0,False,0.89,下跌
605339.SH,19.72,15.8,-20.0,True,1.09,下跌
002407.SZ,32.5,30.04,-8.0,True,1.26,下跌
002969.SZ,33.54,21.54,-36.0,False,0.91,下跌
600527.SH,2.94,2.5,-15.0,False,0.66,下跌
000633.SZ,8.31,6.39,-23.0,True,1.29,下跌
002888.SZ,22.05,18.69,-15.0,True,0.82,下跌
603466.SH,14.0,10.31,-26.0,True,1.84,上涨
600100.SH,10.01,8.59,-14.0,True,0.97,上涨
600396.SH,9.83,9.83,0.0,False,1.13,上涨
002297.SZ,22.32,22.24,-0.0,False,2.09,上涨
601208.SH,37.41,34.13,-9.0,True,1.07,下跌
002222.SZ,100.6,92.2,-8.0,False,1.06,上涨
002664.SZ,28.37,19.99,-30.0,True,1.11,下跌
000970.SZ,15.55,11.99,-23.0,True,1.02,下跌
600201.SH,19.0,14.08,-26.0,True,0.91,下跌
002279.SZ,11.31,8.08,-29.0,True,1.07,下跌
600198.SH,10.81,8.12,-25.0,True,1.32,下跌
600288.SH,16.88,15.01,-11.0,True,1.02,下跌
600313.SH,9.8,7.3,-26.0,True,0.9,下跌
600689.SH,15.42,13.25,-14.0,True,0.69,下跌
001258.SZ,12.33,9.58,-22.0,True,1.52,上涨
600187.SH,2.81,1.72,-39.0,True,1.11,下跌
002493.SZ,16.38,11.89,-27.0,True,1.07,下跌
600530.SH,7.3,5.14,-30.0,True,1.29,下跌
600749.SH,22.0,20.0,-9.0,False,1.0,下跌
001226.SZ,54.76,44.63,-18.0,True,0.96,下跌
000901.SZ,30.08,22.83,-24.0,True,0.99,下跌
002990.SZ,54.05,49.19,-9.0,False,1.04,上涨
600191.SH,14.24,13.25,-7.0,True,1.41,上涨
001326.SZ,68.68,53.38,-22.0,True,0.67,下跌
600611.SH,6.09,4.8,-21.0,True,1.32,上涨
600232.SH,9.65,8.57,-11.0,True,1.25,下跌
603272.SH,37.02,20.08,-46.0,False,1.43,下跌
002843.SZ,30.58,26.07,-15.0,False,1.17,下跌
603135.SH,12.42,11.87,-4.0,True,1.93,上涨
000011.SZ,9.31,8.41,-10.0,True,0.87,下跌
001201.SZ,15.52,13.0,-16.0,True,0.82,下跌
002196.SZ,19.6,14.03,-28.0,True,0.97,下跌
002607.SZ,3.07,2.53,-18.0,True,0.96,下跌
600230.SH,27.24,19.23,-29.0,True,1.02,下跌
002980.SZ,84.22,75.9,-10.0,False,0.97,下跌
603629.SH,119.02,116.48,-2.0,False,1.0,上涨
600512.SH,2.68,2.46,-8.0,True,0.94,下跌
002615.SZ,9.8,7.79,-21.0,True,0.72,下跌
603988.SH,39.97,24.52,-39.0,True,0.83,下跌
600825.SH,7.25,5.81,-20.0,True,0.8,下跌
002730.SZ,30.86,28.54,-8.0,True,0.98,上涨
600235.SH,7.42,6.71,-10.0,True,0.93,下跌
603960.SH,29.1,22.33,-23.0,False,1.17,下跌
605336.SH,19.3,14.99,-22.0,False,1.47,下跌
002165.SZ,14.99,8.98,-40.0,True,1.09,下跌
002733.SZ,32.81,30.33,-8.0,True,0.78,下跌
000032.SZ,22.6,18.32,-19.0,True,0.85,下跌
000058.SZ,10.21,8.07,-21.0,True,1.51,上涨
002515.SZ,6.85,6.57,-4.0,False,1.05,上涨
002655.SZ,25.13,24.71,-2.0,False,0.81,上涨
002886.SZ,26.56,22.6,-15.0,True,1.53,上涨
600250.SH,14.7,11.22,-24.0,True,0.69,下跌
600702.SH,61.07,46.45,-24.0,True,1.01,上涨
603306.SH,110.46,106.0,-4.0,False,0.86,下跌
000789.SZ,5.89,5.09,-14.0,True,0.91,上涨
605566.SH,34.9,32.8,-6.0,True,1.21,上涨
600113.SH,63.5,45.97,-28.0,True,1.16,下跌
600666.SH,7.57,6.56,-13.0,False,0.85,下跌
000605.SZ,7.46,6.64,-11.0,True,0.84,下跌
603308.SH,83.0,83.0,0.0,False,1.15,上涨
605288.SH,148.0,83.74,-43.0,True,1.03,下跌
000751.SZ,7.82,6.74,-14.0,True,1.7,上涨
600675.SH,3.04,2.63,-13.0,True,0.74,下跌
002962.SZ,19.2,17.05,-11.0,False,0.9,下跌
600149.SH,7.66,6.26,-18.0,False,1.31,下跌
002378.SZ,48.42,31.37,-35.0,True,1.1,下跌
000601.SZ,9.0,7.51,-17.0,True,1.65,上涨
600515.SH,4.72,3.41,-28.0,True,1.52,下跌
002738.SZ,100.86,80.35,-20.0,True,0.73,下跌
002230.SZ,63.05,48.89,-22.0,True,1.03,下跌
600962.SH,25.89,21.64,-16.0,True,1.06,下跌
603656.SH,25.79,20.13,-22.0,True,1.11,下跌
003030.SZ,22.7,20.3,-11.0,True,1.18,下跌
000862.SZ,9.44,7.03,-26.0,True,1.42,上涨
002707.SZ,8.54,6.39,-25.0,True,0.8,下跌
603985.SH,26.45,24.42,-8.0,False,1.01,上涨
600493.SH,8.6,7.03,-18.0,True,1.41,下跌
002905.SZ,15.04,9.81,-35.0,True,0.87,下跌
600010.SH,3.41,2.77,-19.0,True,0.77,下跌
603938.SH,32.06,30.54,-5.0,True,1.31,上涨
603038.SH,18.45,16.93,-8.0,True,1.27,上涨
600550.SH,19.58,15.8,-19.0,True,0.79,下跌
001208.SZ,25.39,20.66,-19.0,True,1.01,下跌
002510.SZ,9.09,6.73,-26.0,True,1.14,下跌
601615.SH,26.9,16.68,-38.0,True,1.01,下跌
000930.SZ,8.14,6.41,-21.0,True,0.81,下跌
002144.SZ,17.78,14.75,-17.0,True,0.93,下跌
603315.SH,19.53,19.53,0.0,False,0.92,上涨
000948.SZ,17.94,15.2,-15.0,True,1.24,下跌
000631.SZ,4.54,3.22,-29.0,True,0.79,下跌
001298.SZ,35.4,21.41,-40.0,True,1.06,下跌
603032.SH,23.58,21.87,-7.0,False,0.89,下跌
600157.SH,2.1,1.71,-19.0,True,1.08,上涨
600292.SH,16.64,15.81,-5.0,True,0.75,上涨
002882.SZ,34.88,27.81,-20.0,True,0.84,下跌
002935.SZ,23.26,21.52,-7.0,True,1.98,上涨
603986.SH,331.16,304.8,-8.0,False,0.97,上涨
003036.SZ,31.28,30.54,-2.0,False,0.94,上涨
000050.SZ,10.65,8.32,-22.0,True,1.03,下跌
603819.SH,14.98,13.92,-7.0,True,0.98,下跌
600345.SH,57.08,51.81,-9.0,False,0.81,下跌
600758.SH,6.29,4.14,-34.0,True,1.25,上涨
600029.SH,8.46,5.62,-34.0,True,0.97,下跌
002271.SZ,19.25,15.42,-20.0,True,0.82,下跌
002840.SZ,14.13,12.63,-11.0,False,0.77,下跌
600279.SH,5.78,4.8,-17.0,True,0.79,下跌
600805.SH,5.94,5.28,-11.0,True,1.16,上涨
603273.SH,20.35,17.35,-15.0,True,1.01,下跌
002625.SZ,50.68,39.84,-21.0,True,0.78,下跌
002495.SZ,2.91,2.48,-15.0,True,0.87,下跌
000958.SZ,6.99,6.23,-11.0,True,1.31,上涨
003043.SZ,58.23,56.48,-3.0,True,0.69,下跌
603990.SH,16.09,14.83,-8.0,True,0.83,下跌
002760.SZ,25.98,22.21,-15.0,True,1.72,上涨
603000.SH,28.21,19.63,-30.0,True,0.96,下跌
002564.SZ,8.18,6.31,-23.0,True,1.14,上涨
603538.SH,57.29,55.55,-3.0,False,0.91,上涨
000967.SZ,14.58,13.73,-6.0,False,1.0,下跌
000753.SZ,7.75,6.33,-18.0,True,0.7,下跌
002955.SZ,28.41,25.72,-9.0,True,1.4,上涨
000017.SZ,8.74,6.37,-27.0,True,1.45,下跌
002094.SZ,8.99,6.04,-33.0,True,1.18,下跌
603698.SH,48.0,43.1,-10.0,False,1.15,下跌
002067.SZ,6.18,4.86,-21.0,True,1.55,上涨
002339.SZ,13.55,10.36,-24.0,True,0.97,下跌
603327.SH,11.3,10.29,-9.0,False,0.68,下跌
603211.SH,28.16,23.95,-15.0,False,1.11,下跌
002356.SZ,4.86,3.34,-31.0,True,1.04,下跌
002290.SZ,77.41,73.95,-4.0,True,0.82,下跌
002350.SZ,16.21,14.25,-12.0,True,0.96,上涨
603016.SH,58.88,52.76,-10.0,False,1.25,上涨
600596.SH,14.04,12.5,-11.0,True,0.95,上涨
002708.SZ,14.98,13.22,-12.0,False,0.78,下跌
002164.SZ,14.79,12.61,-15.0,True,0.62,下跌
002530.SZ,11.23,8.91,-21.0,True,0.69,下跌
002397.SZ,5.03,4.39,-13.0,True,1.42,上涨
600552.SH,16.77,15.02,-10.0,False,1.06,下跌
002131.SZ,10.32,7.86,-24.0,True,0.85,下跌
002320.SZ,11.0,8.26,-25.0,True,0.9,下跌
002301.SZ,8.86,7.45,-16.0,True,1.42,上涨
002975.SZ,115.5,112.61,-3.0,False,1.03,上涨
002460.SZ,88.48,79.88,-10.0,True,0.79,下跌
603602.SH,16.66,13.03,-22.0,True,1.2,下跌
002876.SZ,31.16,28.9,-7.0,True,0.77,下跌
003026.SZ,38.54,38.06,-1.0,True,1.12,上涨
603396.SH,55.58,34.95,-37.0,True,1.0,下跌
603015.SH,16.05,11.98,-25.0,True,1.29,下跌
603655.SH,47.5,43.2,-9.0,True,1.21,上涨
002859.SZ,50.98,45.58,-11.0,False,0.93,下跌
002135.SZ,8.03,7.35,-8.0,True,1.22,下跌
002445.SZ,4.77,3.49,-27.0,True,1.17,上涨
603590.SH,44.77,36.07,-19.0,True,1.1,下跌
600630.SH,9.67,7.93,-18.0,True,1.33,下跌
603206.SH,18.16,16.75,-8.0,True,0.67,下跌
003021.SZ,134.0,97.54,-27.0,True,1.04,下跌
002160.SZ,7.45,4.91,-34.0,True,0.94,下跌
002885.SZ,33.77,31.08,-8.0,False,1.41,上涨
600727.SH,8.89,7.96,-10.0,True,1.18,上涨
002535.SZ,4.18,3.34,-20.0,True,0.99,下跌
600592.SH,26.22,19.82,-24.0,True,1.06,下跌
600318.SH,10.23,7.69,-25.0,True,0.81,下跌
001209.SZ,34.99,20.55,-41.0,True,1.16,下跌
001322.SZ,9.77,7.15,-27.0,True,1.49,下跌
603800.SH,53.2,48.05,-10.0,True,0.83,上涨
001400.SZ,221.98,205.94,-7.0,False,0.96,下跌
002971.SZ,34.68,33.88,-2.0,True,1.76,上涨
001203.SZ,49.38,44.77,-9.0,False,0.83,下跌
603048.SH,25.96,22.42,-14.0,True,0.76,下跌
601727.SH,9.66,8.07,-16.0,True,1.11,下跌
001339.SZ,80.0,73.4,-8.0,False,0.93,上涨
000010.SZ,4.94,3.7,-25.0,False,0.8,下跌
000713.SZ,7.7,6.48,-16.0,True,0.81,下跌
002012.SZ,7.67,7.08,-8.0,True,0.87,下跌
002046.SZ,55.52,53.31,-4.0,False,0.93,下跌
600771.SH,18.8,17.11,-9.0,True,1.52,下跌
603200.SH,91.0,65.1,-28.0,False,0.96,下跌
605033.SH,34.69,22.1,-36.0,True,0.94,下跌
603119.SH,124.35,77.77,-37.0,False,1.06,上涨
603489.SH,38.98,35.33,-9.0,False,1.44,下跌
002281.SZ,134.99,131.68,-2.0,False,1.14,上涨
002849.SZ,20.2,17.22,-15.0,True,0.82,下跌
603901.SH,16.38,12.84,-22.0,True,1.33,上涨
000020.SZ,25.66,15.49,-40.0,True,0.87,下跌
002201.SZ,16.85,14.8,-12.0,True,1.84,上涨
000533.SZ,21.84,14.45,-34.0,False,1.01,下跌
600099.SH,11.8,11.26,-5.0,True,0.83,下跌
600751.SH,4.43,3.67,-17.0,True,0.84,下跌
603191.SH,27.69,20.55,-26.0,True,0.92,下跌
003018.SZ,57.42,54.77,-5.0,False,1.18,上涨
002695.SZ,12.45,11.4,-8.0,True,1.17,下跌
002779.SZ,116.98,92.56,-21.0,True,0.71,下跌
001211.SZ,33.22,31.41,-5.0,True,0.63,下跌
002198.SZ,8.2,7.38,-10.0,True,1.1,下跌
600287.SH,6.19,5.54,-11.0,True,1.21,下跌
000524.SZ,13.68,10.24,-25.0,True,0.84,下跌
002716.SZ,21.3,11.79,-45.0,True,1.19,下跌
000657.SZ,71.5,56.57,-21.0,True,0.8,下跌
001280.SZ,104.87,82.59,-21.0,True,1.21,下跌
002494.SZ,5.98,5.5,-8.0,True,0.85,下跌
000534.SZ,49.14,44.01,-10.0,False,0.98,下跌
603078.SH,31.78,23.65,-26.0,True,1.52,上涨
600706.SH,11.44,9.33,-18.0,True,1.0,下跌
003022.SZ,24.77,24.77,0.0,True,1.3,上涨
002635.SZ,17.63,16.6,-6.0,False,0.82,下跌
001225.SZ,88.6,48.76,-45.0,True,1.02,下跌
002294.SZ,70.99,55.97,-21.0,False,0.93,下跌
002933.SZ,38.38,31.67,-17.0,True,1.1,下跌
600925.SH,5.02,4.7,-6.0,True,1.76,上涨
600601.SH,12.98,11.67,-10.0,True,1.45,下跌
601118.SH,8.53,6.85,-20.0,True,1.13,上涨
603103.SH,40.45,22.49,-44.0,True,1.48,下跌
002386.SZ,6.88,6.62,-4.0,True,1.04,上涨
000962.SZ,59.95,47.58,-21.0,False,1.27,下跌
600071.SH,22.61,20.53,-9.0,True,1.02,下跌
600521.SH,17.35,16.14,-7.0,True,0.6,下跌
000993.SZ,17.27,13.22,-23.0,True,1.16,上涨
603065.SH,10.0,8.02,-20.0,True,0.91,下跌
603683.SH,29.55,28.77,-3.0,True,0.93,上涨
003038.SZ,19.42,14.41,-26.0,False,0.62,下跌
600379.SH,14.26,12.22,-14.0,True,0.81,上涨
605180.SH,16.95,14.92,-12.0,True,1.15,上涨
002743.SZ,6.61,5.11,-23.0,True,1.1,下跌
605389.SH,86.95,85.84,-1.0,True,1.75,上涨
002038.SZ,9.4,7.18,-24.0,False,0.74,下跌
601595.SH,37.16,25.01,-33.0,True,1.08,下跌
603696.SH,22.19,15.6,-30.0,True,1.24,下跌
605168.SH,45.6,41.26,-10.0,True,1.63,下跌
000856.SZ,12.71,10.52,-17.0,True,0.64,下跌
002268.SZ,21.12,16.08,-24.0,True,1.1,下跌
603127.SH,42.3,37.3,-12.0,True,0.63,下跌
600108.SH,7.17,4.32,-40.0,True,1.33,下跌
605218.SH,20.8,17.91,-14.0,True,0.81,下跌
002278.SZ,16.5,12.39,-25.0,True,1.32,上涨
603687.SH,20.8,18.56,-11.0,False,1.06,下跌
605108.SH,20.7,17.19,-17.0,True,1.63,上涨
601121.SH,9.28,7.73,-17.0,True,0.96,下跌
600783.SH,27.48,21.68,-21.0,True,1.16,下跌
002703.SZ,26.27,21.34,-19.0,True,1.29,上涨
000570.SZ,6.95,6.8,-2.0,False,0.94,上涨
000919.SZ,9.8,7.47,-24.0,False,0.62,下跌
002982.SZ,16.09,14.36,-11.0,True,2.24,上涨
603061.SH,349.0,246.44,-29.0,False,0.91,上涨
603727.SH,21.79,18.05,-17.0,True,0.71,下跌
603090.SH,99.01,68.85,-30.0,False,0.84,下跌
002609.SZ,11.02,8.31,-25.0,True,1.12,下跌
603810.SH,18.07,15.31,-15.0,True,1.18,下跌
600510.SH,11.5,11.19,-3.0,True,1.71,上涨
002729.SZ,22.63,18.68,-17.0,False,0.95,下跌
000716.SZ,6.58,4.99,-24.0,True,1.02,下跌
603301.SH,103.0,91.77,-11.0,False,0.68,下跌
000409.SZ,12.24,10.17,-17.0,True,1.14,下跌
600838.SH,14.66,9.72,-34.0,True,1.34,下跌
002866.SZ,29.21,25.38,-13.0,False,1.22,下跌
000045.SZ,14.91,11.82,-21.0,True,1.05,下跌
600155.SH,6.97,6.25,-10.0,True,0.86,下跌
603216.SH,58.84,29.61,-50.0,False,0.5,下跌
600882.SH,24.79,20.72,-16.0,True,1.06,上涨
605196.SH,59.59,44.93,-25.0,True,1.12,下跌
600234.SH,25.95,23.55,-9.0,False,1.69,上涨
002767.SZ,25.42,21.28,-16.0,True,0.85,下跌
002777.SZ,21.12,16.32,-23.0,True,1.11,下跌
603124.SH,128.46,124.02,-3.0,True,0.87,上涨
603017.SH,17.95,16.46,-8.0,True,1.49,上涨
002079.SZ,12.3,10.53,-14.0,True,1.23,上涨
002644.SZ,11.02,8.19,-26.0,True,0.78,下跌
603360.SH,38.98,23.51,-40.0,True,1.01,下跌
002957.SZ,51.55,47.03,-9.0,False,0.93,下跌
001360.SZ,30.98,21.04,-32.0,True,0.88,下跌
003035.SZ,11.0,9.18,-17.0,True,1.61,上涨
002670.SZ,17.32,12.6,-27.0,True,1.87,下跌
000722.SZ,19.69,15.63,-21.0,True,1.63,上涨
603276.SH,18.86,17.17,-9.0,True,1.14,上涨
002566.SZ,8.59,7.57,-12.0,True,0.68,下跌
002414.SZ,18.62,14.05,-25.0,True,1.53,上涨
600467.SH,2.83,2.36,-17.0,True,0.85,下跌
605299.SH,23.98,19.82,-17.0,False,0.94,下跌
001279.SZ,36.09,31.34,-13.0,True,1.55,下跌
603219.SH,20.11,17.34,-14.0,True,1.5,上涨
001266.SZ,38.05,32.08,-16.0,True,0.93,下跌
000738.SZ,30.15,21.45,-29.0,True,1.03,下跌
600746.SH,10.82,8.8,-19.0,True,1.04,上涨
000636.SZ,27.5,22.16,-19.0,True,0.84,下跌
002881.SZ,50.2,39.18,-22.0,True,0.9,下跌
600509.SH,10.26,8.33,-19.0,True,1.3,上涨
600721.SH,11.23,8.65,-23.0,True,0.51,下跌
600226.SH,6.58,5.16,-22.0,True,1.05,下跌
000917.SZ,12.68,10.0,-21.0,True,1.06,下跌
002169.SZ,16.65,12.97,-22.0,True,1.38,下跌
002922.SZ,49.38,41.11,-17.0,True,1.02,上涨
000525.SZ,7.5,5.63,-25.0,True,0.62,下跌
002337.SZ,7.1,5.94,-16.0,True,1.15,下跌
002945.SZ,21.22,15.52,-27.0,True,0.87,下跌
600171.SH,35.49,28.22,-20.0,True,1.37,上涨
000007.SZ,14.97,13.68,-9.0,True,0.73,下跌
600460.SH,34.98,27.36,-22.0,True,1.15,上涨
002481.SZ,5.29,4.41,-17.0,True,1.21,下跌
600857.SH,14.86,11.91,-20.0,True,1.09,下跌
603798.SH,18.66,17.78,-5.0,False,0.54,上涨
003031.SZ,133.08,124.78,-6.0,False,0.96,上涨
001223.SZ,63.5,57.51,-9.0,True,0.74,下跌
603045.SH,38.56,36.31,-6.0,False,0.8,下跌
002300.SZ,12.45,10.59,-15.0,True,1.59,上涨
605138.SH,7.74,6.9,-11.0,True,1.09,上涨
000905.SZ,14.68,10.85,-26.0,True,0.7,下跌
000026.SZ,19.14,18.09,-5.0,False,1.19,上涨
002419.SZ,6.07,5.65,-7.0,True,0.95,下跌
600498.SH,61.78,55.01,-11.0,False,1.1,上涨
002727.SZ,14.8,12.68,-14.0,True,0.84,上涨
600416.SH,16.36,12.65,-23.0,True,1.16,上涨
002390.SZ,3.49,3.17,-9.0,True,0.82,下跌
000801.SZ,17.58,14.05,-20.0,True,1.07,下跌
002897.SZ,76.2,66.64,-13.0,True,1.03,下跌
600138.SH,10.22,9.14,-11.0,True,1.0,下跌
600959.SH,4.83,3.95,-18.0,True,0.6,下跌
002188.SZ,7.5,6.32,-16.0,True,0.61,下跌
600353.SH,19.96,17.1,-14.0,True,1.09,上涨
002239.SZ,3.46,2.98,-14.0,True,0.98,下跌
002559.SZ,11.15,10.54,-5.0,True,0.78,下跌
603098.SH,18.66,15.38,-18.0,True,1.15,上涨
002097.SZ,12.75,9.92,-22.0,True,1.14,下跌
002344.SZ,5.25,4.42,-16.0,True,1.03,上涨
000988.SZ,141.41,117.65,-17.0,False,0.89,上涨
002333.SZ,6.5,5.59,-14.0,True,0.91,下跌
002907.SZ,15.8,13.88,-12.0,True,0.74,下跌
600363.SH,72.08,52.83,-27.0,True,0.94,下跌
600137.SH,23.7,22.79,-4.0,True,1.01,上涨
601568.SH,4.89,3.99,-18.0,True,0.84,下跌
600111.SH,63.57,47.16,-26.0,True,0.99,下跌
601099.SH,4.38,3.75,-14.0,True,0.86,下跌
603319.SH,41.41,37.7,-9.0,True,1.39,上涨
605222.SH,34.7,33.27,-4.0,False,1.27,上涨
000159.SZ,8.26,6.7,-19.0,True,1.66,上涨
002192.SZ,88.02,78.44,-11.0,False,0.76,下跌
603836.SH,15.58,13.12,-16.0,True,1.1,下跌
603213.SH,14.5,13.41,-8.0,True,0.69,下跌
001336.SZ,29.22,25.79,-12.0,True,0.87,下跌
000810.SZ,13.13,12.66,-4.0,True,1.69,上涨
001979.SZ,11.1,8.62,-22.0,True,0.66,下跌
001239.SZ,17.38,14.88,-14.0,True,0.81,下跌
605488.SH,48.68,33.26,-32.0,True,0.99,下跌
002376.SZ,8.36,7.16,-14.0,True,1.24,平盘
002842.SZ,48.5,32.31,-33.0,False,1.04,下跌
601608.SH,8.48,6.18,-27.0,True,0.93,下跌
002112.SZ,28.55,20.57,-28.0,True,0.74,下跌
600871.SH,4.42,2.72,-38.0,True,0.78,上涨
000925.SZ,9.55,8.36,-12.0,True,2.01,上涨
000931.SZ,5.51,4.99,-9.0,True,0.8,下跌
603099.SH,46.93,34.62,-26.0,True,0.83,下跌
002008.SZ,103.6,103.6,0.0,False,1.06,上涨
002741.SZ,23.74,20.27,-15.0,True,1.18,上涨
002119.SZ,27.88,20.63,-26.0,True,0.79,下跌
603908.SH,26.0,22.64,-13.0,True,0.95,下跌
002335.SZ,72.82,67.53,-7.0,True,1.47,上涨
002824.SZ,31.83,27.43,-14.0,False,0.66,下跌
002023.SZ,14.75,12.91,-12.0,False,0.98,下跌
600707.SH,9.17,8.53,-7.0,False,1.42,下跌
603980.SH,8.96,6.29,-30.0,True,0.68,上涨
603507.SH,48.04,45.51,-5.0,True,1.03,上涨
000523.SZ,4.41,3.2,-27.0,True,0.9,下跌
600129.SH,18.94,15.96,-16.0,True,0.78,下跌
002918.SZ,17.78,11.43,-36.0,True,0.76,下跌
600419.SH,10.3,9.32,-10.0,True,1.59,下跌
002497.SZ,29.65,27.78,-6.0,True,0.78,下跌
600764.SH,30.26,24.69,-18.0,True,1.17,下跌
603041.SH,13.99,12.83,-8.0,True,0.89,下跌
603790.SH,26.8,23.28,-13.0,True,1.15,上涨
605208.SH,16.62,14.69,-12.0,False,1.31,下跌
600490.SH,12.07,8.69,-28.0,True,1.08,下跌
000035.SZ,8.6,6.95,-19.0,True,0.77,下跌
603992.SH,44.92,34.3,-24.0,True,0.87,上涨
603163.SH,149.85,104.57,-30.0,True,0.93,下跌
002111.SZ,11.45,9.89,-14.0,True,0.84,下跌
002940.SZ,43.08,39.2,-9.0,False,1.06,下跌
002709.SZ,54.0,49.41,-9.0,False,1.11,下跌
601068.SH,7.11,6.32,-11.0,True,0.81,下跌
002522.SZ,6.7,6.08,-9.0,True,0.96,下跌
600744.SH,9.77,8.47,-13.0,True,1.5,上涨
600834.SH,9.15,8.14,-11.0,True,0.95,下跌
603329.SH,11.98,10.2,-15.0,True,1.08,下跌
603757.SH,61.18,52.58,-14.0,False,0.79,下跌
601086.SH,10.55,8.33,-21.0,True,1.54,下跌
000421.SZ,7.73,5.99,-23.0,True,0.67,下跌
600671.SH,23.44,18.85,-20.0,True,0.62,下跌
002838.SZ,30.79,28.35,-8.0,True,0.93,上涨
601226.SH,12.73,9.4,-26.0,True,0.81,下跌
002048.SZ,36.49,28.4,-22.0,True,0.9,上涨
600048.SH,7.29,5.87,-19.0,True,0.62,下跌
600206.SH,27.54,25.95,-6.0,True,1.46,上涨
002830.SZ,35.74,20.98,-41.0,True,1.77,下跌
601133.SH,26.24,23.34,-11.0,False,0.68,下跌
002172.SZ,4.66,3.73,-20.0,True,0.86,下跌
002398.SZ,6.56,4.99,-24.0,True,0.99,下跌
002580.SZ,33.64,26.97,-20.0,False,1.07,下跌
002692.SZ,7.26,6.69,-8.0,False,1.05,下跌
600628.SH,9.34,7.09,-24.0,True,1.03,下跌
601179.SH,20.65,18.02,-13.0,True,0.93,下跌
001389.SZ,172.88,168.38,-3.0,False,1.05,上涨
603893.SH,209.81,176.78,-16.0,True,0.97,下跌
600728.SH,7.33,5.65,-23.0,True,1.13,平盘
605018.SH,12.9,12.56,-3.0,True,0.82,下跌
001358.SZ,31.49,27.63,-12.0,True,1.09,上涨
600684.SH,5.49,4.64,-15.0,True,0.92,下跌
600770.SH,7.29,6.34,-13.0,True,1.07,上涨
002458.SZ,11.36,10.97,-3.0,True,1.34,上涨
600222.SH,7.69,7.06,-8.0,True,0.66,下跌
002363.SZ,10.47,8.23,-21.0,True,0.62,下跌
001215.SZ,48.98,43.4,-11.0,True,1.34,上涨
001382.SZ,26.26,20.41,-22.0,True,0.89,下跌
600637.SH,12.73,9.92,-22.0,True,0.96,下跌
002748.SZ,13.76,12.1,-12.0,True,0.83,下跌
002358.SZ,9.5,7.47,-21.0,True,0.92,下跌
002324.SZ,20.18,16.83,-17.0,True,1.72,下跌
002899.SZ,36.3,32.99,-9.0,True,0.91,下跌
600478.SH,8.55,7.53,-12.0,True,0.93,下跌
605118.SH,47.22,44.09,-7.0,False,1.14,下跌
002536.SZ,41.67,38.11,-9.0,False,1.25,下跌
000062.SZ,33.1,31.22,-6.0,True,1.08,上涨
002328.SZ,13.58,11.24,-17.0,False,0.86,下跌
002728.SZ,14.47,10.3,-29.0,True,0.65,下跌
002044.SZ,7.9,5.26,-33.0,True,0.68,下跌
603262.SH,29.7,26.04,-12.0,True,1.36,上涨
600620.SH,7.3,6.01,-18.0,True,0.94,下跌
001896.SZ,18.85,17.97,-5.0,False,1.1,下跌
002756.SZ,82.88,71.1,-14.0,False,0.89,下跌
600218.SH,11.87,9.48,-20.0,True,0.57,下跌
002242.SZ,11.41,11.41,0.0,True,1.85,上涨
603390.SH,13.87,13.27,-4.0,True,1.36,上涨
601798.SH,10.35,9.05,-13.0,True,0.93,下跌
000560.SZ,3.65,2.9,-21.0,True,0.79,下跌
002552.SZ,22.87,21.51,-6.0,False,0.72,上涨
002685.SZ,8.96,7.93,-11.0,False,0.94,下跌
601399.SH,5.87,4.32,-26.0,True,1.28,上涨
603070.SH,17.98,14.74,-18.0,True,1.07,下跌
600851.SH,9.18,8.31,-9.0,True,0.79,下跌
603072.SH,47.88,35.88,-25.0,True,0.96,下跌
603031.SH,62.26,56.36,-9.0,True,1.2,上涨
002090.SZ,13.16,10.48,-20.0,True,0.99,下跌
603324.SH,28.3,26.91,-5.0,True,1.36,上涨
002912.SZ,34.95,27.38,-22.0,True,1.03,上涨
002802.SZ,17.02,15.42,-9.0,False,1.29,下跌
601222.SH,6.88,6.28,-9.0,True,0.95,上涨
001234.SZ,32.52,32.52,0.0,False,1.52,上涨
601500.SH,4.85,4.27,-12.0,True,1.0,上涨
600790.SH,4.16,3.78,-9.0,True,1.28,上涨
601069.SH,50.5,32.29,-36.0,True,0.82,下跌
600409.SH,9.5,7.35,-23.0,True,1.17,上涨
605060.SH,74.0,62.11,-16.0,False,0.97,上涨
600571.SH,17.06,13.48,-21.0,True,1.11,下跌
002676.SZ,9.14,6.69,-27.0,True,0.83,下跌
600560.SH,17.97,14.3,-20.0,True,0.97,下跌
600477.SH,4.49,3.03,-33.0,True,0.96,下跌
002815.SZ,16.54,15.45,-7.0,True,1.06,下跌
000155.SZ,18.2,16.73,-8.0,False,0.83,下跌
000705.SZ,9.81,8.53,-13.0,True,0.62,下跌
603530.SH,73.93,61.61,-17.0,True,0.89,上涨
603677.SH,18.86,15.36,-19.0,True,0.85,下跌
603505.SH,23.09,17.73,-23.0,True,1.14,下跌
000969.SZ,26.69,21.2,-21.0,True,1.33,下跌
000548.SZ,5.94,5.14,-13.0,True,0.88,下跌
603248.SH,36.5,25.08,-31.0,True,0.85,下跌
002562.SZ,8.02,5.74,-28.0,True,1.06,下跌
603569.SH,8.24,6.37,-23.0,True,1.51,下跌
002225.SZ,7.0,5.74,-18.0,True,0.93,下跌
002985.SZ,46.97,40.22,-14.0,True,1.56,上涨
000949.SZ,8.23,8.13,-1.0,True,1.1,上涨
003001.SZ,21.4,16.31,-24.0,True,0.92,下跌
600339.SH,5.54,3.95,-29.0,True,0.78,上涨
603291.SH,12.97,11.98,-8.0,True,1.03,平盘
603876.SH,28.58,24.5,-14.0,False,1.39,下跌
002017.SZ,25.2,18.95,-25.0,True,0.7,下跌
002937.SZ,33.11,32.03,-3.0,True,0.92,上涨
002643.SZ,18.11,16.78,-7.0,True,1.04,上涨
002627.SZ,10.29,7.17,-30.0,True,1.15,下跌
600626.SH,5.4,3.87,-28.0,True,0.92,下跌
002666.SZ,6.3,5.27,-16.0,True,1.08,下跌
002243.SZ,11.49,9.11,-21.0,True,1.33,上涨
603381.SH,32.22,23.84,-26.0,True,1.17,下跌
600372.SH,16.89,13.13,-22.0,True,0.93,下跌
002156.SZ,59.2,47.24,-20.0,True,1.07,下跌
002247.SZ,3.14,2.71,-14.0,True,1.1,下跌
002763.SZ,8.92,8.27,-7.0,True,1.97,上涨
603617.SH,8.1,7.28,-10.0,True,0.97,下跌
000712.SZ,13.35,10.34,-23.0,True,0.88,下跌
002810.SZ,28.5,26.28,-8.0,True,0.95,上涨
000768.SZ,31.96,24.28,-24.0,True,1.16,下跌
600966.SH,8.98,6.81,-24.0,True,0.9,上涨
605378.SH,24.22,20.05,-17.0,True,0.87,下跌
603019.SH,102.88,91.68,-11.0,True,0.98,下跌
603878.SH,9.78,8.03,-18.0,True,1.16,下跌
001359.SZ,85.44,82.3,-4.0,True,0.83,上涨
001287.SZ,28.18,26.8,-5.0,True,0.68,下跌
002675.SZ,15.48,13.69,-12.0,True,0.73,下跌
603927.SH,20.75,16.73,-19.0,True,1.1,下跌
002108.SZ,6.23,5.96,-4.0,True,1.52,上涨
002916.SZ,309.93,301.3,-3.0,False,0.86,上涨
603290.SH,117.06,106.0,-9.0,True,1.25,上涨
600965.SH,6.66,5.28,-21.0,True,1.05,下跌
601026.SH,23.16,19.09,-18.0,True,1.23,上涨
002185.SZ,16.0,12.47,-22.0,True,1.0,下跌
002745.SZ,11.05,8.88,-20.0,True,1.22,上涨
000401.SZ,5.38,4.69,-13.0,True,0.97,下跌
002368.SZ,26.04,20.32,-22.0,True,0.73,下跌
603806.SH,20.16,18.15,-10.0,True,0.95,上涨
000935.SZ,29.53,28.63,-3.0,True,0.96,上涨
600895.SH,45.76,37.12,-19.0,True,1.0,下跌
600095.SH,11.87,9.34,-21.0,True,1.04,下跌
603650.SH,64.17,55.67,-13.0,True,1.36,上涨
601162.SH,4.32,3.74,-13.0,True,0.8,下跌
001324.SZ,22.1,20.3,-8.0,True,1.17,下跌
002518.SZ,60.2,49.13,-18.0,True,0.96,上涨
002979.SZ,45.4,41.85,-8.0,True,1.37,上涨
002725.SZ,17.98,16.46,-8.0,True,0.99,下跌
603088.SH,14.27,13.56,-5.0,True,0.75,下跌
603335.SH,7.83,6.52,-17.0,False,1.49,下跌
002755.SZ,18.14,15.97,-12.0,True,0.91,上涨
603665.SH,40.78,26.29,-36.0,True,1.08,下跌
002641.SZ,4.63,4.08,-12.0,True,1.12,下跌
600305.SH,8.36,7.46,-11.0,True,1.18,上涨
603297.SH,129.8,118.93,-8.0,True,1.21,上涨
601116.SH,20.2,13.85,-31.0,True,1.28,下跌
002065.SZ,10.54,8.33,-21.0,True,1.04,下跌
002671.SZ,6.11,4.73,-23.0,True,0.82,下跌
002674.SZ,15.35,13.82,-10.0,True,0.94,下跌
603183.SH,4.98,4.72,-5.0,True,1.4,上涨
603115.SH,58.92,58.55,-1.0,False,1.01,上涨
003028.SZ,34.68,28.22,-19.0,True,0.72,平盘
600562.SH,33.18,29.79,-10.0,True,1.19,上涨
002614.SZ,7.98,6.01,-25.0,True,1.03,下跌
603095.SH,22.35,17.52,-22.0,True,1.48,下跌
603005.SH,35.84,31.69,-12.0,True,0.99,上涨
603334.SH,60.99,51.38,-16.0,True,0.78,下跌
000603.SZ,73.59,38.43,-48.0,True,1.15,下跌
605567.SH,12.25,10.5,-14.0,True,1.2,下跌
600128.SH,13.1,10.5,-20.0,True,0.85,下跌
603737.SH,58.37,43.66,-25.0,True,1.6,下跌
000676.SZ,9.97,7.5,-25.0,True,1.19,下跌
603321.SH,8.63,7.21,-16.0,True,1.0,下跌
000576.SZ,11.85,9.47,-20.0,True,0.95,下跌
001229.SZ,41.94,38.22,-9.0,True,1.33,下跌
603686.SH,26.35,18.68,-29.0,True,1.06,下跌
000880.SZ,40.38,31.55,-22.0,True,1.62,上涨
600724.SH,7.45,7.28,-2.0,True,0.92,上涨
002246.SZ,27.8,25.91,-7.0,True,0.97,下跌
002617.SZ,9.99,7.91,-21.0,True,1.01,上涨
002649.SZ,14.63,11.78,-19.0,True,1.12,下跌
603950.SH,69.82,63.81,-9.0,False,0.76,上涨
001260.SZ,26.98,21.38,-21.0,True,1.23,下跌
002371.SZ,528.8,475.0,-10.0,True,1.36,上涨
002526.SZ,4.1,3.37,-18.0,True,0.91,下跌
603097.SH,42.61,32.69,-23.0,True,0.8,下跌
603155.SH,22.16,16.32,-26.0,True,1.48,上涨
600580.SH,48.45,37.88,-22.0,True,0.96,下跌
000757.SZ,5.38,4.68,-13.0,True,0.95,下跌
601778.SH,7.33,7.19,-2.0,False,1.15,上涨
603037.SH,20.48,14.66,-28.0,True,0.79,下跌
600410.SH,34.31,27.52,-20.0,True,0.94,下跌
603130.SH,64.38,48.23,-25.0,True,1.82,上涨
002203.SZ,18.67,17.64,-6.0,False,1.07,下跌
002870.SZ,41.55,36.92,-11.0,True,0.87,下跌
603228.SH,71.43,70.0,-2.0,False,1.35,上涨
603101.SH,10.58,10.31,-3.0,False,1.09,上涨
603637.SH,16.88,16.5,-2.0,False,1.19,上涨
002028.SZ,239.12,223.99,-6.0,True,0.97,上涨
002761.SZ,8.88,8.09,-9.0,True,1.01,下跌
601969.SH,14.35,11.2,-22.0,True,0.73,下跌
603079.SH,22.0,16.59,-25.0,True,1.11,下跌
603332.SH,15.49,14.88,-4.0,True,1.98,上涨
001379.SZ,26.7,21.39,-20.0,True,1.0,下跌
002380.SZ,43.0,33.96,-21.0,True,0.82,下跌
600367.SH,29.0,22.46,-23.0,True,1.13,上涨
600883.SH,9.78,8.0,-18.0,True,0.98,下跌
000731.SZ,8.68,7.18,-17.0,True,1.12,上涨
002420.SZ,9.1,7.68,-16.0,True,0.91,下跌
600301.SH,77.77,54.05,-31.0,True,1.56,上涨
000559.SZ,20.88,17.98,-14.0,True,1.25,上涨
000875.SZ,8.37,6.64,-21.0,True,1.31,下跌
002836.SZ,16.54,12.57,-24.0,True,1.08,下跌
600006.SH,7.37,6.29,-15.0,True,1.18,下跌
600168.SH,5.65,5.02,-11.0,True,1.15,上涨
603920.SH,72.68,58.74,-19.0,False,1.25,上涨
603499.SH,25.6,20.51,-20.0,True,1.33,下跌
601231.SH,49.38,41.3,-16.0,False,0.96,下跌
603678.SH,44.2,34.84,-21.0,True,0.92,下跌
600315.SH,24.11,20.16,-16.0,True,1.16,下跌
600759.SH,9.09,5.28,-42.0,True,0.89,上涨
603311.SH,20.33,18.2,-10.0,False,0.58,下跌
000048.SZ,24.24,14.55,-40.0,True,0.82,下跌
600812.SH,6.07,5.32,-12.0,True,0.67,下跌
600613.SH,6.95,5.77,-17.0,False,0.6,下跌
600776.SH,20.37,16.89,-17.0,True,1.33,上涨
600794.SH,4.2,3.55,-15.0,True,0.82,下跌
605086.SH,47.29,32.01,-32.0,True,1.42,下跌
002476.SZ,7.26,5.83,-20.0,True,1.04,下跌
600392.SH,33.68,24.96,-26.0,True,1.14,下跌
000034.SZ,41.97,36.69,-13.0,True,0.94,下跌
002999.SZ,8.23,6.96,-15.0,True,1.02,下跌
603106.SH,11.19,8.78,-22.0,True,0.92,下跌
600183.SH,78.5,74.95,-5.0,False,1.05,上涨
003010.SZ,40.2,31.01,-23.0,True,0.64,下跌
600819.SH,9.0,7.08,-21.0,True,0.95,下跌
600845.SH,24.63,23.27,-6.0,True,1.23,上涨
601100.SH,125.98,100.22,-20.0,True,1.31,下跌
600584.SH,54.63,44.41,-19.0,True,1.02,下跌
603081.SH,14.87,11.83,-20.0,True,1.14,下跌
003037.SZ,8.1,7.05,-13.0,True,1.05,下跌
002787.SZ,19.44,19.44,0.0,False,0.86,上涨
000539.SZ,8.14,7.15,-12.0,True,1.84,上涨
000688.SZ,48.39,40.97,-15.0,False,0.99,下跌
600830.SH,10.0,8.7,-13.0,True,0.94,下跌
601007.SH,9.08,8.47,-7.0,True,1.36,上涨
600650.SH,17.1,12.79,-25.0,True,1.01,下跌
603662.SH,73.3,56.03,-24.0,True,1.04,下跌
603172.SH,31.13,20.75,-33.0,True,1.21,下跌
603787.SH,17.11,12.05,-30.0,True,1.08,下跌
002498.SZ,10.95,9.09,-17.0,True,0.97,下跌
600858.SH,7.65,5.54,-28.0,True,1.09,下跌
603203.SH,48.5,45.28,-7.0,False,1.19,下跌
002487.SZ,92.5,85.25,-8.0,False,0.85,下跌
000426.SZ,74.8,41.1,-45.0,True,1.19,下跌
000803.SZ,11.27,7.83,-31.0,True,1.22,下跌
605003.SH,37.66,27.32,-27.0,True,1.39,下跌
002463.SZ,109.26,106.62,-2.0,False,0.92,上涨
600237.SH,11.15,9.2,-17.0,True,0.75,下跌
603888.SH,27.23,20.42,-25.0,True,0.94,下跌
001356.SZ,13.45,10.81,-20.0,True,1.15,下跌
002161.SZ,9.36,7.31,-22.0,True,1.32,上涨
603067.SH,48.35,37.66,-22.0,False,0.98,上涨
601155.SH,18.35,14.31,-22.0,True,0.69,下跌
000937.SZ,6.11,5.68,-7.0,True,1.27,上涨
600967.SH,18.69,14.61,-22.0,True,0.85,下跌
603708.SH,14.16,10.9,-23.0,True,1.19,下跌
605123.SH,130.9,103.14,-21.0,True,1.06,下跌
600276.SH,60.88,56.4,-7.0,True,0.98,上涨
600487.SH,70.3,69.52,-1.0,False,1.14,上涨
605198.SH,49.95,47.09,-6.0,False,0.88,上涨
601126.SH,57.8,52.28,-10.0,False,1.18,上涨
603267.SH,68.58,52.28,-24.0,True,0.96,下跌
002334.SZ,10.44,7.96,-24.0,False,0.78,下跌
605089.SH,33.37,27.28,-18.0,True,0.99,上涨
605365.SH,33.46,32.0,-4.0,False,1.34,上涨
600354.SH,8.34,6.16,-26.0,True,0.89,下跌
603829.SH,31.0,27.81,-10.0,True,1.08,下跌
605133.SH,37.5,32.72,-13.0,True,0.96,上涨
002402.SZ,40.49,31.49,-22.0,True,1.12,下跌
002523.SZ,4.69,4.03,-14.0,True,1.04,下跌
002998.SZ,9.54,9.3,-3.0,True,0.59,下跌
603376.SH,40.27,32.75,-19.0,True,0.98,下跌
605258.SH,38.4,36.96,-4.0,True,0.93,下跌
000800.SZ,7.21,7.08,-2.0,True,0.65,上涨
600577.SH,16.02,12.97,-19.0,True,0.88,下跌
000530.SZ,7.48,5.96,-20.0,True,1.15,下跌
002706.SZ,13.31,10.6,-20.0,True,0.93,下跌
002410.SZ,15.08,11.71,-22.0,True,1.21,上涨
002050.SZ,59.27,45.16,-24.0,True,1.08,下跌
002988.SZ,42.46,33.99,-20.0,True,0.68,下跌
000938.SZ,31.81,31.2,-2.0,True,1.4,上涨
002826.SZ,23.19,20.54,-11.0,True,0.81,下跌
600452.SH,16.8,12.05,-28.0,True,0.95,上涨
600482.SH,43.35,42.26,-3.0,False,1.02,上涨
601618.SH,3.46,2.94,-15.0,True,0.97,下跌
601678.SH,5.95,5.16,-13.0,True,1.1,上涨
603125.SH,20.91,18.6,-11.0,True,1.27,上涨
000869.SZ,21.98,19.04,-13.0,True,0.9,下跌
002399.SZ,12.56,10.98,-13.0,True,0.75,下跌
600116.SH,7.3,6.7,-8.0,True,1.09,上涨
600429.SH,6.34,5.65,-11.0,True,0.85,下跌
000630.SZ,9.19,6.3,-31.0,True,0.93,下跌
002015.SZ,22.99,20.68,-10.0,True,1.14,上涨
002440.SZ,16.45,11.66,-29.0,True,0.7,下跌
002051.SZ,12.68,10.81,-15.0,False,0.74,下跌
603137.SH,14.88,13.07,-12.0,True,1.08,下跌
603999.SH,8.89,6.64,-25.0,True,1.17,下跌
603511.SH,18.01,14.21,-21.0,True,0.87,下跌
603926.SH,28.2,19.4,-31.0,True,1.43,下跌
002696.SZ,7.94,6.74,-15.0,True,1.07,下跌
002166.SZ,9.97,8.8,-12.0,True,1.11,下跌
002516.SZ,7.32,5.77,-21.0,True,1.07,下跌
603739.SH,17.13,14.8,-14.0,True,0.85,下跌
603860.SH,33.76,31.45,-7.0,True,0.9,下跌
605056.SH,30.65,25.94,-15.0,False,0.99,下跌
000099.SZ,21.75,17.96,-17.0,True,0.72,下跌
000911.SZ,8.77,5.81,-34.0,False,1.66,下跌
002913.SZ,54.5,50.86,-7.0,True,0.76,下跌
603931.SH,36.97,32.01,-13.0,True,1.88,上涨
600186.SH,9.45,9.45,0.0,False,1.21,上涨
000025.SZ,19.99,15.71,-21.0,True,1.3,下跌
600789.SH,10.77,8.19,-24.0,True,0.6,下跌
603006.SH,14.68,12.73,-13.0,True,0.9,下跌
002827.SZ,37.98,31.8,-16.0,True,0.85,下跌
603269.SH,19.24,15.21,-21.0,False,0.78,下跌
603638.SH,25.85,22.28,-14.0,True,1.61,上涨
002080.SZ,55.3,53.12,-4.0,True,0.98,上涨
002981.SZ,31.18,24.0,-23.0,True,0.8,下跌
603057.SH,35.99,27.05,-25.0,True,1.32,下跌
000506.SZ,28.52,16.48,-42.0,True,0.76,下跌
603229.SH,10.81,9.92,-8.0,True,0.66,下跌
603280.SH,42.95,33.97,-21.0,True,0.83,下跌
605189.SH,19.08,17.77,-7.0,False,0.56,下跌
002560.SZ,16.48,14.27,-13.0,False,1.05,下跌
603040.SH,124.58,82.3,-34.0,True,0.86,下跌
000573.SZ,5.03,4.8,-5.0,True,0.76,平盘
002093.SZ,11.89,9.74,-18.0,True,1.3,下跌
603305.SH,21.75,14.92,-31.0,True,1.39,下跌
001388.SZ,48.38,38.41,-21.0,True,1.04,下跌
000798.SZ,12.88,9.86,-23.0,True,1.41,下跌
600444.SH,20.01,17.78,-11.0,True,0.72,下跌
603929.SH,215.65,185.4,-14.0,True,0.86,上涨
002537.SZ,9.76,7.71,-21.0,True,0.69,下跌
601218.SH,8.21,6.29,-23.0,True,1.05,下跌
601368.SH,5.68,4.77,-16.0,True,0.91,平盘
603285.SH,43.44,41.88,-4.0,True,1.07,上涨
000021.SZ,35.97,28.73,-20.0,True,0.93,下跌
002409.SZ,100.3,89.13,-11.0,True,1.18,上涨
600338.SH,22.94,20.52,-11.0,False,0.91,下跌
000096.SZ,13.27,9.79,-26.0,True,1.01,上涨
002353.SZ,134.38,130.39,-3.0,False,0.89,上涨
002732.SZ,18.16,15.97,-12.0,True,0.85,下跌
600833.SH,13.98,11.43,-18.0,True,0.66,下跌
001268.SZ,39.39,37.71,-4.0,True,2.07,上涨
002600.SZ,16.05,14.55,-9.0,True,1.3,下跌
002053.SZ,14.3,11.99,-16.0,True,1.43,上涨
002987.SZ,20.47,16.35,-20.0,True,0.87,下跌
003015.SZ,17.87,15.68,-12.0,True,0.74,下跌
002052.SZ,13.19,10.06,-24.0,True,1.12,下跌
002806.SZ,17.37,14.14,-19.0,True,0.8,下跌
600032.SH,14.1,12.04,-15.0,False,1.52,上涨
603060.SH,7.13,6.63,-7.0,True,1.85,上涨
603370.SH,57.83,43.91,-24.0,True,0.88,下跌
000514.SZ,5.35,4.72,-12.0,True,0.72,下跌
002006.SZ,23.75,17.65,-26.0,True,1.1,下跌
002126.SZ,55.83,48.12,-14.0,True,0.81,下跌
002416.SZ,14.5,13.55,-7.0,True,1.19,下跌
603949.SH,24.32,17.7,-27.0,True,0.7,下跌
002486.SZ,3.31,2.76,-17.0,True,0.99,下跌
600549.SH,81.56,62.65,-23.0,True,0.98,下跌
603331.SH,21.78,14.88,-32.0,True,1.12,下跌
002049.SZ,89.11,71.36,-20.0,True,1.28,下跌
002228.SZ,4.77,3.8,-20.0,True,2.0,下跌
600497.SH,11.93,9.11,-24.0,True,1.28,下跌
600682.SH,7.73,6.9,-11.0,True,0.76,下跌
603400.SH,75.72,66.06,-13.0,True,1.18,下跌
001337.SZ,73.55,47.55,-35.0,True,0.96,下跌
603257.SH,73.68,56.55,-23.0,True,0.99,下跌
600038.SH,39.3,33.71,-14.0,True,0.99,下跌
603186.SH,88.15,69.8,-21.0,True,1.16,下跌
600981.SH,3.55,2.88,-19.0,True,1.13,下跌
603900.SH,11.39,7.44,-35.0,True,0.93,下跌
001282.SZ,26.24,22.12,-16.0,True,1.07,上涨
002139.SZ,14.49,12.1,-16.0,True,1.18,下跌
605500.SH,9.71,9.1,-6.0,True,1.04,下跌
001376.SZ,25.22,15.87,-37.0,True,0.92,下跌
600765.SH,22.04,16.48,-25.0,True,0.94,下跌
000795.SZ,11.21,9.18,-18.0,True,0.75,下跌
601136.SH,19.03,16.23,-15.0,True,0.87,下跌
603221.SH,13.99,11.41,-18.0,True,1.1,上涨
600736.SH,8.37,8.37,0.0,True,2.15,上涨
601010.SH,2.82,2.34,-17.0,True,0.56,下跌
000833.SZ,30.31,24.97,-18.0,False,0.89,下跌
001378.SZ,26.8,25.05,-7.0,True,0.78,下跌
002396.SZ,33.1,27.02,-18.0,True,1.41,下跌
603087.SH,73.8,59.48,-19.0,True,1.47,下跌
600366.SH,16.2,12.87,-21.0,True,1.1,上涨
600829.SH,13.16,9.67,-27.0,True,0.53,下跌
605228.SH,16.36,14.78,-10.0,True,0.51,下跌
002863.SZ,6.26,5.43,-13.0,True,1.06,下跌
603158.SH,13.99,13.1,-6.0,True,0.84,下跌
603179.SH,100.88,62.01,-39.0,True,0.96,下跌
002370.SZ,8.22,6.84,-17.0,True,0.71,下跌
601999.SH,8.75,7.49,-14.0,True,0.56,下跌
002484.SZ,36.37,34.59,-5.0,False,0.7,下跌
600508.SH,15.41,13.38,-13.0,True,1.15,上涨
600685.SH,38.55,32.24,-16.0,True,1.2,上涨
000977.SZ,75.44,73.83,-2.0,False,0.99,上涨
000037.SZ,13.19,11.58,-12.0,True,1.47,上涨
002107.SZ,8.47,7.54,-11.0,False,0.6,下跌
603320.SH,26.48,23.4,-12.0,True,0.83,下跌
605117.SH,153.56,148.8,-3.0,True,0.64,上涨
601375.SH,4.53,4.01,-11.0,True,0.9,下跌
605011.SH,22.44,20.53,-9.0,True,1.66,上涨
002145.SZ,5.79,4.65,-20.0,True,1.04,下跌
600570.SH,32.96,26.46,-20.0,True,0.93,下跌
600760.SH,61.59,49.33,-20.0,True,0.84,下跌
603150.SH,65.97,60.1,-9.0,False,1.07,上涨
002063.SZ,7.66,6.45,-16.0,True,1.03,下跌
600176.SH,34.5,33.52,-3.0,False,0.92,上涨
600768.SH,19.58,16.6,-15.0,True,0.81,下跌
603897.SH,54.25,51.84,-4.0,False,0.8,上涨
605580.SH,27.47,22.33,-19.0,True,0.75,下跌
000541.SZ,6.53,5.64,-14.0,True,1.19,下跌
603859.SH,51.99,41.15,-21.0,True,1.14,上涨
603861.SH,22.63,17.23,-24.0,True,1.1,上涨
003027.SZ,27.67,24.15,-13.0,False,2.1,上涨
600251.SH,12.17,11.9,-2.0,True,1.6,上涨
000061.SZ,10.25,7.52,-27.0,True,1.01,上涨
002381.SZ,7.45,6.39,-14.0,True,0.83,下跌
603120.SH,50.38,37.52,-26.0,True,1.08,下跌
603823.SH,20.18,16.2,-20.0,True,1.07,上涨
600456.SH,45.4,35.2,-22.0,True,1.55,下跌
603022.SH,11.89,10.38,-13.0,True,0.93,下跌
605286.SH,55.87,44.04,-21.0,False,0.71,下跌
002983.SZ,27.97,23.8,-15.0,True,1.29,下跌
601096.SH,7.36,5.58,-24.0,True,0.88,下跌
603385.SH,7.57,6.39,-16.0,True,0.69,下跌
603983.SH,34.1,24.82,-27.0,True,1.1,下跌
605128.SH,42.08,33.82,-20.0,True,1.07,下跌
605111.SH,50.88,38.08,-25.0,True,1.37,下跌
002312.SZ,14.15,11.43,-19.0,True,1.12,下跌
603358.SH,55.66,36.34,-35.0,True,0.69,下跌
002150.SZ,39.51,30.32,-23.0,False,0.73,上涨
002167.SZ,16.6,12.86,-23.0,True,1.12,下跌
002570.SZ,6.42,4.93,-23.0,True,1.18,下跌
600059.SH,10.89,9.0,-17.0,True,1.34,上涨
603628.SH,17.47,13.44,-23.0,True,1.15,上涨
002753.SZ,8.32,7.26,-13.0,True,0.86,上涨
603928.SH,17.61,15.75,-11.0,True,1.16,上涨
001335.SZ,58.68,45.04,-23.0,True,1.48,上涨
002429.SZ,13.1,13.1,0.0,True,1.67,上涨
603096.SH,20.78,17.74,-15.0,True,1.29,上涨
603366.SH,11.13,8.4,-25.0,True,0.78,下跌
600917.SH,6.43,5.28,-18.0,True,0.97,平盘
603063.SH,42.97,41.79,-3.0,False,0.73,上涨
002125.SZ,15.75,13.92,-12.0,True,0.79,下跌
603205.SH,29.38,25.46,-13.0,True,0.87,下跌
603270.SH,28.66,26.04,-9.0,True,0.94,下跌
001202.SZ,24.38,16.5,-32.0,True,1.01,下跌
603039.SH,74.51,46.91,-37.0,True,1.69,上涨
000777.SZ,27.96,22.08,-21.0,True,1.21,下跌
601888.SH,98.72,66.28,-33.0,True,0.86,下跌
000922.SZ,16.55,14.1,-15.0,True,0.89,下跌
002202.SZ,33.3,25.7,-23.0,True,0.84,下跌
600080.SH,9.3,7.93,-15.0,True,0.6,下跌
603160.SH,86.24,70.74,-18.0,True,1.11,上涨
603758.SH,16.28,12.55,-23.0,True,0.82,下跌
001221.SZ,78.08,63.8,-18.0,True,0.74,上涨
001231.SZ,27.4,23.34,-15.0,True,0.62,下跌
002593.SZ,6.18,5.08,-18.0,True,0.9,下跌
002938.SZ,78.66,75.42,-4.0,False,1.18,上涨
603058.SH,14.27,12.03,-16.0,True,0.85,下跌
603607.SH,26.42,23.49,-11.0,True,1.18,下跌
600635.SH,7.38,5.47,-26.0,True,1.35,上涨
600649.SH,5.78,4.24,-27.0,True,0.76,下跌
001256.SZ,28.55,23.48,-18.0,True,0.65,下跌
002250.SZ,19.36,16.32,-16.0,True,0.78,下跌
605369.SH,19.98,17.71,-11.0,True,0.83,下跌
002782.SZ,28.78,21.86,-24.0,True,1.2,下跌
601689.SH,85.5,57.97,-32.0,True,1.04,下跌
603585.SH,27.44,21.29,-22.0,False,0.92,下跌
000823.SZ,16.8,15.97,-5.0,True,0.9,下跌
002110.SZ,4.79,3.55,-26.0,True,1.1,下跌
002576.SZ,20.4,18.67,-8.0,True,0.92,下跌
600573.SH,13.23,12.86,-3.0,True,1.05,上涨
605167.SH,20.15,17.65,-12.0,False,0.74,下跌
001228.SZ,35.18,33.62,-4.0,True,0.71,下跌
002062.SZ,10.99,9.23,-16.0,True,1.23,上涨
600143.SH,22.01,16.86,-23.0,True,1.14,下跌
600979.SH,5.99,5.39,-10.0,True,2.24,上涨
002085.SZ,16.97,14.36,-15.0,True,0.86,下跌
600875.SH,45.38,43.82,-3.0,False,0.91,上涨
603109.SH,28.83,23.79,-17.0,True,0.81,下跌
605005.SH,21.78,20.67,-5.0,True,0.7,下跌
001396.SZ,61.44,45.66,-26.0,True,1.21,下跌
002237.SZ,23.56,17.13,-27.0,True,1.3,上涨
603915.SH,19.4,15.39,-21.0,True,1.01,上涨
600299.SH,16.48,14.09,-15.0,False,0.78,上涨
600916.SH,14.85,8.93,-40.0,True,0.93,下跌
605277.SH,26.75,24.0,-10.0,True,0.96,下跌
600114.SH,37.22,32.86,-12.0,True,1.27,上涨
600547.SH,65.55,35.84,-45.0,True,1.14,下跌
603350.SH,40.67,35.25,-13.0,True,0.76,下跌
603916.SH,14.31,10.96,-23.0,True,1.53,下跌
603352.SH,51.41,37.75,-27.0,True,0.84,下跌
002462.SZ,18.04,13.94,-23.0,True,0.79,下跌
600195.SH,9.03,7.7,-15.0,True,0.6,下跌
002597.SZ,29.23,22.86,-22.0,True,0.9,上涨
603383.SH,38.86,33.41,-14.0,True,1.08,上涨
603877.SH,17.29,14.5,-16.0,True,1.02,下跌
003023.SZ,33.32,31.06,-7.0,False,1.74,下跌
601579.SH,23.06,19.31,-16.0,True,0.83,上涨
603997.SH,15.95,12.74,-20.0,True,0.71,下跌
000878.SZ,29.47,19.35,-34.0,True,0.81,下跌
002774.SZ,12.34,11.51,-7.0,True,2.31,上涨
003003.SZ,15.36,12.91,-16.0,True,1.0,下跌
600150.SH,39.45,38.6,-2.0,True,1.61,上涨
000661.SZ,106.0,85.62,-19.0,True,1.26,下跌
002558.SZ,51.8,31.88,-38.0,True,0.58,下跌
000876.SZ,9.2,8.68,-6.0,True,0.76,下跌
002117.SZ,12.11,10.25,-15.0,True,1.06,上涨
603275.SH,52.14,46.18,-11.0,True,0.84,下跌
603610.SH,20.92,15.37,-27.0,True,0.82,下跌
603809.SH,14.25,10.83,-24.0,True,0.94,下跌
603977.SH,17.56,14.84,-15.0,True,0.96,下跌
000989.SZ,10.1,9.87,-2.0,True,1.25,上涨
002019.SZ,14.73,11.75,-20.0,True,0.75,下跌
002385.SZ,4.76,3.9,-18.0,True,0.9,下跌
002817.SZ,8.62,7.61,-12.0,True,1.01,下跌
600223.SH,7.72,6.68,-13.0,True,1.01,下跌
600436.SH,175.6,142.43,-19.0,True,1.34,下跌
002700.SZ,8.18,6.61,-19.0,True,0.95,下跌
002765.SZ,13.28,10.15,-24.0,True,1.13,下跌
002821.SZ,129.8,112.01,-14.0,True,0.68,下跌
600320.SH,5.65,5.1,-10.0,True,1.03,下跌
002972.SZ,13.66,12.95,-5.0,True,1.73,下跌
000501.SZ,11.02,8.26,-25.0,True,1.17,下跌
603577.SH,12.25,11.1,-9.0,True,0.78,下跌
002304.SZ,64.58,50.03,-23.0,True,1.12,上涨
600106.SH,6.65,6.11,-8.0,True,0.96,下跌
600455.SH,29.97,25.27,-16.0,True,0.82,下跌
603266.SH,23.33,20.4,-13.0,True,1.41,上涨
002406.SZ,8.68,7.66,-12.0,True,1.0,下跌
002688.SZ,7.0,5.74,-18.0,True,0.63,下跌
600166.SH,3.86,3.74,-3.0,True,0.89,上涨
001311.SZ,46.97,29.65,-37.0,True,1.25,下跌
603382.SH,32.36,26.9,-17.0,True,1.01,下跌
603885.SH,15.97,12.16,-24.0,True,0.88,下跌
002075.SZ,6.49,4.61,-29.0,True,1.06,下跌
603012.SH,9.13,9.01,-1.0,True,1.07,上涨
002534.SZ,21.32,18.71,-12.0,True,0.8,上涨
002956.SZ,29.6,27.95,-6.0,True,0.78,上涨
600182.SH,15.68,14.65,-7.0,True,0.98,平盘
600763.SH,52.22,42.65,-18.0,True,1.23,上涨
000737.SZ,21.5,13.84,-36.0,True,0.91,下跌
001283.SZ,74.5,73.13,-2.0,True,0.9,上涨
002443.SZ,11.37,11.14,-2.0,False,1.39,上涨
600667.SH,12.12,9.9,-18.0,True,0.87,下跌
603036.SH,22.18,17.52,-21.0,True,0.7,下跌
603711.SH,13.9,12.38,-11.0,True,0.88,下跌
002658.SZ,11.8,8.88,-25.0,True,1.62,上涨
605058.SH,38.81,37.04,-5.0,True,0.89,下跌
002340.SZ,10.18,8.32,-18.0,True,1.02,下跌
603082.SH,41.18,36.5,-11.0,True,0.63,下跌
002953.SZ,13.59,12.05,-11.0,True,0.79,下跌
603989.SH,20.75,19.46,-6.0,True,0.93,上涨
001299.SZ,19.1,15.28,-20.0,False,0.65,上涨
601008.SH,6.24,4.81,-23.0,True,1.07,下跌
000756.SZ,17.2,14.36,-17.0,True,0.8,下跌
002273.SZ,34.99,33.48,-4.0,True,1.15,上涨
600686.SH,22.2,17.24,-22.0,True,1.05,上涨
603583.SH,40.2,32.98,-18.0,True,1.2,下跌
002511.SZ,9.25,8.85,-4.0,True,0.9,上涨
600097.SH,12.88,10.76,-16.0,True,1.01,下跌
002152.SZ,13.98,12.09,-14.0,True,0.9,下跌
002179.SZ,38.06,35.85,-6.0,True,0.77,下跌
600980.SH,27.05,22.59,-16.0,True,0.98,下跌
603341.SH,50.16,37.49,-25.0,True,1.14,下跌
605162.SH,15.48,13.06,-16.0,False,1.02,下跌
001369.SZ,20.55,15.77,-23.0,True,0.86,下跌
002270.SZ,38.01,28.0,-26.0,True,1.18,上涨
603609.SH,7.62,6.85,-10.0,True,0.88,下跌
002942.SZ,23.77,19.16,-19.0,True,1.32,下跌
000408.SZ,97.28,87.29,-10.0,True,0.93,上涨
600930.SH,7.88,6.39,-19.0,True,1.69,上涨
603409.SH,44.47,42.02,-6.0,True,0.62,下跌
002054.SZ,12.09,8.14,-33.0,True,0.66,下跌
600623.SH,12.26,9.83,-20.0,True,0.99,下跌
603730.SH,11.69,10.06,-14.0,True,0.92,上涨
002632.SZ,14.48,11.13,-23.0,True,1.35,下跌
002947.SZ,80.27,78.6,-2.0,False,1.04,上涨
002996.SZ,9.16,7.21,-21.0,True,0.96,下跌
601138.SH,69.1,67.92,-2.0,False,1.17,上涨
603373.SH,47.46,39.01,-18.0,True,0.85,下跌
605169.SH,16.0,12.6,-21.0,True,1.37,上涨
603004.SH,26.06,21.36,-18.0,True,0.82,下跌
603289.SH,12.97,11.79,-9.0,True,1.31,下跌
601865.SH,18.3,14.54,-21.0,True,0.91,下跌
601968.SH,6.33,5.29,-16.0,True,1.71,上涨
600449.SH,14.08,12.83,-9.0,True,1.0,上涨
605066.SH,9.17,7.56,-18.0,True,1.03,下跌
000417.SZ,9.49,6.39,-33.0,True,1.0,下跌
000811.SZ,22.97,22.43,-2.0,True,1.69,上涨
001288.SZ,40.99,27.7,-32.0,True,0.59,下跌
002283.SZ,11.68,11.18,-4.0,True,0.85,上涨
002683.SZ,53.6,40.2,-25.0,True,0.89,下跌
002016.SZ,6.61,5.43,-18.0,True,1.13,下跌
002602.SZ,20.54,16.54,-19.0,True,0.67,下跌
002637.SZ,17.16,12.32,-28.0,True,1.58,上涨
603755.SH,39.7,28.08,-29.0,True,1.12,下跌
002171.SZ,15.09,11.82,-22.0,True,1.02,下跌
600522.SH,35.04,34.07,-3.0,False,1.42,上涨
600918.SH,6.62,6.0,-9.0,True,0.95,下跌
601890.SH,14.32,10.99,-23.0,True,1.45,上涨
002434.SZ,11.31,7.2,-36.0,True,1.64,下跌
002901.SZ,53.21,43.86,-18.0,True,0.88,下跌
601666.SH,9.3,8.07,-13.0,True,1.18,上涨
603092.SH,79.79,74.8,-6.0,True,1.51,上涨
002960.SZ,12.63,12.12,-4.0,True,1.37,上涨
003041.SZ,69.85,62.22,-11.0,False,1.56,上涨
603288.SH,42.45,39.58,-7.0,True,1.07,下跌
002889.SZ,15.6,13.38,-14.0,True,0.91,下跌
002967.SZ,26.66,21.7,-19.0,True,1.2,下跌
600268.SH,17.44,15.67,-10.0,True,0.97,下跌
600927.SH,16.96,14.53,-14.0,True,0.95,上涨
601699.SH,15.65,14.38,-8.0,True,1.15,上涨
002422.SZ,36.9,33.2,-10.0,True,0.69,下跌
002965.SZ,41.2,30.0,-27.0,True,1.02,下跌
601599.SH,5.64,3.75,-34.0,True,1.06,下跌
001318.SZ,16.23,13.51,-17.0,True,1.36,下跌
002332.SZ,9.55,8.96,-6.0,True,0.64,上涨
002601.SZ,23.79,17.53,-26.0,True,1.16,下跌
002647.SZ,13.4,12.62,-6.0,False,1.49,上涨
600576.SH,7.02,5.88,-16.0,True,0.81,下跌
601858.SH,25.94,23.84,-8.0,True,1.44,上涨
603014.SH,42.3,37.14,-12.0,True,0.92,下跌
603693.SH,20.37,16.43,-19.0,True,1.75,上涨
002893.SZ,13.37,10.78,-19.0,True,1.1,上涨
003039.SZ,18.54,15.28,-18.0,True,1.44,上涨
600663.SH,8.68,7.59,-13.0,True,1.11,下跌
601956.SH,7.68,6.01,-22.0,True,1.16,下跌
603215.SH,21.45,19.6,-9.0,True,1.28,上涨
600382.SH,10.33,8.81,-15.0,False,0.98,下跌
603606.SH,70.22,65.91,-6.0,True,1.63,上涨
603659.SH,37.51,34.38,-8.0,True,0.98,下跌
600131.SH,24.13,18.5,-23.0,True,1.1,下跌
001368.SZ,33.71,28.4,-16.0,False,0.85,下跌
002221.SZ,10.14,8.25,-19.0,True,1.13,上涨
002797.SZ,8.15,7.79,-4.0,True,0.83,下跌
603193.SH,26.7,26.04,-2.0,True,1.12,上涨
603416.SH,67.7,51.65,-24.0,True,0.81,下跌
603909.SH,14.1,11.74,-17.0,False,0.87,下跌
000750.SZ,4.37,3.83,-12.0,True,0.89,下跌
600063.SH,8.15,6.89,-15.0,True,0.86,下跌
601789.SH,8.0,5.72,-29.0,True,1.2,上涨
603192.SH,28.68,23.53,-18.0,True,1.0,下跌
605007.SH,17.98,16.05,-11.0,True,1.28,上涨
002245.SZ,21.38,21.16,-1.0,True,0.92,上涨
002259.SZ,6.41,5.7,-11.0,False,1.22,下跌
600085.SH,32.49,27.69,-15.0,True,1.06,下跌
600905.SH,4.67,4.15,-11.0,True,1.35,上涨
000529.SZ,6.31,5.53,-12.0,True,0.93,下跌
600373.SH,10.48,8.21,-22.0,True,1.08,下跌
002871.SZ,22.7,18.08,-20.0,False,0.71,下跌
601696.SH,14.58,12.25,-16.0,True,0.76,下跌
603237.SH,17.75,17.53,-1.0,True,1.32,上涨
002155.SZ,43.67,29.89,-32.0,True,1.02,下跌
605268.SH,18.55,13.06,-30.0,True,1.21,上涨
001213.SZ,4.35,4.02,-8.0,True,0.79,平盘
600054.SH,14.76,12.17,-18.0,True,0.64,下跌
002130.SZ,34.28,26.06,-24.0,True,0.87,下跌
002442.SZ,6.93,5.79,-16.0,True,0.92,上涨
603310.SH,18.04,16.14,-11.0,True,0.9,下跌
603867.SH,39.6,33.42,-16.0,True,1.01,下跌
001325.SZ,66.37,65.59,-1.0,True,0.88,上涨
002521.SZ,9.08,8.59,-5.0,True,0.69,下跌
002556.SZ,7.29,6.29,-14.0,True,0.77,下跌
600056.SH,11.59,10.43,-10.0,True,0.65,下跌
600754.SH,29.47,26.51,-10.0,True,1.01,下跌
605589.SH,39.27,38.52,-2.0,True,1.02,上涨
002606.SZ,14.77,13.34,-10.0,False,0.81,上涨
002811.SZ,17.98,13.14,-27.0,True,1.2,下跌
003002.SZ,33.49,28.81,-14.0,True,1.13,上涨
600197.SH,14.77,12.01,-19.0,True,1.26,上涨
600839.SH,11.26,9.28,-18.0,True,0.84,下跌
603050.SH,25.66,19.42,-24.0,True,0.99,下跌
001277.SZ,50.0,35.24,-30.0,True,0.89,下跌
603848.SH,21.38,15.34,-28.0,True,1.15,下跌
002850.SZ,215.99,205.87,-5.0,True,0.99,上涨
001328.SZ,44.35,34.09,-23.0,True,1.57,上涨
002057.SZ,11.85,9.65,-19.0,True,0.94,下跌
002879.SZ,24.91,21.46,-14.0,True,1.25,下跌
600699.SH,31.75,29.51,-7.0,True,1.9,上涨
603406.SH,41.65,34.22,-18.0,True,1.17,下跌
001316.SZ,63.63,50.19,-21.0,True,1.04,下跌
002590.SZ,16.25,12.43,-24.0,True,1.07,下跌
603161.SH,17.12,14.42,-16.0,True,1.33,下跌
600278.SH,9.23,7.21,-22.0,True,0.91,下跌
603029.SH,21.6,18.43,-15.0,True,0.78,下跌
603868.SH,39.8,33.0,-17.0,True,1.2,上涨
002106.SZ,12.93,10.53,-19.0,True,1.23,下跌
600595.SH,10.83,8.32,-23.0,True,1.23,下跌
603091.SH,88.88,82.09,-8.0,True,0.64,上涨
000927.SZ,3.43,2.93,-15.0,True,0.55,上涨
002949.SZ,17.24,14.12,-18.0,True,1.34,下跌
603566.SH,14.37,12.44,-13.0,True,0.84,下跌
603619.SH,48.18,33.39,-31.0,True,0.89,上涨
002010.SZ,7.39,5.79,-22.0,True,0.93,下跌
002595.SZ,101.5,90.86,-10.0,True,1.16,上涨
003019.SZ,36.66,36.05,-2.0,True,0.88,上涨
601236.SH,8.32,7.68,-8.0,True,0.84,下跌
000959.SZ,5.85,4.45,-24.0,True,0.58,下跌
002891.SZ,53.03,42.53,-20.0,True,1.05,上涨
600785.SH,27.76,17.22,-38.0,True,0.88,下跌
603281.SH,38.13,33.3,-13.0,True,1.32,下跌
000063.SZ,40.74,36.85,-10.0,True,1.41,上涨
000156.SZ,10.01,7.53,-25.0,True,0.96,下跌
002448.SZ,17.97,17.52,-3.0,True,1.65,上涨
002557.SZ,25.99,22.9,-12.0,True,2.17,下跌
002611.SZ,19.98,17.69,-11.0,True,1.1,下跌
600475.SH,23.8,17.71,-26.0,True,0.85,下跌
002687.SZ,5.39,4.83,-10.0,True,0.93,下跌
603027.SH,11.33,9.48,-16.0,True,1.0,下跌
002469.SZ,10.75,8.24,-23.0,True,0.8,下跌
600796.SH,7.29,6.24,-14.0,True,0.97,上涨
601228.SH,3.78,3.26,-14.0,True,0.69,上涨
603093.SH,22.97,20.66,-10.0,False,0.97,上涨
603136.SH,12.65,10.67,-16.0,True,0.98,下跌
000960.SZ,48.8,37.37,-23.0,False,1.42,下跌
600026.SH,27.17,21.45,-21.0,True,0.95,下跌
600523.SH,16.41,13.89,-15.0,True,0.88,下跌
001367.SZ,28.0,25.91,-7.0,True,0.84,上涨
001285.SZ,65.5,52.46,-20.0,True,0.91,下跌
002438.SZ,20.27,16.93,-16.0,True,1.17,上涨
600378.SH,40.33,34.16,-15.0,True,1.23,上涨
600489.SH,41.48,25.83,-38.0,True,1.04,下跌
600835.SH,30.0,23.67,-21.0,True,1.28,上涨
601016.SH,5.73,4.48,-22.0,True,1.66,上涨
603239.SH,26.54,23.29,-12.0,True,0.85,下跌
002241.SZ,29.98,24.31,-19.0,True,1.01,下跌
600779.SH,45.85,33.43,-27.0,True,1.36,上涨
601880.SH,1.83,1.61,-12.0,True,0.78,下跌
000683.SZ,10.0,8.87,-11.0,True,1.4,上涨
002276.SZ,18.62,13.93,-25.0,True,1.36,下跌
600862.SH,28.05,21.53,-23.0,True,0.95,下跌
603648.SH,11.1,9.76,-12.0,True,1.01,下跌
000597.SZ,5.73,5.08,-11.0,True,0.71,下跌
000888.SZ,14.47,12.25,-15.0,True,0.76,下跌
601636.SH,7.7,6.03,-22.0,True,1.26,下跌
605555.SH,19.96,16.25,-19.0,True,0.78,上涨
002007.SZ,16.98,14.73,-13.0,True,0.73,下跌
002545.SZ,30.9,21.85,-29.0,True,1.07,上涨
603190.SH,29.07,25.32,-13.0,True,0.98,下跌
603501.SH,131.85,92.44,-30.0,True,1.05,下跌
000532.SZ,16.95,13.7,-19.0,True,0.98,下跌
002594.SZ,111.82,99.98,-11.0,True,0.85,下跌
600821.SH,12.2,9.58,-21.0,True,1.08,上涨
601059.SH,17.96,16.75,-7.0,True,0.99,下跌
002698.SZ,18.45,13.8,-25.0,True,0.82,下跌
002887.SZ,13.26,12.67,-4.0,True,1.73,上涨
600846.SH,14.36,12.4,-14.0,True,1.63,上涨
603166.SH,18.51,13.5,-27.0,True,0.85,下跌
002064.SZ,13.98,11.36,-19.0,True,1.1,上涨
002430.SZ,34.18,30.5,-11.0,True,1.65,上涨
003033.SZ,77.3,56.11,-27.0,True,0.78,下跌
600009.SH,32.37,27.22,-16.0,True,0.8,下跌
600633.SH,16.68,13.72,-18.0,True,1.42,上涨
002970.SZ,84.94,63.22,-26.0,False,0.94,上涨
601020.SH,42.3,32.56,-23.0,True,1.0,上涨
603283.SH,57.69,50.49,-12.0,True,0.75,下跌
603132.SH,23.87,18.94,-21.0,True,0.93,下跌
603303.SH,16.78,16.18,-4.0,True,1.63,上涨
001289.SZ,19.5,16.36,-16.0,True,1.37,上涨
002803.SZ,20.84,19.45,-7.0,True,1.76,上涨
603075.SH,27.71,23.61,-15.0,True,1.2,上涨
603197.SH,39.42,33.73,-14.0,True,0.92,上涨
603527.SH,13.12,11.59,-12.0,True,0.83,下跌
003020.SZ,28.19,23.55,-16.0,True,0.96,下跌
603402.SH,169.8,133.74,-21.0,True,0.89,下跌
603681.SH,24.83,17.43,-30.0,True,0.72,下跌
002973.SZ,16.0,12.64,-21.0,True,1.13,下跌
600051.SH,8.35,7.35,-12.0,True,0.7,下跌
603105.SH,14.42,12.05,-16.0,True,1.57,上涨
603328.SH,14.72,13.67,-7.0,True,1.46,上涨
603919.SH,26.08,18.63,-29.0,True,1.23,上涨
000950.SZ,7.41,6.07,-18.0,True,0.57,下跌
002158.SZ,28.28,25.71,-9.0,True,1.21,上涨
002472.SZ,49.47,38.03,-23.0,True,0.98,下跌
002864.SZ,40.11,30.26,-25.0,True,1.1,下跌
002917.SZ,15.01,12.97,-14.0,True,0.84,下跌
600557.SH,15.37,14.46,-6.0,True,1.44,上涨
603210.SH,20.35,16.15,-21.0,True,1.0,下跌
603344.SH,34.7,28.2,-19.0,True,1.11,上涨
603890.SH,20.8,19.76,-5.0,False,0.94,下跌
000893.SZ,71.58,52.09,-27.0,True,0.62,下跌
002138.SZ,44.44,35.51,-20.0,True,1.03,上涨
002993.SZ,56.0,48.04,-14.0,True,1.55,下跌
003017.SZ,36.99,31.04,-16.0,True,0.91,下跌
603439.SH,12.74,10.86,-15.0,True,1.02,下跌
002783.SZ,11.38,9.69,-15.0,True,1.25,上涨
000975.SZ,42.29,28.21,-33.0,True,1.26,下跌
600101.SH,11.64,9.97,-14.0,True,1.41,上涨
600850.SH,31.1,20.56,-34.0,True,0.92,下跌
000617.SZ,11.77,9.43,-20.0,True,0.71,下跌
003008.SZ,24.99,21.64,-13.0,True,1.54,下跌
600261.SH,4.23,4.02,-5.0,True,2.51,上涨
600469.SH,8.22,7.01,-15.0,True,0.66,下跌
603225.SH,22.77,17.07,-25.0,True,0.78,上涨
002349.SZ,8.45,7.22,-15.0,True,0.57,下跌
002790.SZ,8.89,7.79,-12.0,True,1.39,上涨
600161.SH,17.47,14.9,-15.0,True,0.5,下跌
603699.SH,64.5,58.32,-10.0,True,1.48,上涨
603313.SH,10.77,7.73,-28.0,True,0.96,下跌
603700.SH,15.0,12.71,-15.0,True,1.05,下跌
000733.SZ,59.87,46.8,-22.0,True,1.02,下跌
600755.SH,7.13,6.09,-15.0,True,0.98,下跌
603217.SH,30.8,30.13,-2.0,True,1.37,上涨
605001.SH,8.42,7.12,-15.0,True,1.6,下跌
003025.SZ,15.6,13.67,-12.0,True,1.05,下跌
603214.SH,19.31,15.77,-18.0,True,0.65,下跌
603786.SH,83.37,53.81,-35.0,True,1.22,下跌
605016.SH,28.95,27.04,-7.0,True,0.98,上涨
000715.SZ,6.82,6.61,-3.0,True,2.52,上涨
000788.SZ,7.85,6.31,-20.0,False,0.62,下跌
002880.SZ,33.79,26.11,-23.0,True,0.9,下跌
600406.SH,32.06,26.95,-16.0,True,1.05,下跌
001696.SZ,25.86,19.19,-26.0,True,0.87,下跌
603896.SH,22.97,18.13,-21.0,True,0.99,下跌
000019.SZ,8.58,8.08,-6.0,True,0.98,上涨
001319.SZ,31.71,24.96,-21.0,True,0.94,下跌
600988.SH,51.5,41.17,-20.0,True,1.08,下跌
601233.SH,26.01,20.28,-22.0,True,0.77,上涨
601990.SH,8.15,7.3,-10.0,True,0.95,下跌
603218.SH,17.09,14.56,-15.0,True,1.06,下跌
603223.SH,10.99,9.28,-16.0,True,1.44,上涨
000153.SZ,7.12,6.32,-11.0,True,0.52,下跌
002033.SZ,11.62,10.9,-6.0,True,1.35,下跌
600558.SH,6.69,5.28,-21.0,True,1.03,下跌
603380.SH,43.57,35.12,-19.0,True,1.25,下跌
000060.SZ,9.22,6.49,-30.0,True,1.2,下跌
002315.SZ,56.15,32.0,-43.0,True,1.25,下跌
002925.SZ,24.3,19.54,-20.0,True,0.9,下跌
600499.SH,18.85,18.01,-4.0,True,0.82,上涨
001296.SZ,30.85,25.36,-18.0,True,1.04,下跌
002040.SZ,13.17,9.81,-26.0,True,0.94,下跌
600369.SH,4.69,4.16,-11.0,True,0.87,下跌
603339.SH,14.49,13.84,-4.0,True,1.86,上涨
605155.SH,21.78,15.33,-30.0,True,1.0,下跌
002103.SZ,10.19,8.1,-21.0,True,0.76,下跌
601456.SH,10.07,9.34,-7.0,True,0.95,下跌
603586.SH,20.57,19.8,-4.0,True,2.34,上涨
002454.SZ,11.08,10.41,-6.0,True,0.61,下跌
601127.SH,119.45,92.48,-23.0,True,1.25,上涨
603391.SH,79.33,63.13,-20.0,True,0.89,下跌
000407.SZ,6.19,4.74,-23.0,True,1.03,上涨
000703.SZ,17.2,14.98,-13.0,False,0.61,下跌
002475.SZ,70.68,67.77,-4.0,False,0.97,上涨
002920.SZ,134.94,109.25,-19.0,True,1.3,上涨
000582.SZ,11.75,10.96,-7.0,True,0.78,下跌
002441.SZ,11.63,9.38,-19.0,True,1.07,下跌
002286.SZ,11.61,10.36,-11.0,True,1.12,上涨
601158.SH,4.7,4.38,-7.0,True,1.03,上涨
603477.SH,19.51,18.11,-7.0,True,0.76,下跌
001219.SZ,15.24,14.89,-2.0,True,0.93,下跌
603062.SH,59.98,51.5,-14.0,True,1.42,上涨
603107.SH,15.73,14.14,-10.0,True,1.62,下跌
603312.SH,53.34,41.02,-23.0,True,0.86,下跌
605028.SH,31.24,30.15,-3.0,True,1.29,上涨
001387.SZ,15.19,13.14,-13.0,True,1.02,下跌
002553.SZ,31.0,24.4,-21.0,True,0.95,下跌
002661.SZ,9.75,8.76,-10.0,True,0.95,下跌
600995.SH,17.0,14.83,-13.0,True,1.25,上涨
603151.SH,20.4,15.19,-26.0,True,1.62,下跌
605099.SH,47.02,38.75,-18.0,True,0.7,下跌
605499.SH,279.0,204.18,-27.0,True,0.68,上涨
000049.SZ,31.5,28.77,-9.0,True,1.76,上涨
000920.SZ,14.93,11.54,-23.0,True,1.04,下跌
001390.SZ,25.46,21.6,-15.0,True,1.04,下跌
002568.SZ,22.44,17.13,-24.0,True,1.09,下跌
600141.SH,45.49,32.72,-28.0,True,1.21,上涨
600389.SH,33.3,29.76,-11.0,False,0.97,上涨
600459.SH,28.19,21.5,-24.0,True,1.51,下跌
600814.SH,11.18,7.74,-31.0,True,1.01,下跌
603129.SH,284.08,272.1,-4.0,True,0.6,下跌
000725.SZ,4.6,4.19,-9.0,True,1.33,平盘
603500.SH,14.1,10.75,-24.0,True,1.02,下跌
000758.SZ,9.53,6.93,-27.0,True,1.17,下跌
002209.SZ,17.76,16.93,-5.0,True,1.15,上涨
601188.SH,3.73,3.28,-12.0,True,0.98,上涨
601619.SH,7.15,6.27,-12.0,False,0.93,下跌
002860.SZ,16.4,12.9,-21.0,True,0.94,下跌
600885.SH,33.54,28.92,-14.0,True,0.93,上涨
601611.SH,19.24,14.03,-27.0,True,0.83,下跌
603156.SH,35.88,33.26,-7.0,True,1.24,上涨
603579.SH,27.14,20.07,-26.0,True,0.97,下跌
001205.SZ,18.41,14.46,-21.0,True,1.06,下跌
002662.SZ,4.53,4.19,-8.0,True,1.17,上涨
601101.SH,9.44,9.36,-1.0,True,1.6,上涨
603883.SH,16.54,14.33,-13.0,True,1.47,上涨
000419.SZ,6.78,5.59,-18.0,True,0.93,下跌
001391.SZ,6.13,5.32,-13.0,True,0.76,平盘
601872.SH,21.31,17.52,-18.0,True,1.04,下跌
605116.SH,32.1,26.23,-18.0,True,0.7,下跌
000709.SZ,2.72,2.29,-16.0,True,0.86,平盘
001332.SZ,68.18,57.33,-16.0,True,0.98,下跌
002266.SZ,5.61,4.54,-19.0,True,0.85,上涨
600848.SH,12.39,9.19,-26.0,True,0.64,下跌
605088.SH,43.7,36.08,-17.0,True,1.27,下跌
001210.SZ,25.28,20.8,-18.0,True,0.82,下跌
001218.SZ,27.87,24.1,-14.0,True,1.29,下跌
001230.SZ,28.76,27.92,-3.0,True,0.93,下跌
600598.SH,18.35,16.01,-13.0,True,0.92,下跌
600638.SH,7.62,6.48,-15.0,True,2.05,上涨
605166.SH,12.22,11.57,-5.0,False,1.1,上涨
001333.SZ,27.75,24.25,-13.0,True,1.06,下跌
002452.SZ,13.09,11.21,-14.0,True,0.94,上涨
600826.SH,13.06,9.38,-28.0,True,0.89,下跌
000625.SZ,11.76,10.01,-15.0,True,1.21,下跌
601002.SH,6.81,6.43,-6.0,True,0.89,下跌
603296.SH,106.9,103.86,-3.0,True,1.02,上涨
603317.SH,14.91,13.79,-8.0,True,0.8,上涨
603815.SH,8.38,7.24,-14.0,True,1.62,上涨
000400.SZ,34.65,26.15,-25.0,True,0.64,下跌
003006.SZ,23.1,19.22,-17.0,True,1.88,上涨
601609.SH,12.93,10.66,-18.0,True,1.04,下跌
603966.SH,14.72,13.87,-6.0,True,0.75,下跌
002100.SZ,8.46,7.81,-8.0,True,0.81,下跌
600133.SH,11.49,9.05,-21.0,True,1.37,上涨
600422.SH,12.88,11.08,-14.0,True,0.79,下跌
601952.SH,11.21,10.26,-8.0,True,1.33,上涨
000936.SZ,9.09,8.35,-8.0,True,1.53,上涨
002968.SZ,14.62,11.4,-22.0,True,1.2,下跌
600312.SH,25.65,21.78,-15.0,True,0.87,上涨
600784.SH,8.16,7.7,-6.0,True,1.02,下跌
603020.SH,11.95,11.02,-8.0,True,1.3,下跌
603025.SH,19.85,16.16,-19.0,True,1.36,下跌
603725.SH,10.75,9.67,-10.0,True,0.95,上涨
002264.SZ,12.58,8.16,-35.0,True,0.92,下跌
002841.SZ,42.43,38.79,-9.0,True,1.4,上涨
600563.SH,143.03,119.16,-17.0,True,0.98,下跌
603351.SH,28.6,25.72,-10.0,True,0.77,下跌
000089.SZ,7.38,6.88,-7.0,True,1.11,上涨
002252.SZ,6.56,5.58,-15.0,True,0.97,下跌
002322.SZ,15.57,14.19,-9.0,True,0.85,下跌
600864.SH,7.69,7.28,-5.0,False,0.97,上涨
601882.SH,23.29,19.42,-17.0,True,0.63,下跌
603165.SH,17.82,17.19,-4.0,False,0.93,上涨
603271.SH,53.09,49.29,-7.0,True,1.09,下跌
603639.SH,14.95,13.62,-9.0,True,0.95,上涨
000554.SZ,11.94,8.04,-33.0,True,0.91,上涨
002395.SZ,20.77,18.08,-13.0,True,0.96,下跌
603073.SH,21.74,19.75,-9.0,True,1.04,下跌
605098.SH,69.8,68.1,-2.0,True,0.95,上涨
002461.SZ,10.19,9.92,-3.0,True,0.75,上涨
600236.SH,11.94,10.15,-15.0,True,1.36,下跌
600283.SH,9.69,9.25,-5.0,True,1.15,平盘
600621.SH,18.38,14.12,-23.0,True,0.84,下跌
600985.SH,14.67,14.18,-3.0,True,1.0,上涨
601177.SH,18.03,14.59,-19.0,True,0.89,下跌
002282.SZ,8.06,6.83,-15.0,True,0.96,下跌
002541.SZ,25.25,19.4,-23.0,True,1.14,下跌
600425.SH,4.81,4.09,-15.0,True,1.02,上涨
603707.SH,10.17,9.37,-8.0,True,0.6,下跌
605296.SH,31.8,30.32,-5.0,True,0.82,上涨
002258.SZ,18.05,13.85,-23.0,True,1.0,下跌
002825.SZ,11.49,9.85,-14.0,True,1.55,下跌
600352.SH,17.11,12.97,-24.0,True,0.71,下跌
601061.SH,17.49,13.99,-20.0,True,1.39,上涨
000923.SZ,26.98,18.58,-31.0,True,0.83,下跌
600664.SH,4.88,3.88,-20.0,False,0.7,下跌
601799.SH,158.5,124.65,-21.0,True,0.83,下跌
000551.SZ,16.08,14.98,-7.0,True,1.32,上涨
002351.SZ,12.77,11.27,-12.0,True,0.9,下跌
600827.SH,9.33,8.1,-13.0,True,1.17,下跌
605020.SH,30.96,26.4,-15.0,True,1.42,上涨
000557.SZ,5.35,4.65,-13.0,True,0.94,下跌
000700.SZ,16.2,11.25,-31.0,True,1.11,下跌
002083.SZ,14.53,11.06,-24.0,False,0.69,下跌
600089.SH,33.28,27.68,-17.0,True,0.83,下跌
600346.SH,27.26,24.12,-12.0,False,0.97,上涨
603282.SH,24.4,21.24,-13.0,True,1.18,上涨
002550.SZ,8.49,7.46,-12.0,True,0.62,下跌
603238.SH,20.23,15.59,-23.0,True,1.03,下跌
603969.SH,11.18,9.06,-19.0,True,1.07,下跌
605158.SH,9.12,7.15,-22.0,True,1.39,下跌
000531.SZ,8.56,7.19,-16.0,True,1.58,上涨
000739.SZ,19.59,18.48,-6.0,True,1.48,上涨
002722.SZ,16.72,14.99,-10.0,True,2.03,上涨
600160.SH,43.92,33.61,-23.0,True,0.93,下跌
603236.SH,100.5,85.03,-15.0,True,1.43,上涨
603387.SH,11.42,9.33,-18.0,True,0.49,下跌
000537.SZ,13.76,11.65,-15.0,True,1.8,上涨
600711.SH,18.73,13.9,-26.0,True,1.08,下跌
600737.SH,18.84,14.87,-21.0,True,1.14,上涨
601003.SH,5.8,4.57,-21.0,True,0.94,下跌
601089.SH,28.98,22.09,-24.0,True,0.8,下跌
002372.SZ,12.72,10.42,-18.0,True,0.75,下跌
002479.SZ,6.39,5.76,-10.0,True,0.86,上涨
002831.SZ,39.89,37.38,-6.0,True,0.97,上涨
600188.SH,22.84,20.63,-10.0,True,1.15,上涨
601985.SH,9.44,9.09,-4.0,True,1.41,上涨
603345.SH,100.68,96.73,-4.0,True,1.07,上涨
603587.SH,13.39,12.95,-3.0,True,1.28,上涨
002626.SZ,20.81,16.18,-22.0,True,1.56,下跌
600362.SH,70.7,44.66,-37.0,True,0.88,下跌
600609.SH,5.14,3.98,-23.0,True,0.88,下跌
605266.SH,21.15,18.77,-11.0,True,0.92,下跌
000065.SZ,16.37,13.61,-17.0,False,0.77,下跌
003816.SZ,4.7,4.66,-1.0,True,0.97,上涨
600426.SH,44.1,36.33,-18.0,True,1.04,上涨
600486.SH,89.71,70.99,-21.0,True,0.79,下跌
603089.SH,14.85,11.9,-20.0,True,1.41,下跌
603230.SH,13.43,10.9,-19.0,True,0.28,下跌
603697.SH,14.27,10.42,-27.0,True,1.51,上涨
603886.SH,14.34,13.54,-6.0,True,0.98,上涨
600738.SH,5.59,4.71,-16.0,True,0.93,下跌
603486.SH,86.23,63.92,-26.0,True,1.05,下跌
603519.SH,14.44,14.18,-2.0,True,0.93,上涨
603535.SH,10.4,8.16,-22.0,True,1.05,下跌
002500.SZ,6.16,5.56,-10.0,True,0.98,下跌
002823.SZ,17.38,15.82,-9.0,True,0.78,下跌
600298.SH,45.87,39.5,-14.0,True,1.2,下跌
601866.SH,3.25,2.68,-18.0,True,0.67,下跌
002204.SZ,7.96,6.89,-13.0,True,0.91,上涨
002690.SZ,22.02,17.69,-20.0,True,1.17,下跌
603307.SH,43.15,38.76,-10.0,True,0.9,下跌
605338.SH,33.72,23.6,-30.0,True,1.43,下跌
603300.SH,7.76,7.05,-9.0,True,1.0,下跌
600031.SH,24.29,19.6,-19.0,True,0.94,下跌
601868.SH,3.94,2.99,-24.0,True,1.33,上涨
000897.SZ,2.37,2.07,-13.0,True,0.78,下跌
002437.SZ,3.99,3.65,-9.0,True,0.65,下跌
600309.SH,97.0,87.65,-10.0,True,1.04,上涨
600348.SH,10.58,10.03,-5.0,True,1.74,上涨
603162.SH,16.63,14.15,-15.0,True,1.08,上涨
605319.SH,30.3,27.47,-9.0,False,0.67,上涨
000090.SZ,4.12,3.59,-13.0,True,1.3,下跌
000403.SZ,14.5,12.68,-13.0,True,0.74,下跌
002074.SZ,42.1,39.76,-6.0,True,0.81,下跌
600872.SH,22.21,21.2,-5.0,True,1.68,下跌
605599.SH,28.35,23.39,-17.0,True,0.84,上涨
000968.SZ,12.18,9.25,-24.0,False,0.8,上涨
600458.SH,15.5,11.95,-23.0,True,1.01,上涨
603337.SH,47.97,38.45,-20.0,True,1.43,下跌
001222.SZ,24.06,19.28,-20.0,True,0.94,下跌
002255.SZ,13.64,10.75,-21.0,True,1.04,下跌
600335.SH,7.25,6.0,-17.0,True,0.99,下跌
605577.SH,14.97,12.52,-16.0,True,0.87,下跌
000729.SZ,14.56,12.95,-11.0,True,0.92,上涨
000957.SZ,12.78,12.52,-2.0,True,0.8,上涨
600167.SH,7.73,6.75,-13.0,True,1.22,下跌
600388.SH,21.11,19.03,-10.0,True,1.22,上涨
605090.SH,55.33,45.94,-17.0,True,1.41,上涨
002081.SZ,5.43,5.43,0.0,True,1.98,上涨
002088.SZ,13.93,10.3,-26.0,True,1.04,下跌
002249.SZ,12.16,9.31,-23.0,True,1.11,下跌
002404.SZ,7.67,6.96,-9.0,True,1.06,下跌
600519.SH,1568.0,1419.0,-10.0,True,0.81,上涨
600906.SH,7.03,6.32,-10.0,True,0.93,下跌
002415.SZ,35.29,33.49,-5.0,True,0.77,下跌
002906.SZ,34.92,31.91,-9.0,True,0.71,下跌
600817.SH,12.95,12.76,-1.0,True,0.9,下跌
603182.SH,17.86,14.74,-17.0,True,0.75,下跌
603596.SH,59.4,46.64,-21.0,True,1.06,上涨
603797.SH,5.23,4.67,-11.0,True,0.94,下跌
603993.SH,28.78,19.36,-33.0,True,0.89,下跌
000983.SZ,7.7,6.5,-16.0,True,1.14,上涨
002284.SZ,18.66,13.74,-26.0,True,0.95,下跌
002946.SZ,20.2,18.32,-9.0,True,0.74,上涨
600132.SH,59.85,53.26,-11.0,True,0.93,下跌
600787.SH,5.98,5.35,-11.0,True,1.1,上涨
002159.SZ,21.62,17.64,-18.0,True,0.77,上涨
002379.SZ,33.44,26.68,-20.0,True,1.1,下跌
002392.SZ,9.14,8.67,-5.0,True,1.81,上涨
002540.SZ,8.08,6.16,-24.0,True,1.82,下跌
600028.SH,8.11,5.45,-33.0,True,1.3,下跌
603379.SH,78.35,61.09,-22.0,True,1.01,下跌
000338.SZ,30.19,29.49,-2.0,False,1.13,上涨
601949.SH,7.75,6.35,-18.0,True,1.01,下跌
603170.SH,15.29,13.32,-13.0,True,0.75,上涨
603207.SH,31.83,27.68,-13.0,True,0.78,下跌
000807.SZ,38.23,33.55,-12.0,True,0.89,下跌
600603.SH,8.27,6.75,-18.0,True,1.12,下跌
603102.SH,47.4,40.04,-16.0,True,0.91,下跌
603456.SH,19.58,16.54,-16.0,True,0.88,下跌
603866.SH,5.62,5.06,-10.0,True,1.03,上涨
000779.SZ,10.96,8.65,-21.0,True,0.94,下跌
000830.SZ,21.8,16.16,-26.0,True,1.2,上涨
001216.SZ,22.59,18.38,-19.0,True,1.12,下跌
002216.SZ,13.69,13.46,-2.0,True,1.18,上涨
002539.SZ,17.27,14.22,-18.0,False,0.6,上涨
002961.SZ,27.94,24.32,-13.0,True,0.91,下跌
002029.SZ,12.92,9.68,-25.0,True,1.03,下跌
600196.SH,28.45,25.57,-10.0,True,0.9,下跌
600739.SH,13.05,11.62,-11.0,True,0.9,上涨
605009.SH,32.69,28.68,-12.0,True,0.98,上涨
002772.SZ,19.73,18.47,-6.0,False,1.2,下跌
002801.SZ,38.74,32.06,-17.0,True,0.82,下跌
600025.SH,10.66,9.77,-8.0,True,1.01,上涨
600258.SH,18.12,15.23,-16.0,True,1.01,上涨
600284.SH,8.69,7.43,-14.0,True,0.87,下跌
600351.SH,6.96,6.42,-8.0,True,0.57,下跌
600854.SH,5.52,5.18,-6.0,True,1.02,上涨
603680.SH,17.37,12.75,-27.0,True,1.08,下跌
603726.SH,28.49,23.25,-18.0,True,1.08,下跌
002287.SZ,25.99,23.07,-11.0,True,0.9,下跌
603299.SH,12.75,11.21,-12.0,True,1.34,上涨
603856.SH,15.04,13.0,-14.0,True,1.65,下跌
603948.SH,31.86,26.64,-16.0,True,1.28,下跌
001338.SZ,14.37,12.64,-12.0,True,1.66,下跌
600888.SH,10.15,8.75,-14.0,True,1.3,下跌
000906.SZ,6.32,5.78,-9.0,True,1.02,上涨
001206.SZ,28.53,19.65,-31.0,True,0.79,下跌
600531.SH,24.79,15.59,-37.0,True,1.47,上涨
603086.SH,9.1,7.36,-19.0,True,1.42,下跌
001207.SZ,34.33,17.56,-49.0,False,1.35,下跌
600163.SH,8.82,6.68,-24.0,True,1.44,上涨
600548.SH,9.61,9.23,-4.0,True,0.71,上涨
603227.SH,10.75,8.82,-18.0,True,0.65,下跌
002835.SZ,18.29,15.39,-16.0,True,0.99,下跌
601958.SH,27.65,19.43,-30.0,True,1.26,下跌
603180.SH,21.64,18.84,-13.0,True,0.87,下跌
603676.SH,11.56,10.2,-12.0,True,0.75,下跌
002978.SZ,43.4,33.15,-24.0,True,1.17,下跌
600887.SH,27.48,25.27,-8.0,True,1.02,下跌
601021.SH,59.79,48.2,-19.0,True,0.83,下跌
603506.SH,15.08,12.16,-19.0,True,1.27,下跌
605337.SH,14.95,11.01,-26.0,True,1.04,下跌
605377.SH,10.47,9.6,-8.0,True,1.24,上涨
000423.SZ,58.36,52.21,-11.0,True,1.03,下跌
000655.SZ,12.03,8.34,-31.0,True,0.59,下跌
001301.SZ,89.0,74.98,-16.0,True,1.28,上涨
600956.SH,11.24,9.19,-18.0,True,1.78,上涨
601198.SH,14.65,12.84,-12.0,True,0.87,下跌
002517.SZ,26.86,17.37,-35.0,True,0.64,下跌
600256.SH,7.85,6.59,-16.0,True,1.15,上涨
603128.SH,6.19,5.58,-10.0,True,0.59,下跌
000100.SZ,5.15,4.26,-17.0,True,1.1,下跌
000591.SZ,6.8,5.69,-16.0,True,1.57,上涨
002941.SZ,18.35,15.77,-14.0,True,1.0,下跌
603181.SH,17.9,15.58,-13.0,True,1.71,上涨
603199.SH,45.15,38.48,-15.0,True,0.9,上涨
001233.SZ,90.28,68.51,-24.0,True,1.0,上涨
001380.SZ,25.07,19.18,-23.0,True,0.98,下跌
002752.SZ,7.59,7.25,-4.0,True,1.95,上涨
002847.SZ,74.3,54.91,-26.0,True,1.2,上涨
600170.SH,3.26,2.7,-17.0,True,0.92,下跌
600559.SH,17.17,14.19,-17.0,True,1.77,上涨
603112.SH,22.39,20.58,-8.0,False,1.11,下跌
603418.SH,60.13,50.29,-16.0,True,1.04,下跌
603588.SH,18.66,15.29,-18.0,True,0.67,下跌
002303.SZ,4.28,3.35,-22.0,True,0.82,下跌
002773.SZ,33.83,25.79,-24.0,True,0.87,下跌
000792.SZ,40.9,35.69,-13.0,True,0.85,下跌
002833.SZ,19.79,18.01,-9.0,True,1.02,下跌
603355.SH,38.92,30.48,-22.0,True,1.24,上涨
000422.SZ,20.2,16.28,-19.0,True,1.31,上涨
000997.SZ,29.14,21.04,-28.0,True,0.77,下跌
002412.SZ,8.6,6.45,-25.0,True,0.73,下跌
600535.SH,15.4,14.15,-8.0,True,0.73,下跌
603231.SH,20.3,17.76,-13.0,True,0.97,下跌
603612.SH,36.35,24.69,-32.0,True,1.22,下跌
000682.SZ,15.48,13.58,-12.0,True,0.91,上涨
000895.SZ,29.61,29.02,-2.0,True,1.03,上涨
002345.SZ,15.5,10.86,-30.0,True,1.12,下跌
003012.SZ,7.63,6.24,-18.0,True,0.84,平盘
600267.SH,12.24,11.24,-8.0,True,0.86,上涨
601788.SH,17.4,14.92,-14.0,True,1.34,下跌
002468.SZ,18.08,17.73,-2.0,True,0.68,上涨
600982.SH,7.4,6.35,-14.0,False,1.27,上涨
000538.SZ,58.2,54.28,-7.0,True,0.99,下跌
600480.SH,12.63,10.75,-15.0,True,0.92,下跌
603235.SH,28.75,26.33,-8.0,True,1.0,下跌
002101.SZ,13.0,10.13,-22.0,True,0.59,下跌
002788.SZ,20.29,14.18,-30.0,False,0.78,下跌
600750.SH,27.75,27.31,-2.0,True,0.95,上涨
600900.SH,27.65,26.95,-3.0,True,1.04,上涨
601808.SH,21.85,15.24,-30.0,True,1.09,上涨
603817.SH,9.21,7.06,-23.0,True,0.71,下跌
002223.SZ,42.19,32.38,-23.0,True,0.89,下跌
002532.SZ,21.88,17.67,-19.0,True,0.99,下跌
601168.SH,41.28,28.9,-30.0,True,1.03,下跌
603970.SH,14.9,12.65,-15.0,True,1.02,上涨
001308.SZ,22.39,20.14,-10.0,True,1.04,平盘
002673.SZ,8.22,7.08,-14.0,True,1.2,下跌
600546.SH,12.89,12.72,-1.0,True,1.04,上涨
600993.SH,28.79,25.09,-13.0,True,0.87,上涨
601088.SH,50.38,46.98,-7.0,True,1.25,上涨
601567.SH,33.66,25.52,-24.0,True,0.96,下跌
605368.SH,9.75,7.7,-21.0,True,2.02,下跌
000778.SZ,5.32,4.61,-13.0,True,1.05,下跌
003000.SZ,11.8,11.17,-5.0,True,2.03,上涨
603013.SH,27.31,19.09,-30.0,True,0.93,下跌
603195.SH,44.41,41.52,-7.0,True,1.01,下跌
605333.SH,31.48,26.26,-17.0,True,1.05,下跌
002003.SZ,10.85,10.16,-6.0,True,0.94,上涨
002073.SZ,8.79,7.19,-18.0,True,0.89,下跌
002928.SZ,11.96,8.54,-29.0,True,0.75,下跌
600017.SH,3.35,3.0,-10.0,True,0.94,上涨
600618.SH,18.19,13.03,-28.0,True,1.67,上涨
601816.SH,5.2,4.92,-5.0,True,1.15,下跌
001386.SZ,27.28,19.48,-29.0,True,1.75,下跌
001395.SZ,46.39,39.32,-15.0,True,1.64,下跌
002226.SZ,6.55,5.51,-16.0,True,0.77,下跌
002262.SZ,24.58,21.37,-13.0,True,1.03,上涨
002432.SZ,94.94,86.15,-9.0,False,0.9,上涨
002507.SZ,13.68,12.33,-10.0,True,1.05,上涨
600262.SH,35.22,23.9,-32.0,True,1.48,下跌
600600.SH,64.56,61.99,-4.0,True,0.93,上涨
002020.SZ,18.49,15.09,-18.0,True,0.67,下跌
002357.SZ,16.54,10.8,-35.0,True,0.83,下跌
002950.SZ,14.9,14.12,-5.0,False,0.98,上涨
601878.SH,11.03,9.46,-14.0,True,0.97,下跌
603153.SH,18.1,16.81,-7.0,True,1.07,上涨
002096.SZ,14.64,11.67,-20.0,True,0.85,下跌
002746.SZ,6.61,6.22,-6.0,True,1.15,上涨
600233.SH,22.86,22.38,-2.0,True,1.18,上涨
601339.SH,8.59,8.25,-4.0,False,0.76,上涨
000650.SZ,6.26,5.71,-9.0,True,0.76,下跌
000767.SZ,5.12,4.15,-19.0,False,1.65,上涨
002124.SZ,3.28,2.87,-12.0,False,1.13,下跌
002991.SZ,63.31,51.05,-19.0,True,1.9,下跌
600021.SH,24.85,17.88,-28.0,True,0.95,下跌
600295.SH,18.06,15.41,-15.0,True,0.74,上涨
600479.SH,11.53,10.5,-9.0,True,0.76,平盘
601330.SH,12.2,9.19,-25.0,True,1.83,上涨
603788.SH,18.79,18.5,-2.0,True,2.84,上涨
002457.SZ,15.04,11.11,-26.0,True,0.94,下跌
002768.SZ,60.98,52.27,-14.0,True,0.94,上涨
600007.SH,22.0,21.73,-1.0,True,1.02,上涨
600361.SH,5.16,4.51,-13.0,True,0.96,上涨
601065.SH,9.28,8.36,-10.0,True,1.6,下跌
601200.SH,9.17,8.19,-11.0,True,1.11,上涨
601377.SH,7.35,5.92,-19.0,True,0.7,下跌
601633.SH,21.73,20.45,-6.0,True,0.84,下跌
600529.SH,21.15,19.11,-10.0,True,1.42,上涨
600989.SH,36.49,28.78,-21.0,True,1.03,上涨
601066.SH,25.05,21.62,-14.0,True,0.9,下跌
603043.SH,18.88,15.49,-18.0,True,0.94,上涨
601022.SH,11.24,8.76,-22.0,True,1.06,下跌
601899.SH,44.94,34.4,-23.0,True,1.29,下跌
603556.SH,43.28,30.2,-30.0,True,1.58,下跌
603658.SH,39.68,33.91,-15.0,True,1.28,下跌
603766.SH,16.78,15.95,-5.0,True,0.91,上涨
603899.SH,28.65,24.9,-13.0,True,1.12,下跌
605077.SH,17.38,16.99,-2.0,True,1.88,上涨
002026.SZ,17.29,12.84,-26.0,True,1.13,下跌
002032.SZ,47.45,47.27,-0.0,True,1.24,上涨
002895.SZ,46.02,35.71,-22.0,True,1.03,下跌
603209.SH,18.12,15.31,-16.0,True,1.11,上涨
605305.SH,49.77,46.22,-7.0,True,0.86,上涨
000425.SZ,12.9,9.8,-24.0,True,0.85,下跌
002616.SZ,7.1,5.91,-17.0,True,1.15,平盘
003011.SZ,29.07,23.19,-20.0,True,0.72,下跌
600863.SH,5.51,4.65,-16.0,True,1.0,上涨
601886.SH,10.2,10.01,-2.0,True,1.09,上涨
603515.SH,21.16,19.88,-6.0,True,1.17,下跌
605050.SH,15.05,12.79,-15.0,True,0.67,下跌
601038.SH,15.84,12.76,-19.0,True,0.82,上涨
601369.SH,12.55,9.16,-27.0,True,0.94,下跌
601566.SH,13.18,10.52,-20.0,True,1.39,下跌
603053.SH,11.33,9.67,-15.0,True,0.94,上涨
603279.SH,21.73,17.75,-18.0,True,0.91,下跌
603871.SH,16.55,13.94,-16.0,True,0.76,上涨
603979.SH,89.77,62.9,-30.0,True,1.02,下跌
605507.SH,29.98,23.99,-20.0,True,0.7,下跌
600179.SH,5.34,4.4,-18.0,True,1.17,下跌
601702.SH,28.03,19.4,-31.0,True,0.93,下跌
603233.SH,21.78,17.98,-17.0,True,1.16,上涨
603599.SH,16.65,13.79,-17.0,True,1.06,上涨
603706.SH,23.96,20.33,-15.0,True,1.22,平盘
603811.SH,12.83,11.91,-7.0,True,0.95,下跌
000581.SZ,26.0,19.25,-26.0,True,0.86,上涨
000672.SZ,16.11,13.39,-17.0,True,1.36,下跌
600300.SH,3.88,3.53,-9.0,True,0.8,下跌
600526.SH,6.18,5.37,-13.0,True,1.38,平盘
600572.SH,5.17,4.51,-13.0,True,0.71,下跌
603967.SH,13.77,13.39,-3.0,True,1.09,上涨
000883.SZ,5.37,4.9,-9.0,True,1.28,上涨
002605.SZ,27.66,20.18,-27.0,True,1.16,下跌
601600.SH,15.85,11.9,-25.0,True,0.84,下跌
601966.SH,15.54,14.03,-10.0,True,0.93,下跌
603173.SH,52.0,40.29,-23.0,True,1.23,下跌
603309.SH,16.42,13.35,-19.0,True,0.92,上涨
603367.SH,19.3,15.49,-20.0,True,0.62,下跌
603393.SH,44.0,33.73,-23.0,True,0.78,上涨
603799.SH,82.17,62.22,-24.0,False,0.79,下跌
605080.SH,27.14,25.07,-8.0,True,1.36,上涨
002734.SZ,22.79,17.55,-23.0,True,0.88,平盘
002911.SZ,17.8,14.03,-21.0,True,0.71,上涨
600587.SH,16.78,14.2,-15.0,True,0.93,上涨
002056.SZ,25.84,19.1,-26.0,True,1.05,下跌
002154.SZ,4.15,3.63,-13.0,True,0.83,下跌
002714.SZ,51.48,43.49,-16.0,True,0.98,下跌
600004.SH,9.71,8.83,-9.0,True,1.15,下跌
002375.SZ,4.71,4.24,-10.0,True,1.58,上涨
002555.SZ,29.05,21.3,-27.0,True,0.76,下跌
002959.SZ,47.25,42.86,-9.0,True,0.78,下跌
600801.SH,26.44,23.0,-13.0,True,0.73,上涨
601512.SH,11.35,11.35,0.0,True,2.71,上涨
603508.SH,27.92,24.26,-13.0,True,0.62,下跌
000951.SZ,26.85,24.14,-10.0,True,0.73,上涨
002233.SZ,10.33,9.51,-8.0,True,1.37,上涨
002299.SZ,19.99,18.8,-6.0,True,0.99,上涨
002318.SZ,36.14,28.75,-20.0,True,0.75,下跌
601995.SH,35.44,34.17,-4.0,True,1.02,上涨
603277.SH,16.8,13.18,-22.0,True,1.46,下跌
002043.SZ,18.18,13.65,-25.0,True,1.17,下跌
002533.SZ,16.6,13.91,-16.0,True,1.1,上涨
603939.SH,25.8,24.7,-4.0,True,1.31,上涨
000887.SZ,24.1,18.35,-24.0,True,1.0,下跌
002293.SZ,11.19,10.97,-2.0,True,1.85,上涨
002352.SZ,40.08,36.7,-8.0,True,0.82,上涨
600660.SH,63.43,59.94,-6.0,True,1.24,下跌
000526.SZ,40.8,34.54,-15.0,True,1.57,上涨
002027.SZ,7.55,6.23,-17.0,True,1.0,上涨
002140.SZ,15.52,12.45,-20.0,True,1.03,下跌
600216.SH,18.58,14.65,-21.0,True,0.66,下跌
600674.SH,16.36,15.0,-8.0,True,1.07,下跌
601137.SH,23.88,20.13,-16.0,True,0.9,下跌
601311.SH,11.28,10.69,-5.0,True,1.47,上涨
601965.SH,20.51,16.73,-18.0,True,1.69,下跌
603080.SH,27.57,21.82,-21.0,True,1.05,上涨
603718.SH,7.19,3.87,-46.0,True,1.1,下跌
000088.SZ,4.74,4.5,-5.0,True,1.05,下跌
002001.SZ,40.19,34.74,-14.0,True,0.85,上涨
603759.SH,13.4,9.42,-30.0,True,0.89,下跌
000963.SZ,38.49,34.09,-11.0,True,0.8,下跌
002236.SZ,21.4,18.32,-14.0,True,0.69,下跌
600867.SH,10.67,9.56,-10.0,True,0.75,下跌
601728.SH,6.26,5.96,-5.0,True,1.2,上涨
603111.SH,7.4,6.95,-6.0,True,1.19,上涨
605183.SH,23.92,19.69,-18.0,True,1.13,上涨
001914.SZ,12.25,10.16,-17.0,True,0.86,下跌
002478.SZ,13.87,11.33,-18.0,True,1.1,上涨
002749.SZ,14.55,12.66,-13.0,True,0.96,上涨
600886.SH,15.15,13.51,-11.0,True,1.15,上涨
600933.SH,20.69,16.82,-19.0,True,1.2,下跌
603816.SH,37.59,30.23,-20.0,True,0.85,下跌
000507.SZ,5.93,5.28,-11.0,True,1.0,上涨
002098.SZ,10.9,8.73,-20.0,True,1.07,下跌
002120.SZ,7.62,7.42,-3.0,True,1.11,上涨
600050.SH,5.21,4.5,-14.0,True,1.37,下跌
600415.SH,17.68,13.63,-23.0,True,1.33,上涨
600681.SH,5.34,4.04,-24.0,True,0.9,上涨
601006.SH,5.43,5.29,-3.0,True,1.02,上涨
603055.SH,11.29,9.22,-18.0,True,0.8,下跌
603100.SH,25.76,19.29,-25.0,True,1.02,下跌
603987.SH,9.55,8.61,-10.0,True,1.1,下跌
002275.SZ,14.95,14.11,-6.0,True,0.61,上涨
002311.SZ,58.75,46.84,-20.0,True,0.91,下跌
002832.SZ,18.83,18.1,-4.0,True,1.14,上涨
600104.SH,15.25,13.89,-9.0,True,0.94,下跌
600356.SH,10.22,9.55,-7.0,False,0.67,下跌
603326.SH,10.5,8.7,-17.0,True,0.92,下跌
603661.SH,35.8,31.68,-12.0,True,1.07,上涨
000755.SZ,5.66,5.19,-8.0,True,1.08,上涨
600517.SH,7.79,6.41,-18.0,True,1.02,下跌
603733.SH,25.49,22.6,-11.0,True,1.03,上涨
002563.SZ,5.73,5.35,-7.0,True,1.25,上涨
002648.SZ,30.36,27.38,-10.0,False,0.85,上涨
600983.SH,12.82,10.8,-16.0,True,0.67,上涨
603194.SH,41.65,33.52,-20.0,True,1.0,下跌
600219.SH,8.45,6.02,-29.0,True,0.8,下跌
600648.SH,10.89,10.6,-3.0,True,0.81,下跌
600731.SH,8.06,7.0,-13.0,True,1.29,上涨
600742.SH,11.48,9.44,-18.0,True,1.42,下跌
603259.SH,108.75,100.19,-8.0,True,0.84,上涨
603551.SH,13.33,12.27,-8.0,True,0.54,上涨
002014.SZ,12.88,11.62,-10.0,True,1.23,下跌
600350.SH,10.96,10.95,-0.0,True,0.93,上涨
601033.SH,16.63,14.97,-10.0,True,0.98,上涨
601975.SH,5.4,4.51,-16.0,True,0.96,上涨
603444.SH,490.0,387.7,-21.0,True,0.86,下跌
603998.SH,12.88,10.4,-19.0,True,0.7,上涨
000612.SZ,15.6,13.13,-16.0,True,0.64,下跌
000913.SZ,16.67,13.84,-17.0,True,1.47,下跌
002367.SZ,8.58,6.32,-26.0,True,0.85,下跌
002697.SZ,6.49,5.17,-20.0,True,1.01,下跌
002939.SZ,10.12,8.95,-12.0,True,0.9,下跌
600575.SH,4.29,3.72,-13.0,True,1.3,上涨
603018.SH,8.5,7.28,-14.0,True,0.98,下跌
000900.SZ,4.42,4.11,-7.0,True,1.17,上涨
600380.SH,12.25,10.9,-11.0,True,0.69,下跌
600897.SH,19.42,15.95,-18.0,True,0.51,下跌
601877.SH,42.13,32.52,-23.0,True,0.83,下跌
002444.SZ,38.87,31.36,-19.0,True,0.84,下跌
600125.SH,7.18,6.11,-15.0,True,0.68,上涨
601333.SH,3.23,3.05,-6.0,True,0.98,上涨
603187.SH,17.26,15.27,-12.0,True,1.0,上涨
603298.SH,31.43,25.61,-19.0,True,0.98,下跌
603713.SH,72.13,58.79,-18.0,True,0.65,下跌
603855.SH,21.22,19.35,-9.0,True,0.76,下跌
000027.SZ,8.48,7.07,-17.0,True,1.57,上涨
002997.SZ,38.88,30.88,-21.0,True,0.86,下跌
600285.SH,22.9,21.44,-6.0,True,0.87,上涨
603167.SH,10.05,9.4,-6.0,True,1.15,上涨
000786.SZ,29.82,24.88,-17.0,True,0.83,下跌
000850.SZ,6.66,4.67,-30.0,True,1.83,下跌
002215.SZ,12.42,10.15,-18.0,True,0.99,上涨
600398.SH,6.83,6.36,-7.0,True,1.21,下跌
600583.SH,8.72,7.09,-19.0,True,0.78,上涨
601801.SH,7.21,6.07,-16.0,True,0.56,下跌
603605.SH,76.99,60.76,-21.0,True,1.21,上涨
002039.SZ,22.82,21.38,-6.0,True,1.14,上涨
600507.SH,7.39,6.1,-17.0,True,1.12,上涨
600941.SH,98.88,95.85,-3.0,True,1.61,上涨
000513.SZ,36.49,33.56,-8.0,True,0.65,下跌
002170.SZ,15.15,13.61,-10.0,True,0.74,下跌
002296.SZ,15.17,11.3,-26.0,True,1.0,下跌
002884.SZ,19.29,18.78,-3.0,True,0.57,下跌
600120.SH,6.99,5.76,-18.0,True,1.21,上涨
600329.SH,48.2,40.36,-16.0,True,0.71,下跌
601001.SH,19.13,17.95,-6.0,True,1.09,上涨
603202.SH,102.0,94.94,-7.0,True,0.56,下跌
605259.SH,24.16,21.53,-11.0,True,1.06,上涨
000429.SZ,13.18,12.77,-3.0,True,0.99,上涨
002267.SZ,9.14,7.9,-14.0,True,1.06,上涨
002926.SZ,9.43,8.55,-9.0,True,1.3,下跌
601901.SH,8.08,7.01,-13.0,True,0.83,下跌
603568.SH,29.37,21.27,-28.0,True,0.96,平盘
000680.SZ,13.75,10.98,-20.0,True,1.04,下跌
002346.SZ,23.74,18.86,-21.0,True,0.91,下跌
600019.SH,7.44,6.38,-14.0,True,1.1,上涨
600585.SH,26.93,21.65,-20.0,True,1.05,下跌
600938.SH,44.54,38.04,-15.0,True,0.9,上涨
601018.SH,4.35,3.83,-12.0,True,0.96,下跌
601225.SH,27.94,26.12,-7.0,True,1.4,上涨
600066.SH,38.5,36.97,-4.0,True,1.17,上涨
600211.SH,44.78,40.99,-8.0,True,0.76,下跌
601000.SH,4.94,4.91,-1.0,True,0.96,上涨
000157.SZ,10.16,8.0,-21.0,True,0.77,下跌
001323.SZ,29.66,24.43,-18.0,True,1.01,上涨
002705.SZ,19.68,18.5,-6.0,False,0.98,上涨
002818.SZ,12.28,10.88,-11.0,True,1.22,上涨
000521.SZ,6.81,5.67,-17.0,True,1.25,下跌
000708.SZ,18.34,15.71,-14.0,True,1.25,下跌
002327.SZ,7.26,7.22,-1.0,True,1.12,上涨
002393.SZ,24.42,22.56,-8.0,True,0.8,下跌
002852.SZ,12.19,9.62,-21.0,True,1.02,下跌
600976.SH,35.87,32.91,-8.0,True,0.6,下跌
001286.SZ,11.94,11.62,-3.0,True,1.52,上涨
002116.SZ,11.45,10.25,-10.0,True,0.96,下跌
600958.SH,10.94,9.34,-15.0,True,1.04,平盘
603889.SH,9.68,8.89,-8.0,True,0.71,下跌
000030.SZ,5.78,5.21,-10.0,True,1.16,下跌
600012.SH,16.2,16.18,-0.0,True,0.94,上涨
600420.SH,11.09,9.77,-12.0,True,0.54,上涨
601113.SH,5.05,4.58,-9.0,True,0.97,下跌
603613.SH,29.7,27.73,-7.0,True,1.02,下跌
000589.SZ,5.29,4.62,-13.0,True,1.07,上涨
000933.SZ,39.48,32.78,-17.0,True,0.8,下跌
002034.SZ,19.93,18.25,-8.0,True,1.17,下跌
600428.SH,10.07,9.06,-10.0,True,0.85,上涨
600566.SH,29.1,25.15,-14.0,True,0.65,上涨
603365.SH,21.95,20.77,-5.0,True,0.96,下跌
000858.SZ,110.78,101.18,-9.0,True,1.11,下跌
600809.SH,183.97,142.38,-23.0,True,1.26,上涨
601019.SH,9.54,7.62,-20.0,True,0.52,下跌
601921.SH,8.99,7.99,-11.0,True,1.2,上涨
603600.SH,12.25,11.18,-9.0,True,0.79,上涨
000550.SZ,19.52,19.21,-2.0,True,0.71,下跌
600803.SH,24.55,20.97,-15.0,True,0.86,上涨
002206.SZ,7.57,6.2,-18.0,True,0.93,下跌
600909.SH,7.85,5.62,-28.0,True,0.98,下跌
601139.SH,8.0,7.1,-11.0,True,0.97,上涨
603035.SH,16.51,13.37,-19.0,True,1.7,下跌
603325.SH,87.8,77.0,-12.0,True,1.02,上涨
603338.SH,62.49,49.39,-21.0,True,0.76,下跌
603589.SH,31.35,24.94,-20.0,True,1.46,上涨
000333.SZ,81.16,79.85,-2.0,True,0.99,上涨
000899.SZ,16.15,13.37,-17.0,True,1.42,下跌
002483.SZ,8.32,7.0,-16.0,True,1.28,上涨
600061.SH,7.99,6.62,-17.0,True,1.24,下跌
600551.SH,9.0,8.2,-9.0,True,0.78,下跌
601766.SH,6.93,5.97,-14.0,True,1.27,下跌
601857.SH,13.69,11.82,-14.0,True,1.05,上涨
000999.SZ,30.49,27.28,-11.0,True,0.7,下跌
001965.SZ,10.39,9.45,-9.0,True,0.85,上涨
002701.SZ,6.09,5.43,-11.0,True,0.7,上涨
601108.SH,9.9,8.24,-17.0,True,0.76,下跌
603008.SH,22.75,12.25,-46.0,True,0.78,下跌
000528.SZ,12.21,9.78,-20.0,True,1.11,上涨
000932.SZ,6.86,4.92,-28.0,True,0.96,下跌
002546.SZ,12.4,8.73,-30.0,True,0.85,下跌
600717.SH,4.95,4.53,-8.0,True,1.05,上涨
603198.SH,43.1,39.02,-9.0,True,1.6,上涨
603801.SH,9.95,8.99,-10.0,True,0.85,上涨
000686.SZ,9.34,8.3,-11.0,True,0.98,下跌
000848.SZ,8.72,8.39,-4.0,True,0.99,上涨
000915.SZ,33.8,30.13,-11.0,True,1.28,下跌
601216.SH,6.75,5.24,-22.0,True,0.89,平盘
603689.SH,9.67,8.19,-15.0,True,1.02,上涨
000791.SZ,9.33,8.53,-9.0,False,1.04,上涨
000928.SZ,7.48,6.83,-9.0,True,0.7,下跌
002060.SZ,4.34,3.93,-9.0,True,0.81,上涨
003013.SZ,15.24,13.42,-12.0,True,1.21,上涨
600177.SH,8.0,7.49,-6.0,True,1.13,上涨
002394.SZ,17.34,13.75,-21.0,True,0.98,下跌
600109.SH,9.53,8.55,-10.0,True,0.92,下跌
600377.SH,12.56,12.2,-3.0,True,1.36,上涨
601199.SH,6.23,5.66,-9.0,True,1.04,上涨
601928.SH,10.45,9.49,-9.0,True,1.43,下跌
002128.SZ,35.08,32.75,-7.0,True,0.74,下跌
002867.SZ,14.28,12.57,-12.0,True,0.59,上涨
600153.SH,9.88,8.92,-10.0,True,0.94,上涨
600528.SH,9.6,7.87,-18.0,True,0.76,下跌
603833.SH,62.93,47.13,-25.0,True,1.15,下跌
000028.SZ,27.43,25.0,-9.0,True,0.94,下跌
000728.SZ,8.61,7.36,-15.0,True,1.68,下跌
000987.SZ,12.24,9.12,-25.0,True,0.85,上涨
600901.SH,7.23,7.18,-1.0,True,1.08,上涨
600008.SH,3.29,3.06,-7.0,True,0.91,上涨
600761.SH,24.39,16.96,-30.0,True,1.15,下跌
000411.SZ,14.08,11.16,-21.0,True,1.1,上涨
000828.SZ,11.11,10.11,-9.0,True,1.24,上涨
600033.SH,3.99,3.64,-9.0,True,0.75,下跌
600713.SH,6.65,5.7,-14.0,False,0.4,下跌
600894.SH,10.49,9.9,-6.0,True,0.76,下跌
601098.SH,11.52,11.14,-3.0,True,0.96,上涨
601163.SH,15.95,14.07,-12.0,True,0.96,上涨
603408.SH,13.9,11.47,-17.0,True,1.32,下跌
000166.SZ,5.19,4.65,-10.0,True,0.99,下跌
002984.SZ,21.76,17.34,-20.0,True,0.97,下跌
600332.SH,26.03,22.68,-13.0,True,0.89,下跌
600612.SH,52.16,41.34,-21.0,True,0.94,上涨
600710.SH,15.21,13.39,-12.0,True,1.0,上涨
600780.SH,8.45,7.28,-14.0,True,1.63,上涨
603357.SH,8.88,8.16,-8.0,True,1.18,平盘
600282.SH,6.05,5.3,-12.0,True,1.28,下跌
600323.SH,31.8,29.39,-8.0,True,0.82,上涨
600496.SH,4.79,3.96,-17.0,True,1.76,上涨
601326.SH,3.92,3.56,-9.0,True,0.71,上涨
603611.SH,25.27,20.61,-18.0,True,0.96,下跌
603995.SH,20.57,18.19,-12.0,True,0.51,下跌
002035.SZ,6.94,6.16,-11.0,True,0.59,下跌
002508.SZ,22.5,19.38,-14.0,True,0.94,下跌
002588.SZ,12.22,11.81,-3.0,True,2.06,上涨
600060.SH,25.5,24.34,-5.0,True,1.27,上涨
603201.SH,18.69,15.77,-16.0,True,1.31,下跌
002078.SZ,17.68,14.58,-18.0,True,0.95,上涨
601058.SH,16.93,13.6,-20.0,True,0.74,下跌
601107.SH,6.65,6.29,-5.0,True,0.81,上涨
601898.SH,19.77,17.6,-11.0,True,1.13,上涨
000902.SZ,19.45,15.47,-20.0,True,1.33,上涨
600273.SH,12.25,8.98,-27.0,True,0.86,上涨
600795.SH,5.28,4.95,-6.0,True,1.25,上涨
603518.SH,10.36,9.06,-13.0,True,1.36,上涨
000563.SZ,3.66,3.39,-7.0,True,1.07,上涨
600961.SH,29.95,29.16,-3.0,False,2.58,上涨
601555.SH,9.78,8.28,-15.0,True,0.9,上涨
603071.SH,15.46,14.25,-8.0,True,1.45,上涨
000685.SZ,12.79,11.64,-9.0,True,1.2,上涨
600096.SH,45.62,34.0,-25.0,True,1.26,上涨
000568.SZ,127.91,101.85,-20.0,True,1.06,上涨
000596.SZ,140.25,109.86,-22.0,True,1.25,上涨
002091.SZ,9.81,9.52,-3.0,True,1.38,上涨
600248.SH,3.77,3.44,-9.0,True,0.96,上涨
600639.SH,11.54,11.38,-1.0,True,1.0,上涨
600694.SH,19.4,17.04,-12.0,True,0.99,上涨
600782.SH,4.37,3.23,-26.0,True,1.7,下跌
603558.SH,15.64,13.67,-13.0,True,1.27,上涨
600030.SH,28.6,26.48,-7.0,True,0.8,上涨
600062.SH,19.08,18.05,-5.0,True,0.73,下跌
600668.SH,12.2,11.23,-8.0,True,1.09,下跌
000776.SZ,23.1,20.32,-12.0,True,0.77,上涨
001872.SZ,23.5,22.1,-6.0,True,1.03,上涨
002758.SZ,11.14,9.79,-12.0,True,0.89,上涨
603565.SH,12.4,11.03,-11.0,True,1.46,下跌
002489.SZ,3.9,3.34,-14.0,True,1.5,下跌
600642.SH,9.52,9.39,-1.0,True,0.93,上涨
601881.SH,15.5,12.57,-19.0,True,0.99,下跌
600874.SH,6.7,6.22,-7.0,True,1.18,上涨
600968.SH,5.8,4.27,-26.0,True,0.9,上涨
600999.SH,17.35,15.46,-11.0,True,1.1,下跌
601677.SH,18.86,18.05,-4.0,True,1.26,上涨
601811.SH,16.48,13.74,-17.0,True,0.5,下跌
603369.SH,35.44,26.26,-26.0,True,1.19,上涨
000690.SZ,6.16,5.48,-11.0,True,2.17,上涨
002011.SZ,13.68,12.09,-12.0,True,0.91,下跌
002572.SZ,15.28,12.56,-18.0,True,1.13,下跌
601083.SH,13.81,12.91,-7.0,True,0.81,下跌
601607.SH,17.68,16.97,-4.0,True,0.79,上涨
000151.SZ,13.98,10.57,-24.0,True,0.98,下跌
600039.SH,10.63,10.04,-6.0,True,1.08,上涨
600720.SH,7.54,6.75,-10.0,True,0.98,下跌
601298.SH,9.96,9.13,-8.0,True,0.93,上涨
000404.SZ,8.9,8.64,-3.0,True,2.48,上涨
600511.SH,30.75,28.83,-6.0,True,1.09,上涨
601211.SH,20.4,16.79,-18.0,True,0.9,下跌
601518.SH,3.14,2.85,-9.0,True,0.71,上涨
601598.SH,6.5,6.11,-6.0,True,0.75,下跌
601827.SH,9.44,8.04,-15.0,True,1.04,上涨
603529.SH,33.77,25.96,-23.0,True,0.95,下跌
000783.SZ,9.01,7.2,-20.0,True,0.77,下跌
600057.SH,8.83,7.38,-16.0,True,1.34,下跌
600098.SH,8.5,7.22,-15.0,True,1.25,上涨
600461.SH,10.23,10.22,-0.0,True,0.92,上涨
000719.SZ,14.59,14.49,-1.0,True,0.92,上涨
600662.SH,6.45,5.14,-20.0,True,1.14,上涨
600757.SH,9.68,8.77,-9.0,True,0.75,上涨
601686.SH,6.59,5.7,-14.0,True,1.44,下跌
601688.SH,23.69,19.08,-19.0,True,0.96,上涨
601900.SH,16.14,13.15,-19.0,True,1.33,下跌
603049.SH,59.48,48.73,-18.0,True,0.98,下跌
000600.SZ,10.99,9.45,-14.0,True,1.17,上涨
600987.SH,8.84,7.44,-16.0,True,0.74,上涨
600578.SH,5.96,5.53,-7.0,True,1.35,上涨
600023.SH,5.83,5.8,-1.0,True,1.25,上涨
601156.SH,19.63,17.06,-13.0,True,0.7,上涨
600690.SH,26.49,20.53,-22.0,True,1.18,下跌
600853.SH,4.89,4.02,-18.0,True,1.31,上涨
000598.SZ,7.43,6.91,-7.0,True,1.02,上涨
002244.SZ,12.34,10.23,-17.0,True,0.74,下跌
002736.SZ,13.3,11.14,-16.0,True,0.93,下跌
600368.SH,4.1,3.82,-7.0,True,1.01,下跌
000921.SZ,24.9,22.49,-10.0,True,0.73,下跌
600582.SH,6.33,5.75,-9.0,True,1.09,上涨
600970.SH,11.61,10.13,-13.0,True,0.81,下跌
601991.SH,4.99,4.21,-16.0,True,1.49,上涨
600729.SH,26.09,21.78,-17.0,True,1.02,下跌
600998.SH,5.84,5.41,-7.0,True,0.91,上涨
600483.SH,11.3,10.0,-12.0,True,1.27,下跌
002543.SZ,10.71,8.42,-21.0,True,0.92,下跌
601669.SH,7.19,5.94,-17.0,True,1.29,上涨
000726.SZ,8.03,6.68,-17.0,True,0.8,下跌
600035.SH,4.05,3.8,-6.0,True,1.27,下跌
601918.SH,8.53,8.15,-4.0,True,1.2,上涨
600866.SH,8.26,6.72,-19.0,True,1.27,下跌
002668.SZ,10.36,9.78,-6.0,True,1.75,上涨
600027.SH,5.52,4.89,-11.0,True,1.45,上涨
600741.SH,20.88,20.36,-2.0,True,0.97,上涨
002061.SZ,4.31,3.89,-10.0,True,1.12,上涨
002936.SZ,1.97,1.82,-8.0,True,1.27,平盘
603368.SH,19.01,16.76,-12.0,True,0.73,下跌
002608.SZ,8.91,7.86,-12.0,True,1.8,下跌
600018.SH,5.25,4.92,-6.0,True,0.78,上涨
600210.SH,8.22,7.0,-15.0,True,1.21,上涨
601288.SH,7.29,7.03,-4.0,True,0.79,下跌
000623.SZ,20.9,17.92,-14.0,True,0.97,下跌
600020.SH,4.41,3.81,-14.0,True,1.16,上涨
601717.SH,26.14,19.96,-24.0,True,0.93,下跌
601800.SH,8.56,7.2,-16.0,True,1.36,下跌
600269.SH,5.05,4.45,-12.0,True,0.93,上涨
600873.SH,13.24,10.0,-24.0,True,1.95,下跌
601117.SH,10.48,8.58,-18.0,True,0.87,下跌
600861.SH,19.16,16.36,-15.0,True,0.92,上涨
601318.SH,69.1,57.88,-16.0,True,0.98,下跌
601988.SH,5.97,5.82,-3.0,True,0.91,下跌
000543.SZ,9.43,8.31,-12.0,True,1.42,上涨
600011.SH,8.0,6.99,-13.0,True,1.43,上涨
600820.SH,6.8,6.05,-11.0,True,1.28,下跌
601187.SH,8.25,8.0,-3.0,True,1.06,上涨
000544.SZ,9.56,8.39,-12.0,True,1.22,上涨
601919.SH,16.98,14.45,-15.0,True,0.9,下跌
601939.SH,9.95,9.73,-2.0,True,0.95,平盘
002612.SZ,21.6,16.46,-24.0,True,0.99,下跌
601398.SH,7.71,7.58,-2.0,True,1.06,上涨
002966.SZ,8.89,8.81,-1.0,True,0.86,上涨
600704.SH,6.03,5.19,-14.0,True,1.06,下跌
601825.SH,9.36,8.89,-5.0,True,1.23,下跌
000885.SZ,14.68,14.39,-2.0,True,1.61,上涨
601319.SH,9.37,7.27,-22.0,True,0.98,下跌
601658.SH,5.27,5.19,-2.0,True,0.99,上涨
002142.SZ,32.92,32.02,-3.0,True,1.17,下跌
601628.SH,50.7,36.88,-27.0,True,0.98,下跌
601963.SH,11.79,11.04,-6.0,True,0.87,上涨
600502.SH,6.19,5.99,-3.0,True,0.75,上涨
601077.SH,7.55,7.45,-1.0,True,0.83,上涨
601601.SH,46.81,36.96,-21.0,True,1.03,下跌
001227.SZ,2.39,2.25,-6.0,True,1.08,上涨
600000.SH,11.06,9.54,-14.0,True,1.29,下跌
600036.SH,40.36,39.81,-1.0,True,0.9,下跌
601665.SH,6.44,6.4,-1.0,True,1.33,上涨
601860.SH,2.89,2.74,-5.0,True,1.4,上涨
600926.SH,17.57,17.23,-2.0,True,1.26,下跌
601998.SH,8.6,8.37,-3.0,True,1.17,上涨
000651.SZ,41.34,36.96,-11.0,True,1.02,上涨
600064.SH,9.23,8.16,-12.0,True,1.62,下跌
601328.SH,7.13,6.99,-2.0,True,1.01,下跌
601916.SH,3.15,2.98,-5.0,True,1.08,下跌
601009.SH,11.95,11.79,-1.0,True,1.35,上涨
600928.SH,3.95,3.85,-3.0,True,1.74,上涨
603363.SH,4.66,3.63,-22.0,True,0.73,下跌
002948.SZ,5.78,5.73,-1.0,True,1.55,上涨
600919.SH,11.3,11.2,-1.0,True,1.13,上涨
601128.SH,7.45,7.36,-1.0,True,1.12,上涨
601229.SH,10.14,9.87,-3.0,True,1.38,上涨
601390.SH,6.47,5.24,-19.0,True,0.91,下跌
002839.SZ,4.79,4.76,-1.0,True,1.38,上涨
002958.SZ,3.24,3.12,-4.0,True,1.69,上涨
601336.SH,85.85,62.85,-27.0,True,0.88,下跌
601838.SH,18.18,18.16,-0.0,True,1.41,上涨
600908.SH,6.09,5.87,-4.0,True,1.42,上涨
600016.SH,4.02,3.74,-7.0,True,1.31,上涨
002807.SZ,4.82,4.79,-1.0,True,1.13,上涨
601528.SH,5.77,5.38,-7.0,True,1.31,上涨
601186.SH,7.67,6.86,-11.0,True,1.04,下跌
601166.SH,20.27,18.2,-10.0,True,1.4,下跌
000001.SZ,11.32,11.0,-3.0,True,1.23,下跌
601818.SH,3.41,3.18,-7.0,True,0.95,平盘
603323.SH,5.22,5.03,-4.0,True,1.32,上涨
601577.SH,10.14,9.96,-2.0,True,1.24,上涨
600841.SH,11.32,9.75,-14.0,True,0.79,上涨
601668.SH,5.2,4.85,-7.0,True,1.15,下跌
601169.SH,5.55,5.48,-1.0,True,1.32,上涨
600015.SH,7.52,7.18,-5.0,True,1.17,下跌
601997.SH,6.37,6.28,-1.0,True,2.25,上涨
000498.SZ,6.35,5.76,-9.0,True,0.92,下跌
600340.SH,1.91,1.3,-32.0,False,0.77,下跌
601828.SH,2.76,2.37,-14.0,True,0.72,下跌
000002.SZ,5.18,3.81,-26.0,True,0.89,下跌
002146.SZ,1.74,1.28,-26.0,True,1.04,下跌
000056.SZ,2.43,1.93,-21.0,True,1.83,上涨
600606.SH,1.75,1.35,-23.0,True,1.06,下跌
000402.SZ,3.22,2.68,-17.0,False,0.38,下跌
000926.SZ,2.45,1.95,-20.0,True,0.76,下跌
600383.SH,3.65,2.7,-26.0,True,0.65,下跌
600657.SH,3.72,2.96,-20.0,True,0.98,下跌
000826.SZ,3.05,1.87,-39.0,True,0.93,下跌
000069.SZ,2.87,2.17,-24.0,True,0.72,下跌
600376.SH,6.19,4.45,-28.0,True,0.95,下跌
002634.SZ,9.67,4.75,-51.0,False,0.99,下跌
600881.SH,1.92,1.44,-25.0,True,1.49,下跌
600665.SH,3.72,3.21,-14.0,True,0.87,下跌
601588.SH,2.28,1.77,-22.0,False,0.49,下跌
600831.SH,4.9,3.45,-30.0,True,0.88,下跌
002542.SZ,3.69,1.88,-49.0,False,0.97,下跌
600622.SH,3.03,2.53,-17.0,True,0.68,下跌
600984.SH,5.31,4.08,-23.0,True,0.79,下跌
600537.SH,4.39,3.38,-23.0,False,0.77,下跌
002193.SZ,7.39,6.17,-17.0,True,0.73,下跌
601718.SH,3.58,2.91,-19.0,True,0.98,下跌
000016.SZ,5.4,3.22,-40.0,True,1.2,下跌
000517.SZ,2.41,1.87,-22.0,False,0.67,下跌
600807.SH,3.79,2.88,-24.0,True,0.69,下跌
000761.SZ,3.93,2.98,-24.0,True,0.82,下跌
002431.SZ,3.03,2.4,-21.0,True,0.61,下跌
002133.SZ,3.99,3.23,-19.0,True,0.81,下跌
600322.SH,2.61,2.36,-10.0,True,0.59,下跌
600533.SH,2.83,2.38,-16.0,True,0.82,下跌
600579.SH,9.66,7.75,-20.0,True,1.09,下跌
000059.SZ,6.9,5.29,-23.0,True,1.01,平盘
000632.SZ,5.5,4.6,-16.0,True,1.09,上涨
603359.SH,7.35,5.64,-23.0,True,0.95,下跌
603378.SH,7.36,5.52,-25.0,True,0.82,下跌
000822.SZ,7.51,6.1,-19.0,True,0.88,下跌
002129.SZ,11.86,8.64,-27.0,True,0.94,下跌
002672.SZ,5.22,4.19,-20.0,True,0.82,平盘
600231.SH,2.62,2.12,-19.0,True,0.95,上涨
600658.SH,5.84,5.01,-14.0,False,0.68,上涨
002022.SZ,7.54,5.69,-25.0,True,0.77,下跌
000042.SZ,9.61,9.05,-6.0,True,1.32,上涨
600500.SH,5.03,4.26,-15.0,True,0.96,上涨
600655.SH,6.15,4.97,-19.0,True,0.55,下跌
000031.SZ,4.1,2.89,-30.0,True,0.76,下跌
601005.SH,1.68,1.4,-17.0,True,0.79,下跌
000639.SZ,3.32,2.03,-39.0,True,0.77,下跌
600094.SH,5.63,4.83,-14.0,True,0.89,上涨
000877.SZ,5.8,4.71,-19.0,True,0.9,下跌
002459.SZ,13.39,10.87,-19.0,True,0.84,下跌
000759.SZ,7.86,5.23,-33.0,True,1.3,下跌
002514.SZ,6.27,4.13,-34.0,True,1.05,下跌
002329.SZ,4.47,3.92,-12.0,True,0.56,下跌
002387.SZ,9.39,8.06,-14.0,True,0.94,下跌
002520.SZ,7.21,5.38,-25.0,True,0.92,下跌
600121.SH,5.85,4.18,-29.0,True,0.91,上涨
600939.SH,3.32,2.85,-14.0,True,0.92,下跌
000898.SZ,2.79,2.3,-18.0,True,0.82,下跌
002694.SZ,3.87,2.86,-26.0,True,0.9,上涨
600491.SH,3.38,2.01,-41.0,False,1.26,下跌
002425.SZ,4.3,3.16,-27.0,True,0.9,下跌
600708.SH,4.7,3.27,-30.0,True,0.89,平盘
600960.SH,6.39,5.08,-21.0,True,1.2,下跌
000701.SZ,6.95,5.71,-18.0,True,1.22,下跌
600569.SH,2.85,2.11,-26.0,True,0.96,下跌
002291.SZ,9.04,6.21,-31.0,True,1.14,下跌
600303.SH,3.57,3.09,-13.0,True,1.09,上涨
601015.SH,5.88,4.07,-31.0,True,1.08,上涨
000635.SZ,10.93,7.9,-28.0,True,1.15,下跌
000665.SZ,5.94,4.59,-23.0,True,0.96,下跌
002856.SZ,16.55,11.85,-28.0,True,1.23,上涨
600403.SH,7.88,5.86,-26.0,True,1.23,上涨
000802.SZ,5.34,4.14,-22.0,True,2.21,上涨
002298.SZ,13.6,10.0,-26.0,True,0.99,下跌
002314.SZ,3.16,2.46,-22.0,False,0.61,下跌
002798.SZ,7.41,6.91,-7.0,True,0.94,下跌
600876.SH,11.68,9.78,-16.0,True,0.56,下跌
001330.SZ,13.72,8.44,-38.0,True,1.34,上涨
000545.SZ,4.33,2.91,-33.0,True,1.03,下跌
002855.SZ,17.0,11.4,-33.0,True,0.98,下跌
000055.SZ,4.33,3.39,-22.0,True,0.86,下跌
000838.SZ,2.97,1.71,-42.0,False,0.92,下跌
600185.SH,8.28,5.86,-29.0,True,1.06,下跌
600337.SH,3.6,3.16,-12.0,False,0.44,下跌
600405.SH,6.24,5.08,-19.0,True,0.95,下跌
600733.SH,8.55,7.22,-16.0,True,0.99,下跌
603010.SH,13.42,12.81,-5.0,True,0.91,下跌
603982.SH,9.15,7.67,-16.0,True,0.86,下跌
000790.SZ,4.33,3.85,-11.0,False,0.71,下跌
002663.SZ,2.47,2.07,-16.0,False,0.68,下跌
600800.SH,5.55,4.86,-12.0,True,1.05,下跌
601106.SH,6.17,4.19,-32.0,True,0.99,下跌
600052.SH,4.99,4.58,-8.0,True,2.18,上涨
002793.SZ,5.63,5.63,0.0,True,1.18,上涨
600117.SH,3.06,2.6,-15.0,True,1.27,下跌
600307.SH,2.51,1.77,-29.0,True,0.88,下跌
600792.SH,5.44,4.22,-22.0,True,1.31,上涨
000078.SZ,4.5,3.33,-26.0,False,0.67,下跌
002719.SZ,9.97,8.12,-19.0,True,0.97,下跌
601238.SH,8.39,7.1,-15.0,True,1.07,下跌
002805.SZ,19.37,17.87,-8.0,True,0.8,下跌
000610.SZ,13.43,8.22,-39.0,True,0.75,下跌
600743.SH,3.53,2.5,-29.0,False,0.81,下跌
601908.SH,5.35,4.35,-19.0,True,0.79,下跌
002682.SZ,7.67,5.84,-24.0,True,0.94,下跌
603880.SH,7.75,6.3,-19.0,True,0.73,下跌
600438.SH,22.0,18.33,-17.0,True,0.95,上涨
603458.SH,12.51,11.56,-8.0,False,1.01,下跌
002501.SZ,2.76,1.71,-38.0,True,1.06,下跌
600996.SH,11.1,8.58,-23.0,True,0.84,下跌
603421.SH,11.36,8.3,-27.0,True,0.85,上涨
000797.SZ,3.32,2.7,-19.0,True,0.83,下跌
002302.SZ,6.77,5.57,-18.0,True,0.84,下跌
000818.SZ,25.9,14.65,-43.0,True,0.84,下跌
002189.SZ,24.07,20.65,-14.0,True,1.21,下跌
002285.SZ,3.67,2.97,-19.0,False,0.67,下跌
603959.SH,7.3,5.9,-19.0,False,1.14,下跌
002205.SZ,15.73,12.64,-20.0,True,1.11,下跌
