代码,名称,peTTM,pbMRQ,isST
sh.600561,江西长运,10682.2,2.1,0
sh.603858,步长制药,10586.4,1.7,0
sh.603516,淳中科技,5927.8,21.5,0
sz.002491,通鼎互联,4971.5,7.5,0
sh.600328,中盐化工,4741,1,0
sz.000593,德龙汇能,4518.6,7.7,0
sz.001331,胜通能源,4331.2,9.5,0
sh.600118,中国卫星,2857.7,16,0
sz.002235,安妮股份,2635.3,7.3,0
sz.001236,弘业期货,2349.9,5,0
sh.600698,湖南天雁,1857.9,10.1,0
sz.002792,通宇通讯,1761.9,9.6,0
sz.002544,普天科技,1755.5,4.9,0
sh.600616,金枫酒业,1642.7,1.7,0
sz.002527,新时达,1606,7.1,0
sh.605188,国光连锁,1470.1,7.4,0
sh.600518,康美药业,1454.3,3.4,0
sh.603026,石大胜华,1435.1,4.6,0
sz.002490,山东墨龙,1344.8,13.9,0
sz.003040,楚天龙,1263.7,5.3,0
sh.600330,天通股份,1227.8,3.3,0
sh.600127,金健米业,1187.4,6.7,0
sh.600775,南京熊猫,1147,3.9,0
sh.603023,威帝股份,1127.3,3.2,0
sz.002342,巨力索具,1049.4,7.5,0
sh.600877,电科芯片,1044.7,8.3,0
sz.002796,世嘉科技,1033.7,15.7,0
sh.605008,长鸿高科,1013.1,3.9,0
sz.002428,云南锗业,969.5,27.8,0
sz.002809,红墙股份,951.6,1.5,0
sz.002951,金时科技,908.4,3.8,0
sz.002217,合力泰,882.1,10.7,0
sz.000158,常山北明,851.3,5.3,0
sh.603353,和顺石油,844.3,4.1,0
sz.002389,航天彩虹,817.6,2.7,0
sh.603110,东方材料,797.2,5.1,0
sz.002718,友邦吊顶,791.7,10.7,0
sz.002455,百川股份,765.2,4.7,0
sz.002456,欧菲光,762.3,7.9,0
sh.603196,璞源材料,744.8,7.3,0
sz.002210,飞马国际,734.6,7.1,0
sh.600316,洪都航空,725.2,5.4,0
sz.001313,粤海饲料,718.3,2.3,0
sh.603189,网达软件,715.7,2.7,0
sh.600703,三安光电,705.9,1.9,0
sh.605398,新炬网络,667.4,4.3,0
sh.600084,中信尼雅,632.5,5.8,0
sz.002162,悦心健康,627.5,5.1,0
sh.600058,五矿发展,625.1,2.4,0
sh.603085,天成自控,620.4,5.3,0
sz.002931,锋龙股份,618,16.2,0
sh.600257,大湖股份,606.1,3.8,0
sz.000981,山子高科,597.8,24.1,0
sz.002177,御银股份,597.6,3.5,0
sh.600730,中国高科,596.5,2.8,0
sh.603336,宏辉果蔬,595.1,4,0
sh.600653,申华控股,589,4.7,0
sz.002646,天佑德酒,585.2,1.3,0
sh.600520,三佳科技,576.6,11.3,0
sh.603159,上海亚虹,575.9,7.5,0
sh.600390,五矿资本,568.9,0.6,0
sh.600158,中体产业,566.2,4,0
sh.603701,德宏股份,563.2,8.1,0
sz.002932,明德生物,559.9,0.7,0
sh.600797,浙大网新,557.7,2.8,0
sz.002633,申科股份,550,6.7,0
sz.002976,瑞玛精密,549.9,5.2,0
sz.000565,渝三峡A,539.7,2.5,0
sz.002877,智能自控,536.4,2.6,0
sh.601777,千里科技,535.6,4.4,0
sz.000677,恒天海龙,533.1,7.7,0
sh.600516,方大炭素,528.3,1.4,0
sz.002212,天融信,524.9,0.9,0
sz.000886,海南高速,515,1.9,0
sz.002361,神剑股份,512.9,8.1,0
sz.000831,中国稀土,510.7,11.4,0
sh.603232,格尔软件,498.9,3.5,0
sh.605255,天普股份,494.1,19.9,0
sz.001259,利仁科技,473.9,3.2,0
sz.000586,汇源通信,467.2,11.1,0
sz.002747,埃斯顿,459.9,10.5,0
sh.603052,可川科技,459,14.4,0
sh.600371,万向德农,456.1,4.7,0
sh.600640,国脉文化,446.6,2.4,0
sh.603066,音飞储存,444.6,2,0
sh.600123,兰花科创,425.3,0.6,0
sh.600178,东安动力,424.4,2.1,0
sz.000973,佛塑科技,419.2,15.5,0
sz.002577,雷柏科技,407.4,3.7,0
sh.600488,津药药业,406.1,2.2,0
sz.002451,摩恩电气,403.5,5.5,0
sz.001255,博菲电气,403.4,4.4,0
sz.002224,三力士,399.5,1.2,0
sz.001267,汇绿生态,398.5,21.6,0
sz.000766,通化金马,397.7,9.9,0
sh.600816,建元信托,395.5,1.8,0
sh.603117,万林物流,387.8,2.6,0
sh.600880,博瑞传播,383.2,1.8,0
sh.600673,东阳光,382.9,11.4,0
sh.603002,宏昌电子,382.1,4.3,0
sz.002488,金固股份,380.7,3.6,0
sh.600589,大位科技,380.5,23.4,0
sh.601869,长飞光纤,372.3,21.9,0
sh.600556,天下秀,363.1,2.9,0
sh.600189,泉阳泉,361.9,4.4,0
sh.605100,华丰股份,360.1,4.6,0
sz.002639,雪人集团,360.1,6,0
sz.002686,亿利达,356.6,2.7,0
sz.002565,顺灏股份,353.7,10.8,0
sz.002134,天津普林,353.3,10.9,0
sh.600423,柳化股份,353.2,3.9,0
sh.603126,中材节能,351.7,2.4,0
sz.002219,新里程,347.2,4,0
sh.603121,华培动力,347.1,6.4,0
sz.002132,恒星科技,345.8,1.8,0
sh.600879,航天电子,340.4,3.7,0
sh.601212,白银有色,337.4,3.9,0
sz.000978,桂林旅游,335.6,3.4,0
sh.603685,晨丰科技,335,6.3,0
sh.600249,两面针,334.6,1.5,0
sz.000852,石化机械,334.1,2.1,0
sz.002316,亚联发展,334.1,26.8,0
sz.002952,亚世光电,331,4.7,0
sz.000009,中国宝安,328.6,2.3,0
sh.601698,中国卫通,325.3,9,0
sh.600778,友好集团,325.1,8.7,0
sh.600081,东风科技,324.4,1.3,0
sh.603348,文灿股份,314.2,1.5,0
sh.600651,飞乐音响,312.1,6.8,0
sh.600037,歌华有线,311.9,0.8,0
sh.603728,鸣志电器,310.5,8.4,0
sz.001314,亿道信息,309.7,3,0
sh.600506,统一股份,308.6,9.1,0
sh.603256,宏和科技,306,34.4,0
sh.603738,泰晶科技,304.9,6.6,0
sz.002629,仁智股份,303.9,42.8,0
sh.600769,祥龙电业,302.9,46.6,0
sz.000953,河化股份,302.7,15.5,0
sh.605186,健麾信息,302.3,2.5,0
sz.002195,岩山科技,300.5,5.2,0
sh.600505,西昌电力,300,3.9,0
sz.002149,西部材料,300,9.2,0
sh.603933,睿能科技,297.4,3.9,0
sh.600629,华建集团,289,3.9,0
sh.600975,新五丰,286.3,2.4,0
sz.000039,中集集团,284.3,1.4,0
sz.000910,大亚圣象,282.4,0.6,0
sh.600644,乐山电力,282,3.1,0
sh.603667,五洲新春,282,8.7,0
sz.002861,瀛通通讯,280.7,2.7,0
sh.600615,鑫源智造,280.5,3.5,0
sz.002721,金一文化,278.1,3.8,0
sh.603113,金能科技,276,0.8,0
sh.603496,恒为科技,274,6.9,0
sz.000555,神州信息,273.9,2.7,0
sh.600148,长春一东,272.5,5.4,0
sh.603068,博通集成,268.4,3,0
sh.603395,红四方,266.7,5.2,0
sh.600619,海立股份,266.3,3.1,0
sz.002642,荣联科技,264.4,4.5,0
sh.600605,汇通能源,263.8,4.5,0
sz.002828,贝肯能源,263.8,3.4,0
sz.002104,恒宝股份,263.2,5,0
sh.603917,合力科技,261.1,1.6,0
sh.605289,罗曼股份,260.4,10.8,0
sz.002851,麦格米特,259.7,9.8,0
sz.002857,三晖电气,259,5.4,0
sz.002873,新天药业,258,1.9,0
sh.600259,中稀有色,256.7,9.4,0
sz.002636,金安国纪,256.2,8.1,0
sh.603668,天马科技,253.3,3,0
sz.002579,中京电子,253.2,3.3,0
sh.603663,三祥新材,251.4,14.6,0
sh.601366,利群股份,251.3,1,0
sh.603076,乐惠国际,249.7,2.7,0
sz.002908,德生科技,249.5,3.6,0
sh.600272,开开实业,249.1,4.1,0
sz.002466,天齐锂业,245.8,2.7,0
sh.603657,春光科技,243.1,3.7,0
sh.600654,中安科,242.9,8.3,0
sz.002653,海思科,241.7,14.6,0
sz.002364,中恒电气,239.6,9.5,0
sz.000912,泸天化,238.7,1.2,0
sz.002045,国光电器,238.5,1.5,0
sz.002892,科力尔,238.1,6.3,0
sh.600395,盘江股份,237.6,1.2,0
sh.601388,怡球资源,235.5,2,0
sz.002427,尤夫股份,233.8,6.7,0
sz.002896,中大力德,233.8,12.2,0
sz.002927,泰永长征,232.6,3.8,0
sz.000410,沈阳机床,232,4.2,0
sz.002232,启明信息,230,5.3,0
sz.002677,浙江美大,228.8,3.4,0
sz.002338,奥普光电,228,9.9,0
sh.600693,东百集团,226.4,2.9,0
sz.002654,万润科技,226.1,8.3,0
sz.002295,精艺股份,225,2,0
sz.002549,凯美特气,224.6,6.5,0
sh.600824,益民集团,224.3,1.7,0
sh.603633,徕木股份,223.5,1.9,0
sz.002384,东山精密,223.4,13.9,0
sh.600590,泰豪科技,223.2,4.2,0
sh.601700,风范股份,220.1,2.4,0
sh.600180,瑞茂通,218,0.4,0
sh.600391,航发科技,217.9,7.4,0
sz.002837,英维克,216.6,32.6,0
sh.603171,税友股份,216,9.2,0
sz.002265,建设工业,215.6,6.3,0
sh.601616,广电电气,214.8,1.7,0
sh.600327,大东方,214.6,1.1,0
sz.002759,天际股份,214.6,5.4,0
sh.600255,鑫科材料,213.4,4.5,0
sz.002254,泰和新材,212.9,1.3,0
sz.000837,秦川机床,212.8,2.3,0
sz.002869,金溢科技,211.3,1.8,0
sz.002077,大港股份,211.1,2.8,0
sz.000965,天保基建,210.9,0.7,0
sh.600893,航发动力,209.1,3.3,0
sh.605598,上海港湾,209.1,7.2,0
sh.603601,再升科技,208,7.7,0
sz.000029,深深房A,206.2,5.7,0
sh.603220,中贝通信,202.6,8.7,0
sh.603177,德创环保,200.2,6.2,0
sh.603881,数据港,200,8.9,0
sh.600822,上海物贸,198.9,4,0
sz.002025,航天电器,198.7,5.5,0
sh.603898,好莱客,197.3,1.3,0
sh.603922,金鸿顺,195.3,3.7,0
sh.603083,剑桥科技,194.5,6.9,0
sh.605376,博迁新材,194.3,18.2,0
sh.600610,中毅达,194.1,82,0
sz.002256,兆新股份,192.4,6.9,0
sh.600678,四川金顶,192,13,0
sh.600722,金牛化工,191.6,7.4,0
sh.600435,北方导航,188.5,7.8,0
sh.605179,一鸣食品,188.3,6.4,0
sz.000628,高新发展,187.8,9.8,0
sh.600986,浙文互联,187.5,3.1,0
sz.000036,华联控股,187.3,1.4,0
sh.603375,盛景微,186.2,2.7,0
sz.002263,大东南,184,3.4,0
sh.600495,晋西车轴,183.6,1.6,0
sz.002890,弘宇股份,183.6,4.6,0
sz.000990,诚志股份,183.3,0.7,0
sh.603688,石英股份,183,4.8,0
sh.600212,绿能慧充,182.2,10.4,0
sh.605300,佳禾食品,181.9,1.7,0
sz.000825,太钢不锈,181.8,0.8,0
sh.600105,永鼎股份,181.2,18.3,0
sh.603169,兰石重装,181.1,3.9,0
sh.605298,必得科技,181.1,9.7,0
sh.600692,亚通股份,179.9,2.7,0
sz.002365,永安药业,178.7,2,0
sz.002248,华东数控,178.3,42,0
sz.000681,视觉中国,177.4,4.1,0
sh.600645,中源协和,177.3,3.6,0
sz.002182,宝武镁业,176.8,3.1,0
sh.600103,青山纸业,176.2,2.4,0
sh.600375,汉马科技,175.9,2.5,0
sz.002041,登海种业,174.7,2.5,0
sh.600593,大连圣亚,173.9,24.5,0
sh.603175,超颖电子,173.1,13.8,0
sz.002400,省广集团,173,3.1,0
sz.002181,粤传媒,172.9,3.8,0
sz.002651,利君股份,172.4,3.5,0
sz.002679,福建金森,171.6,3.4,0
sh.603009,北特科技,171.4,10.3,0
sh.600865,百大集团,171,1.9,0
sz.003007,直真科技,170.9,5.3,0
sh.600714,金瑞矿业,170.5,6.9,0
sz.002401,中远海科,170.1,3.3,0
sh.600602,云赛智联,170,6.8,0
sh.603976,正川股份,169.8,2.5,0
sz.001309,德明利,169.3,35.6,0
sh.605339,南侨食品,167.9,2,0
sz.002407,多氟多,167.9,4.3,0
sz.002969,嘉美包装,167.3,10.8,0
sh.600527,江南高纤,166.8,2.3,0
sz.000633,合金投资,166.2,13.3,0
sz.002888,惠威科技,166.1,7.4,0
sh.603466,风语筑,165.2,2.7,0
sh.600100,同方股份,164.9,1.7,0
sh.600396,华电辽能,164.7,7.8,0
sz.002297,博云新材,163.9,4.8,0
sh.601208,东材科技,162.9,6.2,0
sz.002222,福晶科技,162.6,24.4,0
sz.002664,信质集团,162.4,2.6,0
sz.000970,中科三环,162.3,2.3,0
sh.600201,生物股份,162,3,0
sz.002279,久其软件,162,5,0
sh.600198,大唐电信,160.9,40.4,0
sh.600288,大恒科技,160.4,3.6,0
sh.600313,农发种业,159.3,4.3,0
sh.600689,上海三毛,159.2,5.8,0
sz.001258,立新能源,158.5,2.8,0
sh.600187,国中水务,158.4,0.9,0
sz.002493,荣盛石化,158.2,2.7,0
sh.600530,交大昂立,157.9,12.7,0
sh.600749,西藏旅游,157.8,4.3,0
sz.001226,拓山重工,156.6,4.6,0
sz.000901,航天科技,156.4,4.3,0
sz.002990,盛视科技,156.4,5.4,0
sh.600191,华资实业,156.3,3.6,0
sz.001326,联域股份,155.2,3.4,0
sh.600611,大众交通,154.1,1.1,0
sh.600232,金鹰股份,154,3.4,0
sh.603272,联翔股份,151.6,5.7,0
sz.002843,泰嘉股份,151.4,4.5,0
sh.603135,中重科技,150.8,2.4,0
sz.000011,深物业A,149.7,1.5,0
sz.001201,东瑞股份,149.5,1,0
sz.002196,方正电机,149.4,5,0
sz.002607,中公教育,149.2,19.6,0
sh.600230,沧州大化,148.4,2,0
sz.002980,华盛昌,148.2,12.8,0
sh.603629,利通电子,147.2,14.8,0
sh.600512,腾达建设,147.1,0.6,0
sz.002615,哈尔斯,147,1.8,0
sh.603988,中电电机,146.9,9.3,0
sh.600825,新华传媒,146.6,2.5,0
sz.002730,电光科技,146.3,6,0
sh.600235,民丰特纸,145,1.6,0
sh.603960,克来机电,144.7,5.7,0
sh.605336,帅丰电器,144.7,1.5,0
sz.002165,红宝丽,143.5,3.5,0
sz.002733,雄韬股份,143.4,4.4,0
sz.000032,深桑达A,143.1,3.7,0
sz.000058,深赛格,142.6,4.9,0
sz.002515,金字火腿,142.6,3,0
sz.002655,共达电声,141.9,10,0
sz.002886,沃特股份,141.8,3.3,0
sh.600250,南京商旅,141.1,5.8,0
sh.600702,舍得酒业,141,2.1,0
sh.603306,华懋科技,140.6,11.5,0
sz.000789,万年青,139.9,0.6,0
sh.605566,福莱蒽特,138.2,2.1,0
sh.600113,浙江东日,138,7.8,0
sh.600666,奥瑞德,138,19.5,0
sz.000605,渤海股份,137.6,1.1,0
sh.603308,应流股份,136.6,9.8,0
sh.605288,凯迪股份,136.5,2.7,0
sz.000751,锌业股份,136.2,2.6,0
sh.600675,中华企业,136.1,1.1,0
sz.002962,五方光电,136.1,2.9,0
sh.600149,廊坊发展,136,9.4,0
sz.002378,章源钨业,134.7,17.5,0
sz.000601,韶能股份,134.6,1.7,0
sh.600515,海南机场,133.8,1.8,0
sz.002738,中矿资源,133.4,5,0
sz.002230,科大讯飞,133.2,6.3,0
sh.600962,国投中鲁,132.7,5.7,0
sh.603656,泰禾智能,132.7,2.9,0
sz.003030,祖名股份,132.3,2.5,0
sz.000862,银星能源,131.9,1.4,0
sz.002707,众信旅游,131.2,7,0
sh.603985,恒润股份,129.9,3.3,0
sh.600493,凤竹纺织,129.2,1.8,0
sz.002905,金逸影视,128.1,44.6,0
sh.600010,包钢股份,127.8,2.5,0
sh.603938,三孚股份,127.7,4.1,0
sh.603038,华立股份,127.5,3.2,0
sh.600550,保变电气,126.7,32.4,0
sz.001208,华菱线缆,126.5,4.8,0
sz.002510,天汽模,126.5,2.9,0
sh.601615,明阳智能,126.2,1.5,0
sz.000930,中粮科技,126.2,1.1,0
sz.002144,宏达高科,125.5,1.3,0
sh.603315,福鞍股份,125.3,3.5,0
sz.000948,南天信息,125.2,2.3,0
sz.000631,顺发恒能,124.8,1.3,0
sz.001298,好上好,124.8,5.8,0
sh.603032,德新科技,124.7,4.6,0
sh.600157,永泰能源,124.5,0.8,0
sh.600292,电投水电,124.1,3.9,0
sz.002882,金龙羽,124.1,6.3,0
sz.002935,天奥电子,123.8,5.1,0
sh.603986,兆易创新,122.9,10.7,0
sz.003036,泰坦股份,122.7,4.4,0
sz.000050,深天马A,122.5,0.8,0
sh.603819,神力股份,121.7,4,0
sh.600345,长江通信,121.4,4.7,0
sh.600758,辽宁能源,121.4,0.9,0
sh.600029,南方航空,120.7,2.9,0
sz.002271,东方雨虹,120.6,1.9,0
sz.002840,华统股份,120,2.7,0
sh.600279,重庆港,119.7,0.9,0
sh.600805,悦达投资,119.5,1,0
sh.603273,天元智能,119.2,4.4,0
sz.002625,光启技术,119.2,9,0
sz.002495,佳隆股份,118.2,2.1,0
sz.000958,电投产融,117.9,5.2,0
sz.003043,华亚智能,117.6,4.3,0
sh.603990,麦迪科技,117.2,5.5,0
sz.002760,凤形股份,117.2,2.8,0
sh.603000,人民网,116.8,5.9,0
sz.002564,天沃科技,116.7,29.4,0
sh.603538,美诺华,116.4,5.2,0
sz.000967,盈峰环境,116.3,2.6,0
sz.000753,漳州发展,116.1,2.4,0
sz.002955,鸿合科技,115.8,1.8,0
sz.000017,深中华A,115.6,12.5,0
sz.002094,青岛金王,115.1,2.8,0
sh.603698,航天工程,114.3,7.1,0
sz.002067,景兴纸业,114.2,1.1,0
sz.002339,积成电子,114.1,3.1,0
sh.603327,福蓉科技,113.5,5.6,0
sh.603211,晋拓股份,113.2,5.8,0
sz.002356,赫美集团,113.2,7.3,0
sz.002290,禾盛新材,113.1,19.1,0
sz.002350,北京科锐,112.2,4.5,0
sh.603016,新宏泰,111.4,8.9,0
sh.600596,新安股份,111.2,1.3,0
sz.002708,光洋股份,111.2,4.9,0
sz.002164,宁波东力,110.9,4.8,0
sz.002530,金财互联,110.7,5.4,0
sz.002397,梦洁股份,110.5,2.5,0
sh.600552,凯盛科技,110.3,3.3,0
sz.002131,利欧股份,110.2,4.1,0
sz.002320,海峡股份,109.7,4.8,0
sz.002301,齐心集团,109.5,1.6,0
sz.002975,博杰股份,109.5,7,0
sz.002460,赣锋锂业,109.3,3.9,0
sh.603602,纵横通信,108.9,2.9,0
sz.002876,三利谱,108.3,2.1,0
sz.003026,中晶科技,108.1,7.2,0
sh.603396,金辰股份,108,1.9,0
sh.603015,弘讯科技,107.9,3.6,0
sh.603655,朗博科技,107.8,8,0
sz.002859,洁美科技,107.8,7.4,0
sz.002135,东南网架,107.7,1.3,0
sz.002445,中南文化,107.6,3.6,0
sh.603590,康辰药业,107.5,1.9,0
sh.600630,龙头股份,107.2,4.4,0
sh.603206,嘉环科技,107,2.3,0
sz.003021,兆威机电,107,7.8,0
sz.002160,常铝股份,106.7,1.4,0
sz.002885,京泉华,106.5,4.9,0
sh.600727,鲁北化工,106.2,1.3,0
sz.002535,林州重机,106,3.9,0
sh.600592,龙溪股份,105.5,3.2,0
sh.600318,新力金融,105.1,3.6,0
sz.001209,洪兴股份,105.1,2.1,0
sz.001322,箭牌家居,105,1.5,0
sh.603800,洪田股份,104.8,11.5,0
sz.001400,江顺科技,104.7,9.4,0
sz.002971,和远气体,104.6,4,0
sz.001203,大中矿业,104.4,11.1,0
sh.603048,浙江黎明,104.3,2.6,0
sh.601727,上海电气,104,2.3,0
sz.001339,智微智能,104,8,0
sz.000010,美丽生态,103.6,14.3,0
sz.000713,国投丰乐,103.6,2.7,0
sz.002012,凯恩股份,103.3,2.1,0
sz.002046,国机精工,103.2,6.1,0
sh.600771,广誉远,103.1,5.2,0
sh.603200,上海洗霸,103.1,10.8,0
sh.605033,美邦股份,103,2.7,0
sh.603119,浙江荣泰,102.9,14.1,0
sh.603489,八方股份,102.9,3,0
sz.002281,光迅科技,102.9,9.6,0
sz.002849,威星智能,102.7,2.9,0
sh.603901,永创智能,102.5,2.7,0
sz.000020,深华发A,102.1,10.5,0
sz.002201,九鼎新材,102,6.8,0
sz.000533,顺钠股份,101.9,10.7,0
sh.600099,林海股份,101.8,4.6,0
sh.600751,海航科技,101.6,1.5,0
sh.603191,望变电气,101.4,2.8,0
sz.003018,金富科技,101.1,6.4,0
sz.002695,煌上煌,101,2.3,0
sz.002779,中坚科技,100.9,19.1,0
sz.001211,双枪科技,100.8,2.6,0
sz.002198,嘉应制药,100.6,5.6,0
sh.600287,苏豪时尚,100.4,1.1,0
sz.000524,岭南控股,100.2,3.1,0
sz.002716,湖南白银,100.2,9.6,0
sz.000657,中钨高新,99.9,13,0
sz.001280,中国铀业,99.9,14.2,0
sz.002494,华斯股份,99,1.6,0
sz.000534,万泽股份,98.9,14.1,0
sh.603078,江化微,98.5,4.6,0
sh.600706,曲江文旅,98.4,3.8,0
sz.003022,联泓新科,98.4,4,0
sz.002635,安洁科技,97.9,1.9,0
sz.001225,和泰机电,97.7,2.4,0
sz.002294,信立泰,97.4,7.5,0
sz.002933,新兴装备,97.1,2.5,0
sh.600925,苏能股份,96.9,2,0
sh.600601,方正科技,96.7,9.9,0
sh.601118,海南橡胶,96.2,2.9,0
sh.603103,横店影视,96,12.3,0
sz.002386,天原股份,95.5,1.1,0
sz.000962,东方钽业,95.4,8.9,0
sh.600071,凤凰光学,94.9,11.8,0
sh.600521,华海药业,94.7,2.7,0
sz.000993,闽东电力,94.7,2.2,0
sh.603065,宿迁联盛,94.5,1.7,0
sh.603683,晶华新材,94.5,5.1,0
sz.003038,鑫铂股份,94.5,1.2,0
sh.603459,红板科技,94,21.9,0
sh.600379,宝光股份,93.7,5,0
sh.605180,华生科技,93.5,2.2,0
sz.002743,富煌钢构,93.4,0.7,0
sh.605389,长龄液压,93.3,5,0
sz.002038,双鹭药业,93.2,1.4,0
sh.601595,上海电影,93,6.6,0
sh.603696,安记食品,93,6.4,0
sh.605168,三人行,93,3,0
sz.000856,冀东装备,93,5.6,0
sz.002268,电科网安,93,2.7,0
sh.603127,昭衍新药,92.9,3.3,0
sh.600108,亚盛集团,92.7,2,0
sh.605218,伟时电子,92.7,3.4,0
sz.002278,神开股份,92.6,3.8,0
sh.603687,大胜达,92.5,3.2,0
sh.605108,同庆楼,92.3,1.9,0
sh.601121,宝地矿业,92.1,2.4,0
sh.600783,鲁信创投,92,3.4,0
sz.002703,浙江世宝,91.9,8,0
sz.000570,苏常柴A,91.8,1.4,0
sz.000919,金陵药业,91.8,1.3,0
sz.002982,湘佳股份,91.3,1.8,0
sh.603061,金海通,90.9,12.4,0
sh.603727,博迈科,90.4,1.7,0
sh.603090,宏盛股份,90.1,11.7,0
sz.002609,捷顺科技,90.1,2.2,0
sh.603810,丰山集团,90,1.7,0
sh.600510,黑牡丹,89.9,0.9,0
sz.002729,好利科技,89.8,6.7,0
sz.000716,黑芝麻,89.7,1.5,0
sh.603301,振德医疗,89.6,4.4,0
sz.000409,云鼎科技,89.4,4.6,0
sh.600838,上海九百,89.1,2.6,0
sz.002866,传艺科技,89,3.6,0
sz.000045,深纺织A,88.6,2,0
sh.600155,华创云信,88.5,0.7,0
sh.603216,梦天家居,88,3.8,0
sh.600882,妙可蓝多,87.9,2.2,0
sh.605196,华通线缆,87.9,8,0
sh.600234,科新发展,87.8,10.5,0
sz.002767,先锋电子,87.8,3.9,0
sz.002777,久远银海,87.8,4,0
sh.603124,江南新材,87.7,10.1,0
sh.603017,中衡设计,87.6,2.4,0
sz.002079,苏州固锝,87.5,2.7,0
sz.002644,佛慈制药,87.5,2.3,0
sh.603360,百傲化学,87.3,12.5,0
sz.002957,科瑞技术,87.2,6,0
sz.001360,南矿集团,87.1,3.1,0
sz.003035,南网能源,86.8,4.3,0
sz.002670,国盛证券,86.7,2.5,0
sz.000722,湖南发展,86.3,2,0
sh.603276,恒兴新材,86,2,0
sz.002566,益盛药业,85.9,1.1,0
sz.002414,高德红外,85.8,8.4,0
sh.600467,好当家,85.7,1,0
sh.605299,舒华体育,85.6,6,0
sz.001279,强邦新材,85.6,5,0
sh.603219,富佳股份,85.3,5.7,0
sz.001266,宏英智能,85.2,3.6,0
sz.000738,航发控制,85.1,2.3,0
sh.600746,江苏索普,84.7,2,0
sz.000636,风华高科,84.7,2,0
sz.002881,美格智能,84.6,7.1,0
sh.600509,天富能源,84.3,1.4,0
sh.600721,百花医药,84.3,4.3,0
sh.600226,亨通股份,84.2,4.4,0
sz.000917,电广传媒,84,1.3,0
sz.002169,智光电气,84,4,0
sz.002922,伊戈尔,84,4.4,0
sz.000525,红太阳,83.7,2.9,0
sz.002337,赛象科技,83.7,2.8,0
sz.002945,华林证券,83.7,5.8,0
sh.600171,上海贝岭,83.6,4.4,0
sz.000007,全新好,83.1,25.8,0
sh.600460,士兰微,83,3.8,0
sz.002481,双塔食品,83,2.2,0
sh.600857,宁波中百,82.9,3.1,0
sh.603798,康普顿,82.8,3.7,0
sz.003031,中瓷电子,82.7,8.1,0
sz.001223,欧克科技,82.5,2.9,0
sh.603045,福达合金,82.4,4.8,0
sz.002300,太阳电缆,82.3,3.6,0
sh.605138,盛泰集团,82.2,1.6,0
sz.000905,厦门港务,82.1,3.3,0
sz.000026,飞亚达,81.9,2.1,0
sz.002419,天虹股份,81.9,1.7,0
sh.600498,烽火通信,81.4,4.4,0
sz.002727,一心堂,81.1,1,0
sh.600416,湘电股份,81,1.9,0
sz.002390,信邦制药,80.7,0.9,0
sz.000801,四川九洲,80.5,4.6,0
sz.002897,意华股份,80.4,4.7,0
sh.600138,中青旅,80.3,1.1,0
sh.600959,江苏有线,80.3,0.9,0
sz.002188,中天服务,80.2,6.6,0
sh.600353,旭光电子,80.1,6.8,0
sz.002239,奥特佳,80,1.8,0
sz.002559,亚威股份,80,3.4,0
sh.603098,森特股份,79.9,2.7,0
sz.002097,山河智能,79.9,2.3,0
sz.002344,海宁皮城,79.9,0.7,0
sz.000988,华工科技,79.8,10.6,0
sz.002333,罗普斯金,79.5,2.1,0
sz.002907,华森制药,79.5,3.5,0
sh.600363,联创光电,79.3,5.5,0
sh.600137,浪莎股份,79.1,4,0
sh.601568,北元集团,79.1,1.4,0
sh.600111,北方稀土,79,7.4,0
sh.601099,太平洋,79,2.6,0
sh.603319,美湖股份,78.8,4.8,0
sh.605222,起帆电缆,78.8,2.5,0
sz.000159,国际实业,78.8,1.5,0
sz.002192,融捷股份,78.8,6.2,0
sh.603836,海程邦达,78.7,1.5,0
sh.603213,镇洋发展,78.5,3.2,0
sz.001336,楚环科技,78.5,2.6,0
sz.000810,创维数字,78,2.2,0
sz.001979,招商蛇口,77.9,0.8,0
sz.001239,永达股份,77.3,2.7,0
sh.605488,福莱新材,77.2,6.7,0
sz.002376,新北洋,76.8,1.5,0
sz.002842,翔鹭钨业,76.6,9.1,0
sh.601608,中信重工,76.5,3.1,0
sz.002112,三变科技,76.4,7.2,0
sh.600871,石化油服,76.2,5.4,0
sz.000925,众合科技,76.2,1.5,0
sz.000931,中关村,76.1,2.4,0
sh.603099,长白山,75.9,6.6,0
sz.002008,大族激光,75.8,5.2,0
sz.002741,光华科技,75.8,4.6,0
sz.002119,康强电子,75.6,6.4,0
sh.603908,牧高笛,75.4,3.9,0
sz.002335,科华数据,75.1,5,0
sz.002824,和胜股份,75,4.2,0
sz.002023,海特高新,74.8,2.2,0
sh.600707,彩虹股份,74.7,1.3,0
sh.603980,吉华集团,74.7,1.1,0
sh.603507,振江股份,74.6,3.3,0
sz.000523,红棉股份,74.5,3.1,0
sh.600129,太极集团,74.3,2.6,0
sz.002918,蒙娜丽莎,74.3,1.5,0
sh.600419,天润乳业,74.2,1.3,0
sz.002497,雅化集团,74.2,3,0
sh.600764,中国海防,74.1,2.1,0
sh.603041,美思德,74,1.6,0
sh.603790,雅运股份,74,3.4,0
sh.605208,永茂泰,73.9,2.3,0
sh.600490,鹏欣资源,73.8,3,0
sz.000035,中国天楹,73.8,1.6,0
sh.603992,松霖科技,73.6,4.6,0
sh.603163,圣晖集成,73.4,9.7,0
sz.002111,威海广泰,73.2,1.8,0
sz.002940,昂利康,73.1,5,0
sz.002709,天赐材料,73,5.6,0
sh.601068,中铝国际,72.8,6.3,0
sz.002522,浙江众成,72.6,2.4,0
sh.600744,华银电力,72.5,10.7,0
sh.600834,申通地铁,72.5,2.3,0
sh.603329,上海雅仕,72.1,2.3,0
sh.603757,大元泵业,72,4.9,0
sh.601086,国芳集团,71.9,3.8,0
sz.000421,南京公用,71.8,1.3,0
sh.600671,天目药业,71.6,35.6,0
sz.002838,道恩股份,71.6,3.7,0
sh.601226,华电科工,71.1,2.5,0
sz.002048,宁波华翔,70.9,2,0
sh.600048,保利发展,70.8,0.4,0
sh.600206,有研新材,70.8,4.7,0
sz.002830,名雕股份,70.6,4.4,0
sh.601133,柏诚股份,70.4,4.5,0
sz.002172,澳洋健康,70.1,16.5,0
sz.002398,垒知集团,69.8,1,0
sz.002580,圣阳股份,69.7,6,0
sz.002692,远程股份,69.5,3.9,0
sh.600628,新世界,69.4,1.1,0
sh.601179,中国西电,69.4,3.8,0
sz.001389,广合科技,69.4,17.7,0
sh.603893,瑞芯微,69.2,16.4,0
sh.600728,佳都科技,69.1,1.5,0
sh.605018,长华集团,69.1,2.2,0
sz.001358,兴欣新材,69.1,2.3,0
sh.600684,珠江股份,68.9,4,0
sh.600770,综艺股份,68.9,2.2,0
sz.002458,益生股份,68.9,2.6,0
sh.600222,太龙药业,68.7,2.6,0
sz.002363,隆基机械,68.7,1.7,0
sz.001215,千味央厨,68.6,2.1,0
sz.001382,新亚电缆,68.5,5.2,0
sh.600637,东方明珠,68.4,1.1,0
sz.002748,世龙实业,68.4,2.1,0
sz.002358,森源电气,68.2,2.1,0
sz.002324,普利特,68.1,3.8,0
sz.002899,英派斯,68.1,2.8,0
sh.600478,科力远,67.9,4.4,0
sh.605118,力鼎光电,67.5,11.4,0
sz.002536,飞龙股份,67.5,6.1,0
sz.000062,深圳华强,67.2,4.6,0
sz.002328,新朋股份,67.2,3,0
sz.002728,特一药业,67.2,3,0
sz.002044,美年健康,67,2.6,0
sh.603262,技源集团,66.9,6.7,0
sh.600620,天宸股份,66.8,2.8,0
sz.001896,豫能控股,66.8,7.4,0
sz.002756,永兴材料,66.8,3.2,0
sh.600218,全柴动力,66.5,1.3,0
sz.002242,九阳股份,66.3,2.3,0
sh.603390,通达电气,66.2,2.6,0
sh.601798,蓝科高新,66.1,2.5,0
sz.000560,我爱我家,65.9,0.8,0
sz.002552,宝鼎科技,65.9,5.5,0
sz.002685,华东重机,65.9,5.4,0
sh.601399,国机重装,65.8,2.1,0
sh.603070,万控智造,65.8,2.8,0
sh.600851,海欣股份,65.7,2.2,0
sh.603072,天和磁材,65.7,4.6,0
sh.603031,安孚科技,65.6,5.4,0
sz.002090,金智科技,65.5,2.8,0
sh.603324,盛剑科技,65.3,2.3,0
sz.002912,中新赛克,65.3,2.6,0
sz.002802,洪汇新材,64.8,4.7,0
sh.601222,林洋能源,64.6,0.8,0
sz.001234,泰慕士,64.5,3.3,0
sh.601500,通用股份,64.4,1.1,0
sh.600790,轻纺城,64.3,0.9,0
sh.601069,西部黄金,63.8,6.4,0
sh.600409,三友化工,63.7,1,0
sh.605060,联德股份,63.6,5.9,0
sh.600571,信雅达,63.3,5.3,0
sz.002676,顺威股份,63.2,3.8,0
sh.600560,金自天正,62.8,3.3,0
sh.600477,杭萧钢构,62.5,1.5,0
sz.002815,崇达技术,62.4,2.2,0
sz.000155,川能动力,62.3,3,0
sz.000705,浙江震元,62.3,1.5,0
sh.603530,神马电力,62.2,14.9,0
sh.603677,奇精机械,62.1,2.6,0
sh.603505,金石资源,62,8.3,0
sz.000969,安泰科技,62,3.9,0
sz.000548,湖南投资,61.8,1.3,0
sh.603248,锡华科技,61.6,9.1,0
sz.002562,兄弟科技,61.6,1.8,0
sh.603569,长久物流,61.4,1.4,0
sz.002225,濮耐股份,61.3,1.6,0
sz.002985,北摩高科,61.3,4.6,0
sz.000949,新乡化纤,61.2,1.8,0
sz.003001,中岩大地,61.2,2.5,0
sh.600339,中油工程,61.1,0.8,0
sh.603291,联合水务,61.1,2.8,0
sh.603876,鼎胜新材,60.9,3.2,0
sz.002017,东信和平,60.9,6.3,0
sz.002937,兴瑞科技,60.9,6.2,0
sz.002643,万润股份,60.6,2.2,0
sz.002627,三峡旅游,60.4,1.8,0
sh.600626,申达股份,60.3,1.6,0
sz.002666,德联集团,60.3,1.2,0
sz.002243,力合科创,60.2,1.5,0
sh.603381,永臻股份,60.1,1.5,0
sh.600372,中航机载,60,1.7,0
sz.002156,通富微电,60,4.7,0
sz.002247,聚力文化,59.9,3.6,0
sz.002763,汇洁股份,59.9,1.8,0
sh.603617,君禾股份,59.8,1.9,0
sz.000712,锦龙股份,59.8,3.7,0
sz.002810,山东赫达,59.8,4,0
sz.000768,中航西飞,59.6,3.1,0
sh.600966,博汇纸业,59.5,1.2,0
sh.605378,野马电池,59.5,4.3,0
sh.603019,中科曙光,59.4,5.9,0
sh.603878,武进不锈,59.4,1.8,0
sz.001359,平安电工,59.4,7.7,0
sz.001287,中电港,59.3,3.8,0
sz.002675,东诚药业,59,2.7,0
sh.603927,中科软,58.9,4.5,0
sz.002108,沧州明珠,58.9,1.8,0
sz.002916,深南电路,58.9,11.2,0
sh.603290,斯达半导,58.8,3.4,0
sh.600965,福成股份,58.7,2.1,0
sh.601026,道生天合,58.6,6.3,0
sz.002185,华天科技,58.6,2.3,0
sz.002745,木林森,58.6,1,0
sz.000401,金隅冀东,58.5,0.5,0
sz.002368,太极股份,58.5,2.5,0
sh.603806,福斯特,58.3,2.8,0
sz.000935,四川双马,58.3,2.7,0
sh.600895,张江高科,58.2,4.2,0
sh.600095,湘财股份,58.1,2.2,0
sh.603650,彤程新材,58.1,9.7,0
sh.601162,天风证券,58,1.4,0
sz.001324,长青科技,57.9,2.5,0
sz.002518,科士达,57.9,6,0
sz.002979,雷赛智能,57.9,7.6,0
sz.002725,跃岭股份,57.8,4.1,0
sh.603088,宁波精达,57.5,6.1,0
sh.603335,迪生力,57.4,9.1,0
sz.002755,奥赛康,57.4,4.6,0
sh.603665,康隆达,57.3,6.9,0
sz.002641,公元股份,57.3,0.9,0
sh.600305,恒顺醋业,57.1,2.4,0
sh.603297,永新光学,57,6.3,0
sh.601116,三江购物,56.9,2.4,0
sz.002065,东华软件,56.8,2.2,0
sz.002671,龙泉股份,56.6,1.6,0
sz.002674,兴业科技,56.5,1.7,0
sh.603183,建研院,56.4,1.4,0
sh.603115,海星股份,56.1,5.5,0
sz.003028,振邦智能,56.1,2.4,0
sh.600562,国睿科技,55.8,5.4,0
sz.002614,奥佳华,55.8,0.9,0
sh.603095,越剑智能,55.2,2,0
sh.603005,晶方科技,55.1,4.4,0
sh.603334,丰倍生物,55.1,4.6,0
sz.000603,盛达资源,55.1,8.6,0
sh.605567,春雪食品,55,2,0
sh.600128,苏豪弘业,54.9,1.2,0
sh.603737,三棵树,54.9,11.2,0
sz.000676,智度股份,54.9,2.3,0
sh.603321,梅轮电梯,54.8,1.8,0
sz.000576,甘化科工,54.8,2.6,0
sz.001229,魅视科技,54.8,3.8,0
sh.603686,福龙马,54.7,2.3,0
sz.000880,潍柴重机,54.7,6.2,0
sh.600724,宁波富达,54.6,3.5,0
sz.002246,北化股份,54.6,4.7,0
sz.002617,露笑科技,54.5,2.3,0
sz.002649,博彦科技,54.4,1.7,0
sh.603950,长源东谷,54.3,7,0
sz.001260,坤泰股份,54.3,2.9,0
sz.002371,北方华创,54.2,9.5,0
sz.002526,山东矿机,54.2,1.9,0
sh.603097,江苏华辰,54.1,5.1,0
sh.603155,新亚强,54,2.3,0
sh.600580,卧龙电驱,53.8,5.5,0
sz.000757,浩物股份,53.7,1.6,0
sh.601778,晶科科技,53.6,1.6,0
sh.603037,凯众股份,53.6,4,0
sh.600410,华胜天成,53.2,6.7,0
sh.603130,云中马,53.2,3.9,0
sz.002203,海亮股份,53.2,2.4,0
sz.002870,香山股份,53.1,3,0
sh.603228,景旺电子,53,5,0
sh.603101,汇嘉时代,52.9,3.3,0
sh.603637,镇海股份,52.8,3.3,0
sz.002028,思源电气,52.8,11.6,0
sz.002761,浙江建投,52.8,1.6,0
sh.601969,海南矿业,52.7,3.3,0
sh.603079,圣达生物,52.7,2,0
sh.603332,苏州龙杰,52.7,2.2,0
sz.001379,腾达科技,52.7,2.9,0
sz.002380,科远智慧,52.5,3.3,0
sh.600367,红星发展,52.4,2.9,0
sh.600883,博闻科技,52.3,1.9,0
sz.000731,四川美丰,52.3,1,0
sz.002420,毅昌科技,52.3,5.2,0
sh.600301,华锡有色,52.2,7.1,0
sz.000559,万向钱潮,52.2,6.2,0
sz.000875,电投绿能,52.2,1.4,0
sz.002836,新宏泽,52.2,7.9,0
sh.600006,东风股份,52.1,1.5,0
sh.600168,武汉控股,52.1,0.9,0
sh.603920,世运电路,52.1,6.4,0
sh.603499,翔港科技,52,7.6,0
sh.601231,环旭电子,51.8,4.7,0
sh.603678,火炬电子,51.8,2.7,0
sh.600315,上海家化,51.7,2,0
sh.600759,洲际油气,51.7,2.4,0
sh.603311,金海高科,51.7,3.4,0
sz.000048,京基智农,51.6,1.9,0
sh.600812,华北制药,51.5,1.7,0
sh.600613,神奇制药,51.1,1.4,0
sh.600776,东方通信,51.1,5.6,0
sh.600794,保税科技,51,1.6,0
sh.605086,龙高股份,51,4.7,0
sz.002476,宝莫股份,51,3.8,0
sh.600392,盛和资源,50.9,3.4,0
sz.000034,神州数码,50.9,2.4,0
sz.002999,天禾股份,50.8,2,0
sh.603106,恒银科技,50.6,3.6,0
sh.600183,生益科技,50.5,10.8,0
sz.003010,若羽臣,50.5,13.6,0
sh.600819,耀皮玻璃,50.4,1.8,0
sh.600845,宝信软件,50.4,6,0
sh.601100,恒立液压,50.4,8.3,0
sh.600584,长电科技,50.3,2.7,0
sh.603081,大丰实业,50.3,1.6,0
sz.003037,三和管桩,50.3,1.5,0
sz.002787,华源控股,50.1,3.1,0
sz.000539,粤电力A,50,1.3,0
sz.000688,国城矿业,50,20.7,0
sh.600830,香溢融通,49.9,1.8,0
sh.601007,金陵饭店,49.9,2,0
sh.600650,锦江在线,49.7,1.6,0
sh.603662,柯力传感,49.7,5.8,0
sh.603172,万丰股份,49.6,2.6,0
sh.603787,新日股份,49.6,1.8,0
sz.002498,汉缆股份,49.6,3.4,0
sh.600858,银座股份,49.4,1.1,0
sh.603203,快克智能,49.4,8.4,0
sz.002487,大金重工,49.4,6.6,0
sz.000426,兴业银锡,49.3,8.6,0
sz.000803,山高环能,49.3,2.6,0
sh.605003,众望布艺,49.2,2.2,0
sz.002463,沪电股份,49.2,12.4,0
sh.600237,铜峰电子,49.1,3,0
sh.603888,新华网,49,3.7,0
sz.001356,富岭股份,49,3.2,0
sz.002161,远望谷,49,3.2,0
sh.603067,振华股份,48.9,7.3,0
sh.601155,新城控股,48.8,0.5,0
sz.000937,冀中能源,48.7,1,0
sh.600967,内蒙一机,48.6,2.1,0
sh.603708,家家悦,48.6,3.1,0
sh.605123,派克新材,48.6,2.7,0
sh.600276,恒瑞医药,48.5,6.1,0
sh.600487,亨通光电,48.5,4.5,0
sh.605198,安德利,48.5,5.8,0
sh.601126,四方股份,48.4,8.2,0
sh.603267,鸿远电子,48.4,2.7,0
sz.002334,英威腾,48.2,2.3,0
sh.605089,味知香,48.1,2.9,0
sh.605365,立达信,48.1,3.4,0
sh.600354,敦煌种业,48,4.8,0
sz.001257,盛龙股份,48,7.5,0
sh.603829,洛凯股份,47.9,5,0
sh.605133,嵘泰股份,47.9,2.4,0
sz.002402,和而泰,47.9,5.6,0
sz.002523,天桥起重,47.9,2.3,0
sz.002998,优彩资源,47.9,1.9,0
sh.603376,大明电子,47.7,10.7,0
sh.605258,协和电子,47.7,2.8,0
sz.000800,一汽解放,47.7,1.3,0
sh.600577,精达股份,47.6,4.7,0
sh.601112,振石股份,47.6,9.5,0
sz.000530,冰山冷热,47.5,1.6,0
sz.002706,良信股份,47.5,3,0
sz.002410,广联达,47.3,3.2,0
sz.002050,三花智控,47.2,6,0
sz.002988,豪美新材,47.1,3.2,0
sz.000938,紫光股份,47,5.4,0
sz.002826,易明医药,46.9,5,0
sh.600452,涪陵电力,46.7,3.3,0
sh.600482,中国动力,46.7,2.2,0
sh.601618,中国中冶,46.7,0.6,0
sh.601678,滨化股份,46.7,0.9,0
sh.603125,常青科技,46.7,3,0
sh.603293,埃泰克,46.7,7.8,0
sz.000869,张裕A,46.7,1.2,0
sz.002399,海普瑞,46.7,1.4,0
sh.600116,三峡水利,46.6,1.1,0
sh.600429,三元股份,46.6,1.7,0
sz.000630,铜陵有色,46.6,2.4,0
sz.002015,协鑫能科,46.6,2.4,0
sz.002440,闰土股份,46.5,1.4,0
sz.002051,中工国际,46.4,1.2,0
sh.603137,恒尚节能,46.3,2,0
sh.603999,读者传媒,46.3,1.9,0
sh.603511,爱慕股份,46.2,1.3,0
sh.603926,铁流股份,46.2,2.7,0
sz.002696,百洋股份,46.2,1.7,0
sz.002166,莱茵生物,46.1,2.1,0
sz.002516,旷达科技,46.1,2.2,0
sh.603739,蔚蓝生物,46,2.2,0
sh.603860,中公高科,46,2.5,0
sh.605056,咸亨国际,46,7,0
sz.000099,中信海直,46,2.6,0
sz.000911,广农糖业,46,19.3,0
sz.002913,奥士康,46,3.7,0
sh.603931,格林达,45.9,3.6,0
sh.600186,莲花控股,45.8,7.4,0
sz.000025,特力A,45.8,3.9,0
sh.600789,鲁抗医药,45.7,2.2,0
sh.603006,联明股份,45.7,2.6,0
sz.002827,高争民爆,45.7,8.5,0
sh.603269,海鸥股份,45.6,5.1,0
sh.603638,艾迪精密,45.5,4.9,0
sz.002080,中材科技,45.5,4.2,0
sz.002981,朝阳科技,45.5,3.1,0
sh.603057,紫燕食品,45.3,5.2,0
sz.000506,招金黄金,45.3,17.8,0
sh.603229,奥翔药业,45.2,3.6,0
sh.603280,南方路机,45.2,2.8,0
sh.605189,富春染织,45.2,1.9,0
sz.002560,通达股份,45.2,2.7,0
sh.603040,新坐标,45.1,8,0
sz.000573,粤宏远A,45.1,1.9,0
sz.002093,国脉科技,45.1,2.5,0
sh.603305,旭升集团,44.8,2.6,0
sz.001388,信通电子,44.8,4.4,0
sz.000798,中水渔业,44.7,8.7,0
sh.600444,国机通用,44.6,3.5,0
sh.603929,亚翔集成,44.6,17.3,0
sz.002537,海联金汇,44.6,2.2,0
sh.601218,吉鑫科技,44.5,2,0
sh.601368,绿城水务,44.5,0.9,0
sh.603285,键邦股份,44.5,3.6,0
sz.000021,深科技,44.5,3.6,0
sz.002409,雅克科技,44.5,5.2,0
sh.600338,西藏珠峰,44.4,4.6,0
sz.000096,广聚能源,44.4,1.8,0
sz.002353,杰瑞股份,44.3,5.3,0
sz.002732,燕塘乳业,44.2,1.7,0
sh.600833,第一医药,44.1,2.2,0
sz.001268,联合精密,44.1,3.5,0
sz.002600,领益智造,44.1,4.2,0
sz.002053,云南能投,44,1.4,0
sz.002987,京北方,43.9,5,0
sz.003015,日久光电,43.9,4.1,0
sz.002052,同洲电子,43.8,28.5,0
sz.002806,华锋股份,43.8,2.7,0
sh.600032,浙江新能,43.7,1.8,0
sh.603060,国检集团,43.6,2.6,0
sh.603370,华新精科,43.6,4.1,0
sz.000514,渝开发,43.5,1.1,0
sz.002006,精工科技,43.4,3.9,0
sz.002126,银轮股份,43.4,5.7,0
sz.002416,爱施德,43.4,2.9,0
sh.603949,雪龙集团,43.3,3.6,0
sz.002486,嘉麟杰,43.3,2.2,0
sh.600549,厦门钨业,43.2,5.9,0
sh.603331,百达精工,43.2,2.3,0
sz.002049,紫光国微,43.2,4.7,0
sz.002228,合兴包装,43.2,1.5,0
sh.600497,驰宏锌锗,43.1,2.7,0
sh.600682,南京新百,43.1,0.5,0
sh.603400,华之杰,43.1,5.5,0
sz.001337,四川黄金,43.1,11,0
sh.603257,中国瑞林,43,2.9,0
sh.600038,中直股份,42.8,1.6,0
sh.603186,华正新材,42.7,7,0
sh.600981,苏豪汇鸿,42.6,1.3,0
sh.603900,莱绅通灵,42.6,1.3,0
sz.001282,三联锻造,42.6,2.9,0
sz.002139,拓邦股份,42.6,2.2,0
sh.605500,森林包装,42.5,1.5,0
sz.001376,百通能源,42.5,6.3,0
sh.600765,中航重机,42.3,1.8,0
sz.000795,英洛华,42.3,4,0
sh.601136,首创证券,42.2,3.2,0
sh.603221,爱丽家居,42.2,1.7,0
sh.600736,苏州高新,42.1,1,0
sh.601010,文峰股份,42.1,1,0
sz.000833,粤桂股份,42.1,5.1,0
sz.001378,德冠新材,42.1,1.9,0
sz.002396,星网锐捷,42.1,2.5,0
sh.603087,甘李药业,42,3.4,0
sh.600366,宁波韵升,41.9,2.2,0
sh.600829,人民同泰,41.9,1.9,0
sh.605228,神通科技,41.9,3.1,0
sz.002863,今飞凯达,41.8,1.2,0
sh.603158,腾龙股份,41.7,2.8,0
sh.603179,新泉股份,41.7,4.6,0
sz.002370,亚太药业,41.7,5,0
sh.601999,出版传媒,41.6,1.6,0
sz.002484,江海股份,41.6,4.5,0
sh.600508,上海能源,41.5,0.7,0
sh.600685,中船防务,41.5,2.3,0
sz.000977,浪潮信息,41.5,4.6,0
sz.000037,深南电A,41.4,4,0
sz.002107,沃华医药,41.4,6.7,0
sh.603320,迪贝电气,41.3,2.8,0
sh.605117,德业股份,41.3,12.7,0
sh.601375,中原证券,41.2,1.3,0
sh.605011,杭州热电,41.2,3.2,0
sz.002145,钛能化学,41.1,1.5,0
sh.600570,恒生电子,41,5.1,0
sh.600760,中航沈飞,41,6.1,0
sh.603150,万朗磁塑,41,3,0
sz.002063,远光软件,40.9,3.3,0
sh.600176,中国巨石,40.8,4.3,0
sh.600768,宁波富邦,40.7,5.5,0
sh.603897,长城科技,40.7,4.4,0
sh.605580,恒盛能源,40.7,6.2,0
sz.000541,佛山照明,40.7,1.3,0
sh.603859,能科科技,40.6,3.2,0
sh.603861,白云电器,40.5,2.2,0
sz.003027,同兴科技,40.5,1.7,0
sh.600251,冠农股份,40.4,2.3,0
sz.000061,农产品,40.4,1.8,0
sz.002381,双箭股份,40.3,1.2,0
sh.603120,肯特催化,40.1,3,0
sh.603823,百合花,40.1,2.8,0
sh.600456,宝钛股份,40,2.4,0
sh.603022,新通联,40,2.6,0
sh.605286,同力天启,40,3.7,0
sz.002983,芯瑞达,40,4,0
sh.601096,宏盛华源,39.9,3.2,0
sh.603385,惠达卫浴,39.9,0.6,0
sh.603983,丸美生物,39.9,3,0
sh.605128,上海沿浦,39.9,3.5,0
sh.605111,新洁能,39.8,3.6,0
sz.002312,川发龙蟒,39.8,2.3,0
sh.603358,华达科技,39.7,4.3,0
sz.002150,正泰电源,39.6,5.1,0
sz.002167,东方锆业,39.6,5.8,0
sz.002570,贝因美,39.6,3.2,0
sh.600059,古越龙山,39.5,1.4,0
sh.603628,清源股份,39.5,2.7,0
sz.002753,永东股份,39.5,1.3,0
sh.603928,兴业股份,39.4,2.5,0
sz.001335,信凯科技,39.3,4.2,0
sz.002429,兆驰股份,39.3,2.9,0
sh.603096,新经典,39.2,1.4,0
sh.603366,日出东方,39.2,1.7,0
sh.600917,重庆燃气,39.1,1.4,0
sh.603063,禾望电气,39.1,3.6,0
sz.002125,湘潭电化,39.1,2.9,0
sh.603205,健尔康,39,2.8,0
sh.603270,金帝股份,39,2.5,0
sz.001202,炬申股份,39,3.3,0
sh.603039,泛微网络,38.9,4.6,0
sz.000777,中核科技,38.9,3.8,0
sh.601888,中国中免,38.7,2.5,0
sz.000922,佳电股份,38.7,2.1,0
sz.002202,金风科技,38.7,2.8,0
sh.600080,金花股份,38.6,1.9,0
sh.603160,汇顶科技,38.6,3.4,0
sh.603758,秦安股份,38.6,2.2,0
sz.001221,悍高集团,38.6,9.4,0
sz.001231,农心科技,38.6,2.5,0
sz.002593,日上集团,38.6,1.7,0
sz.002938,鹏鼎控股,38.5,4.2,0
sh.603058,永吉股份,38.4,4,0
sh.603607,京华激光,38.4,4.1,0
sh.600635,大众公用,38.3,1.8,0
sh.600649,城投控股,38.3,0.5,0
sz.001256,炜冈科技,38.3,2.9,0
sz.002250,联化科技,38.3,2.2,0
sh.605369,拱东医疗,38.2,2.3,0
sz.002782,可立克,38.2,5.2,0
sh.601689,拓普集团,38.1,4.4,0
sh.603585,苏利股份,38.1,1.8,0
sz.000823,超声电子,38.1,1.8,0
sz.002110,三钢闽光,38.1,0.5,0
sz.002576,通达动力,38.1,2.4,0
sh.600573,惠泉啤酒,38,2.2,0
sh.605167,利柏特,37.9,4.2,0
sz.001228,永泰运,37.9,2.1,0
sz.002062,宏润建设,37.9,2.1,0
sh.600143,金发科技,37.8,2.4,0
sh.600979,广安爱众,37.8,1.2,0
sz.002085,万丰奥威,37.8,4.1,0
sh.600875,东方电气,37.7,3.2,0
sh.603109,神驰机电,37.7,2.6,0
sh.605005,合兴股份,37.7,4.1,0
sz.001396,誉帆科技,37.7,5.8,0
sz.002237,恒邦股份,37.7,1.8,0
sh.603915,国茂股份,37.6,2.8,0
sh.600299,安迪苏,37.5,2.2,0
sh.600916,中国黄金,37.5,2.1,0
sh.605277,新亚电子,37.5,4.9,0
sh.600114,东睦股份,37.4,6.2,0
sh.600547,山东黄金,37.4,5.7,0
sh.603350,安乃达,37.4,3.2,0
sh.603916,苏博特,37.4,1.1,0
sh.603352,至信股份,37.3,5,0
sz.002462,嘉事堂,37.3,1,0
sh.600195,中牧股份,37.2,1.4,0
sz.002597,金禾实业,37.2,1.7,0
sh.603383,顶点软件,37.1,4.4,0
sh.603877,太平鸟,37.1,1.5,0
sz.003023,彩虹集团,37.1,2,0
sh.601579,会稽山,36.9,2.4,0
sh.603997,继峰股份,36.9,3.1,0
sz.000878,云南铜业,36.9,3.1,0
sz.002774,快意电梯,36.9,3.1,0
sz.003003,天元股份,36.9,1.8,0
sh.600150,中国船舶,36.8,1.8,0
sz.000661,长春高新,36.8,1.5,0
sz.002558,巨人网络,36.8,4.1,0
sz.000876,新希望,36.7,1.8,0
sz.002117,东港股份,36.7,3.7,0
sh.603275,众辰科技,36.6,2.4,0
sh.603610,麒盛科技,36.6,1.8,0
sh.603809,豪能股份,36.6,2.8,0
sh.603977,国泰集团,36.6,2.7,0
sz.000989,九芝堂,36.6,2.2,0
sz.002019,亿帆医药,36.6,1.7,0
sz.002385,大北农,36.6,2,0
sz.002817,黄山胶囊,36.6,2.5,0
sh.600223,福瑞达,36.5,1.6,0
sh.600436,片仔癀,36.5,6.1,0
sz.002700,万憬能源,36.5,2,0
sz.002765,蓝黛科技,36.5,2.5,0
sz.002821,凯莱英,36.5,2.3,0
sh.600320,振华重工,36.4,1.7,0
sz.002972,科安达,36.4,2.6,0
sz.000501,武商集团,36.3,0.6,0
sh.603577,汇金通,36.2,1.9,0
sz.002304,洋河股份,36.2,1.5,0
sh.600106,重庆路桥,36,1.6,0
sh.600455,博通股份,36,4.9,0
sh.603266,天龙股份,36,2.5,0
sz.002406,远东传动,36,1.4,0
sz.002688,金河生物,36,1.9,0
sh.600166,福田汽车,35.9,1.8,0
sz.001311,多利科技,35.9,2.1,0
sh.603382,海阳科技,35.8,2.8,0
sh.603885,吉祥航空,35.8,2.7,0
sz.002075,沙钢股份,35.8,1.6,0
sh.603012,创力集团,35.7,1.5,0
sz.002534,西子洁能,35.7,2.8,0
sz.002956,西麦食品,35.7,3.8,0
sh.600182,S佳通,35.6,4.4,0
sh.600763,通策医疗,35.6,4.2,0
sz.000737,北方铜业,35.6,4,0
sz.001283,豪鹏科技,35.6,2.1,0
sz.002443,金洲管道,35.6,1.4,0
sh.600667,太极实业,35.5,2.4,0
sh.603036,如通股份,35.5,2.7,0
sh.603711,香飘飘,35.5,1.6,0
sz.002658,雪迪龙,35.5,2,0
sh.605058,澳弘电子,35.4,3,0
sz.002340,格林美,35.4,2.1,0
sh.603082,北自科技,35.3,3.7,0
sz.002953,日丰股份,35.3,3.2,0
sh.603989,艾华集团,35.2,2,0
sz.001299,美能能源,35.2,3,0
sh.601008,连云港,35.1,1.4,0
sz.000756,新华制药,35.1,2,0
sz.002273,水晶光电,35.1,4.2,0
sh.600686,金龙汽车,35,3.5,0
sh.603583,捷昌驱动,35,2.8,0
sz.002511,中顺洁柔,35,2,0
sh.600097,开创国际,34.9,1.1,0
sz.002152,广电运通,34.9,2.4,0
sz.002179,中航光电,34.9,3.1,0
sh.600980,北矿科技,34.8,2.9,0
sh.603341,龙旗科技,34.8,3.5,0
sh.605162,新中港,34.8,4.1,0
sz.001369,双欣材料,34.8,3.7,0
sz.002270,华明装备,34.8,7.9,0
sh.603609,禾丰股份,34.7,1,0
sz.002942,新农股份,34.7,2.4,0
sz.000408,藏格矿业,34.6,8.2,0
sh.600930,华电新能,34.5,2.3,0
sh.603409,汇通控股,34.5,3.7,0
sz.002054,德美化工,34.5,1.6,0
sh.600623,华谊集团,34.4,1,0
sh.603730,岱美股份,34.4,4.7,0
sz.002632,道明光学,34.4,3.5,0
sz.002947,恒铭达,34.4,5.9,0
sz.002996,顺博合金,34.4,1.6,0
sh.601138,工业富联,34.3,7.3,0
sh.603373,安邦护卫,34.2,2.4,0
sh.605169,洪通燃气,34.2,1.8,0
sh.603004,鼎龙科技,34.1,2.4,0
sh.603289,泰瑞机器,34.1,2.5,0
sh.601865,福莱特,34,1.5,0
sh.601968,宝钢包装,34,1.4,0
sh.600449,宁夏建材,33.9,0.8,0
sh.605066,天正电气,33.9,2.3,0
sz.000417,合百集团,33.9,1.1,0
sz.000811,冰轮环境,33.9,3,0
sz.001288,运机集团,33.8,2.9,0
sz.002283,天润工业,33.8,2,0
sz.002683,广东宏大,33.8,4.6,0
sz.002016,世荣兆业,33.7,0.9,0
sz.002602,世纪华通,33.7,4.2,0
sz.002637,赞宇科技,33.7,1.5,0
sh.603755,日辰股份,33.6,3.8,0
sz.002171,楚江新材,33.6,2.2,0
sh.600522,中天科技,33.5,2.6,0
sh.600918,中泰证券,33.5,1.1,0
sh.601890,亚星锚链,33.5,2.7,0
sz.002434,万里扬,33.5,1.8,0
sz.002901,大博医疗,33.5,5.4,0
sh.601666,平煤股份,33.3,0.8,0
sh.603092,德力佳,33.3,5,0
sz.002960,青鸟消防,33.3,1.7,0
sz.003041,真爱美家,33.3,5.7,0
sh.603288,海天味业,33.2,5.7,0
sz.002889,东方嘉盛,33.2,2,0
sz.002967,广电计量,33.2,3.9,0
sh.600268,国电南自,33.1,4.2,0
sh.600927,永安期货,33.1,1.6,0
sh.601699,潞安环能,33.1,0.9,0
sz.002422,科伦药业,33.1,2.3,0
sz.002965,祥鑫科技,33.1,1.9,0
sh.601599,浙文影业,33,2.9,0
sz.001318,阳光乳业,33,2.7,0
sz.002332,仙琚制药,33,1.5,0
sz.002601,龙佰集团,33,1.8,0
sz.002647,仁东控股,33,21.1,0
sh.600576,祥源文旅,32.9,2.1,0
sh.601858,中国科传,32.8,3.1,0
sh.603014,威高血净,32.8,2.2,0
sh.603693,江苏新能,32.8,1.8,0
sz.002893,京能热力,32.8,2.2,0
sz.003039,顺控发展,32.8,3.2,0
sh.600663,陆家嘴,32.7,1.6,0
sh.601956,东贝集团,32.7,1.6,0
sh.603215,比依股份,32.7,3,0
sh.600382,广东明珠,32.5,2.5,0
sh.603606,东方电缆,32.5,5,0
sh.603659,璞泰来,32.5,3.8,0
sh.600131,国网信通,32.4,3.5,0
sz.001368,通达创智,32.4,2.3,0
sz.002221,东华能源,32.4,1.1,0
sz.002797,第一创业,32.4,2,0
sh.603193,润本股份,32.3,4.5,0
sh.603416,信捷电气,32.3,3,0
sh.603909,建发合诚,32.3,3.1,0
sz.000750,国海证券,32.2,1.1,0
sh.600063,皖维高新,32.1,1.7,0
sh.601789,宁波建工,32.1,1.9,0
sh.603192,汇得科技,32.1,2.5,0
sh.605007,五洲特纸,32.1,2,0
sz.002245,蔚蓝锂芯,32.1,3,0
sz.002259,升达林业,32.1,11.1,0
sh.600085,同仁堂,32,2.8,0
sh.600905,三峡能源,31.9,1.3,0
sz.000529,广弘控股,31.9,1,0
sh.600373,中文传媒,31.8,0.7,0
sz.002871,伟隆股份,31.8,4.1,0
sh.601696,中银证券,31.7,1.9,0
sh.603237,五芳斋,31.7,1.9,0
sz.002155,湖南黄金,31.7,5.8,0
sh.605268,王力安防,31.6,3.3,0
sz.001213,中铁特货,31.6,0.9,0
sh.600054,黄山旅游,31.5,1.9,0
sz.002130,沃尔核材,31.4,5.5,0
sz.002442,龙星科技,31.4,1.6,0
sh.603310,巍华新材,31.3,1.4,0
sh.603867,新化股份,31.3,3,0
sz.001325,元创股份,31.3,3.7,0
sz.002521,齐峰新材,31.3,1.2,0
sz.002556,辉隆股份,31.3,1.7,0
sh.600056,中国医药,31.2,1.4,0
sh.600754,锦江酒店,31.2,1.8,0
sh.605589,圣泉集团,31.2,3.2,0
sz.002606,大连电瓷,31.2,2.9,0
sz.002811,郑中设计,31.2,3,0
sz.003002,壶化股份,31.2,3.8,0
sh.600197,伊力特,31.1,1.5,0
sh.600839,四川长虹,31.1,2.7,0
sh.603050,科林电气,31.1,4.3,0
sz.001277,速达股份,31.1,1.7,0
sh.603848,好太太,31,2.5,0
sz.002850,科达利,31,4.2,0
sz.001328,登康口腔,30.9,3.8,0
sz.002057,中钢天源,30.9,2.3,0
sz.002879,长缆科技,30.9,2.4,0
sh.600699,均胜电子,30.8,2.4,0
sh.603406,天富龙,30.8,3,0
sz.001316,润贝航科,30.8,4.3,0
sz.002590,万安科技,30.8,2.2,0
sh.603161,科华控股,30.7,1.9,0
sh.600278,东方创业,30.6,0.8,0
sh.603029,天鹅股份,30.6,2.4,0
sh.603284,林平发展,30.6,2.9,0
sh.603868,飞科电器,30.6,4.2,0
sz.002106,莱宝高科,30.6,1.3,0
sh.600595,中孚实业,30.5,2.1,0
sh.603091,众鑫股份,30.5,3.7,0
sz.000927,中国铁物,30.5,1.8,0
sz.002949,华阳国际,30.5,1.9,0
sh.603566,普莱柯,30.4,1.7,0
sh.603619,中曼石油,30.4,3.6,0
sz.002010,传化智联,30.3,0.9,0
sz.002595,豪迈科技,30.3,6,0
sz.003019,宸展光电,30.3,3.4,0
sh.601236,红塔证券,30.2,1.5,0
sz.000959,首钢股份,30.2,0.7,0
sz.002891,中宠股份,30.2,4.7,0
sh.600785,新华百货,30.1,1.7,0
sh.603281,江瀚新材,30.1,3,0
sz.000063,中兴通讯,30.1,2.2,0
sz.000156,华数传媒,30.1,0.9,0
sz.002448,中原内配,30.1,2.4,0
sz.002557,洽洽食品,30.1,2.3,0
sz.002611,东方精工,30.1,3.8,0
sh.600475,华光环能,30,2,0
sz.002687,乔治白,30,1.7,0
sh.603027,千禾味业,29.9,3.7,0
sz.002469,三维化学,29.9,2.1,0
sh.600796,钱江生化,29.8,1.6,0
sh.601228,广州港,29.8,1.2,0
sh.603093,南华期货,29.8,2.6,0
sh.603136,天目湖,29.8,2.2,0
sz.000960,锡业股份,29.8,3,0
sh.600026,中远海能,29.7,2.6,0
sh.600523,贵航股份,29.7,1.8,0
sz.001367,海森药业,29.7,2.7,0
sz.001285,瑞立科密,29.6,2.6,0
sz.002438,江苏神通,29.6,2.3,0
sh.600378,昊华科技,29.5,2.4,0
sh.600489,中金黄金,29.5,4.5,0
sh.600835,上海机电,29.5,1.7,0
sh.601016,节能风电,29.5,1.5,0
sh.603239,浙江仙通,29.5,4.9,0
sz.002241,歌尔股份,29.5,2.4,0
sh.600779,水井坊,29.4,3.2,0
sh.601880,辽港股份,29.4,1,0
sz.000683,博源化工,29.4,2.2,0
sz.002276,万马股份,29.4,2.4,0
sh.600862,中航高科,29.3,3.9,0
sh.603648,畅联股份,29.3,2,0
sz.000597,东北制药,29.3,1.4,0
sz.000888,峨眉山A,29.3,2.4,0
sh.601636,旗滨集团,29.2,1.3,0
sh.605555,德昌股份,29.2,2.6,0
sz.002007,华兰生物,29.2,2.4,0
sz.002545,东方铁塔,29.1,2.9,0
sh.603190,亚通精工,29,1.5,0
sh.603501,豪威集团,29,4.2,0
sz.000532,华金资本,29,2.9,0
sz.002594,比亚迪,29,4.2,0
sh.600821,金开新能,28.9,1.8,0
sh.601059,信达证券,28.9,2.6,0
sz.002698,博实股份,28.9,3.6,0
sz.002887,绿茵生态,28.9,1.5,0
sh.600846,同济科技,28.8,1.8,0
sh.603166,福达股份,28.8,3.4,0
sz.002064,华峰化学,28.8,2,0
sz.002430,杭氧股份,28.8,2.8,0
sz.003033,征和工业,28.8,3.6,0
sh.600009,上海机场,28.7,1.6,0
sh.600633,浙数文化,28.7,1.6,0
sz.002970,锐明技术,28.7,5.3,0
sh.601020,华钰矿业,28.6,6,0
sh.603283,赛腾股份,28.6,4.2,0
sh.603132,金徽股份,28.5,5.5,0
sh.603303,得邦照明,28.5,2.4,0
sz.001289,龙源电力,28.4,1.7,0
sz.002803,吉宏股份,28.4,2.9,0
sh.603075,热威股份,28.3,4.2,0
sh.603197,保隆科技,28.3,2.2,0
sh.603527,众源新材,28.3,1.9,0
sz.003020,立方制药,28.3,2.6,0
sh.603402,陕西旅游,28.2,7.8,0
sh.603681,永冠新材,28.2,1.6,0
sz.002973,侨银股份,28.2,2.2,0
sh.600051,宁波联合,28.1,0.7,0
sh.603105,芯能科技,28.1,2.6,0
sh.603328,依顿电子,28.1,3,0
sh.603919,金徽酒,28.1,2.6,0
sz.000950,重药控股,28.1,0.9,0
sz.002158,汉钟精机,28.1,3,0
sz.002472,双环传动,28.1,3.5,0
sz.002864,盘龙药业,28.1,2,0
sz.002917,金奥博,28.1,2.9,0
sh.600557,康缘药业,28,1.7,0
sh.603210,泰鸿万立,28,3.1,0
sh.603344,星德胜,28,2.6,0
sh.603890,春秋电子,28,2.8,0
sz.000893,亚钾国际,28,3.8,0
sz.002138,顺络电子,28,4.2,0
sz.002993,奥海科技,28,3,0
sz.003017,大洋生物,28,2.4,0
sh.603439,三力制药,27.9,3,0
sz.002783,凯龙股份,27.9,1.8,0
sz.000975,山金国际,27.8,5.5,0
sh.600101,明星电力,27.7,1.7,0
sh.600850,电科数字,27.7,2.9,0
sz.000617,中油资本,27.7,1.1,0
sz.003008,开普检测,27.7,2.3,0
sh.600261,阳光照明,27.6,1.4,0
sh.600469,风神股份,27.6,1.8,0
sh.603225,新凤鸣,27.6,1.6,0
sz.002349,精华制药,27.6,2.3,0
sz.002790,瑞尔特,27.6,1.5,0
sh.600161,天坛生物,27.5,2.6,0
sh.603699,纽威股份,27.5,9.5,0
sh.603313,梦百合,27.4,1.2,0
sh.603700,宁水集团,27.4,1.6,0
sz.000733,振华科技,27.4,1.7,0
sh.600755,厦门国贸,27.3,0.7,0
sh.603217,元利科技,27.2,1.6,0
sh.605001,威奥股份,27.2,1.1,0
sz.003025,思进智能,27.2,3.2,0
sh.603214,爱婴室,27.1,1.9,0
sh.603786,科博达,27.1,4.2,0
sh.605016,百龙创园,27.1,5.6,0
sz.000715,中兴商业,27.1,1.5,0
sz.000788,北大医药,27.1,2.4,0
sz.002880,卫光生物,27.1,2.7,0
sh.600406,国电南瑞,27,4.4,0
sz.001696,宗申动力,27,4.1,0
sh.603896,寿仙谷,26.9,1.6,0
sz.000019,深粮控股,26.9,1.8,0
sz.001319,铭科精技,26.9,2.7,0
sh.600988,赤峰黄金,26.8,6.2,0
sh.601233,桐昆股份,26.8,1.2,0
sh.601990,南京证券,26.8,1.8,0
sh.603218,日月股份,26.8,1.4,0
sh.603223,恒通股份,26.8,1.6,0
sz.000153,丰原药业,26.8,1.5,0
sz.002033,丽江股份,26.8,2.2,0
sh.600558,大西洋,26.7,2,0
sh.603380,易德龙,26.7,3.9,0
sz.000060,中金岭南,26.7,1.9,0
sz.002315,焦点科技,26.7,4.9,0
sz.002925,盈趣科技,26.7,3,0
sh.600499,科达制造,26.6,2.8,0
sz.001296,长江材料,26.6,2.1,0
sz.002040,南京港,26.6,1.4,0
sh.600369,西南证券,26.5,1.1,0
sh.603339,四方科技,26.5,1.6,0
sh.605155,西大门,26.5,2.2,0
sz.001220,世盟股份,26.5,4.5,0
sz.002103,广博股份,26.5,3.5,0
sh.601456,国联民生,26.4,1,0
sh.603586,金麒麟,26.4,1.6,0
sz.002454,松芝股份,26.3,1.6,0
sh.601127,赛力斯,26.2,3.8,0
sh.603391,力聚热能,26.2,2.6,0
sz.000407,胜利股份,26.2,1.3,0
sz.000703,恒逸石化,26.2,2.2,0
sz.002475,立讯精密,26.2,5.2,0
sz.002920,德赛西威,26.2,4.2,0
sz.000582,北部湾港,26.1,1.4,0
sz.002441,众业达,26.1,1.2,0
sz.002286,保龄宝,26,1.7,0
sh.601158,重庆水务,25.9,1.2,0
sh.603477,巨星农牧,25.9,3.2,0
sz.001219,青岛食品,25.9,2.7,0
sh.603062,麦加芯彩,25.8,2.6,0
sh.603107,上海汽配,25.8,2.3,0
sh.603312,西典新能,25.8,3.8,0
sh.605028,世茂能源,25.8,3.2,0
sz.001387,雪祺电气,25.8,1.9,0
sz.002553,南方精工,25.8,5.7,0
sz.002661,克明食品,25.7,1.3,0
sh.600995,南网储能,25.6,2,0
sh.603151,邦基科技,25.6,2.1,0
sh.605099,共创草坪,25.6,5.4,0
sh.605499,东鹏饮料,25.6,12,0
sz.000049,德赛电池,25.6,1.6,0
sz.000920,沃顿科技,25.6,2.8,0
sz.001390,古麒绒材,25.6,2.7,0
sz.002568,百润股份,25.6,3.7,0
sh.600141,兴发集团,25.5,1.7,0
sh.600389,江山股份,25.5,3,0
sh.600459,贵研铂业,25.4,2.2,0
sh.600814,杭州解百,25.4,1.5,0
sh.603129,春风动力,25.4,5.3,0
sz.000725,京东方A,25.4,1.1,0
sh.603500,祥和实业,25.3,3.7,0
sz.000758,中色股份,25.3,2.3,0
sz.002209,达意隆,25.3,4,0
sh.601188,龙江交通,25.2,0.9,0
sh.601619,嘉泽新能,25.2,2.3,0
sz.002860,星帅尔,25.2,2.2,0
sh.600885,宏发股份,25.1,3.5,0
sh.601611,中国核建,25.1,2,0
sh.603156,养元饮品,25.1,4.5,0
sh.603579,荣泰健康,25.1,1.5,0
sz.001205,盛航股份,25.1,1.3,0
sz.002662,峰璟股份,25.1,1.4,0
sh.601101,昊华能源,25,1,0
sh.603883,老百姓,25,1.5,0
sz.000419,通程控股,25,0.9,0
sz.001391,国货航,25,2.4,0
sh.601872,招商轮船,24.9,3.5,0
sh.605116,奥锐特,24.9,4.2,0
sz.000709,河钢股份,24.9,0.5,0
sz.001332,锡装股份,24.9,2.4,0
sz.002266,浙富控股,24.9,2,0
sh.600848,上海临港,24.8,1.4,0
sh.605088,冠盛股份,24.8,2.6,0
sz.001210,金房能源,24.8,2.5,0
sz.001218,丽臣实业,24.8,1.5,0
sz.001230,劲旅环境,24.8,1.9,0
sh.600598,北大荒,24.6,3.6,0
sh.600638,新黄浦,24.6,0.9,0
sh.605166,聚合顺,24.6,1.8,0
sz.001333,光华股份,24.6,1.9,0
sz.002452,长高电新,24.6,2.6,0
sh.600826,兰生股份,24.5,1.6,0
sz.000625,长安汽车,24.5,1.3,0
sh.601002,晋亿实业,24.4,1.4,0
sh.603296,华勤技术,24.4,3.8,0
sh.603317,天味食品,24.4,3.1,0
sh.603815,交建股份,24.4,1.7,0
sz.000400,许继电气,24.4,2.1,0
sz.003006,百亚股份,24.4,4.9,0
sh.601609,金田股份,24.3,1.9,0
sh.603966,法兰泰克,24.3,2.8,0
sz.002100,天康生物,24.3,1.5,0
sh.600133,东湖高新,24.2,1.1,0
sh.600422,昆药集团,24.2,1.6,0
sh.601952,苏垦农发,24.2,2,0
sz.000936,华西股份,24.2,1.4,0
sz.002968,新大正,24.2,2.1,0
sh.600312,平高电气,24.1,2.4,0
sh.600784,鲁银投资,24.1,1.5,0
sh.603020,爱普股份,24.1,1.3,0
sh.603025,大豪科技,24.1,6.3,0
sh.603725,天安新材,24.1,3.2,0
sz.002264,新华都,24.1,3,0
sz.002841,视源股份,24.1,1.8,0
sh.600563,法拉电子,24,4.8,0
sh.603351,威尔药业,24,2,0
sz.000089,深圳机场,24,1.2,0
sz.002252,上海莱士,24,1.2,0
sz.002322,理工能科,24,1.8,0
sh.600864,哈投股份,23.9,1.1,0
sh.601882,海天精工,23.9,3.5,0
sh.603165,荣晟环保,23.9,2.6,0
sh.603271,永杰新材,23.9,3.4,0
sh.603639,海利尔,23.9,1.3,0
sz.000554,泰山石油,23.9,3.3,0
sz.002395,双象股份,23.9,3.2,0
sh.603073,彩蝶实业,23.8,1.7,0
sh.605098,行动教育,23.8,7.5,0
sz.002461,珠江啤酒,23.8,1.9,0
sh.600236,桂冠电力,23.7,4.3,0
sh.600283,钱江水利,23.7,1.6,0
sh.600621,华鑫股份,23.7,1.6,0
sh.600985,淮北矿业,23.7,0.9,0
sh.601177,杭齿前进,23.7,2.1,0
sz.002282,博深股份,23.7,1,0
sz.002541,鸿路钢构,23.7,1.5,0
sh.600425,青松建化,23.6,1,0
sh.603707,健友股份,23.6,2.3,0
sh.605296,神农集团,23.6,3,0
sz.002258,利尔化学,23.6,1.4,0
sz.002825,纳尔股份,23.6,2.4,0
sh.600352,浙江龙盛,23.5,1.3,0
sh.601061,中信金属,23.5,2.7,0
sz.000923,河钢资源,23.5,1.2,0
sh.600664,哈药股份,23.4,1.9,0
sh.601799,星宇股份,23.4,3.3,0
sz.000551,创元科技,23.4,2.4,0
sz.002351,漫步者,23.4,3.4,0
sh.600827,百联股份,23.3,0.7,0
sh.605020,永和股份,23.3,2.3,0
sz.000557,西部创业,23.3,1.1,0
sz.000700,模塑科技,23.3,2.7,0
sz.002083,孚日股份,23.3,2.3,0
sh.600089,特变电工,23.2,2,0
sh.600346,恒力石化,23.2,2.5,0
sh.603282,亚光股份,23.2,2.1,0
sz.002550,千红制药,23.2,3.6,0
sh.603238,诺邦股份,23.1,2,0
sh.603969,银龙股份,23.1,3.2,0
sh.605158,华达新材,23.1,1.5,0
sz.000531,穗恒运A,23.1,1,0
sz.000739,普洛药业,23.1,3.2,0
sz.002722,物产金轮,23.1,1.2,0
sh.600160,巨化股份,23,4.5,0
sh.603236,移远通信,23,4.9,0
sh.603387,基蛋生物,23,1.8,0
sz.000537,绿发电力,23,1,0
sh.600711,盛屯矿业,22.9,2.7,0
sh.600737,中粮糖业,22.9,2.8,0
sh.601003,柳钢股份,22.9,1.4,0
sh.601089,福元医药,22.9,2.8,0
sz.002372,伟星新材,22.9,3.5,0
sz.002479,富春环保,22.9,1.1,0
sz.002831,裕同科技,22.9,2.9,0
sh.600188,兖矿能源,22.8,2.7,0
sh.601985,中国核电,22.8,1.5,0
sh.603345,安井食品,22.8,2,0
sh.603587,地素时尚,22.8,1.6,0
sz.002626,金达威,22.8,2.5,0
sh.600362,江西铜业,22.7,2,0
sh.600609,金杯汽车,22.7,3.2,0
sh.605266,健之佳,22.7,1.1,0
sz.000065,北方国际,22.7,1.5,0
sz.003816,中国广核,22.7,1.8,0
sh.600426,华鲁恒升,22.6,2.3,0
sh.600486,扬农化工,22.6,2.5,0
sh.603089,正裕工业,22.6,2.4,0
sh.603230,内蒙新华,22.6,1.4,0
sh.603697,有友食品,22.6,2.4,0
sh.603886,元祖股份,22.6,2,0
sh.600738,丽尚国潮,22.5,1.8,0
sh.603486,科沃斯,22.5,4.2,0
sh.603519,立霸股份,22.5,3.2,0
sh.603535,嘉诚国际,22.5,1.6,0
sz.002500,山西证券,22.5,1.1,0
sz.002823,凯中精密,22.4,2.5,0
sh.600298,安琪酵母,22.3,2.9,0
sh.601866,中远海发,22.3,1.2,0
sz.002204,大连重工,22.3,1.7,0
sz.002690,美亚光电,22.3,5.5,0
sh.603307,扬州金泉,22.2,1.9,0
sh.605338,巴比食品,22.2,2.6,0
sh.603300,海南华铁,22.1,2.2,0
sh.600031,三一重工,22,2.1,0
sh.601868,中国能建,22,1.2,0
sz.000897,津滨发展,22,1.1,0
sz.002437,誉衡药业,22,3.8,0
sh.600309,万华化学,21.9,2.6,0
sh.600348,华阳股份,21.9,1.2,0
sh.603162,海通发展,21.9,2.9,0
sh.605319,无锡振华,21.9,3.8,0
sz.000090,天健集团,21.9,0.6,0
sz.000403,派林生物,21.9,1.5,0
sz.002074,国轩高科,21.9,2.6,0
sh.600872,中炬高新,21.8,2.7,0
sh.605599,菜百股份,21.8,4.3,0
sz.000968,蓝焰控股,21.8,1.4,0
sh.600458,时代新材,21.7,1.4,0
sh.603337,杰克科技,21.7,3.9,0
sz.001222,源飞宠物,21.7,2.7,0
sz.002255,海陆重工,21.7,2,0
sh.600335,国机汽车,21.6,0.8,0
sh.605577,龙版传媒,21.6,1.4,0
sz.000729,燕京啤酒,21.6,2.3,0
sz.000957,中通客车,21.6,2.3,0
sh.600167,联美控股,21.5,1.4,0
sh.600388,龙净环保,21.5,2.2,0
sh.605090,九丰能源,21.5,2.8,0
sz.002081,金螳螂,21.5,0.7,0
sz.002088,鲁阳节能,21.5,2,0
sz.002249,大洋电机,21.5,2.4,0
sz.002404,嘉欣丝绸,21.5,1.9,0
sh.600519,贵州茅台,21.4,7.2,0
sh.600906,财达证券,21.4,1.7,0
sz.002415,海康威视,21.4,3.9,0
sz.002906,华阳集团,21.4,2.4,0
sh.600817,宇通重工,21.3,2.6,0
sh.603182,嘉华股份,21.3,2.2,0
sh.603596,伯特利,21.3,3.6,0
sh.603797,联泰环保,21.3,0.8,0
sh.603993,洛阳钼业,21.3,5.3,0
sz.000983,山西焦煤,21.3,1,0
sz.002284,亚太股份,21.3,3.1,0
sz.002946,新乳业,21.3,4.1,0
sh.600132,重庆啤酒,21.2,19,0
sh.600787,中储股份,21.2,0.8,0
sz.002159,三特索道,21.2,2.1,0
sz.002379,宏桥控股,21.2,8.3,0
sz.002392,北京利尔,21.2,1.5,0
sz.002540,亚太科技,21.2,1.6,0
sh.600028,中国石化,21.1,0.8,0
sh.603379,三美股份,21.1,5,0
sz.000338,潍柴动力,21.1,2.5,0
sh.601949,中国出版,21,1.2,0
sh.603170,宝立食品,21,3.7,0
sh.603207,小方制药,21,4.3,0
sz.000807,云铝股份,21,4,0
sh.600603,广汇物流,20.9,1.2,0
sh.603102,百合股份,20.9,1.5,0
sh.603456,九洲药业,20.9,1.7,0
sh.603866,桃李面包,20.9,1.5,0
sz.000779,甘咨询,20.9,1,0
sz.000830,鲁西化工,20.9,1.6,0
sz.001216,华瓷股份,20.9,2.6,0
sz.002216,三全食品,20.9,2.5,0
sz.002539,云图控股,20.9,1.8,0
sz.002961,瑞达期货,20.9,3.2,0
sz.002029,七匹狼,20.8,1,0
sh.600196,复星医药,20.7,1.4,0
sh.600739,辽宁成大,20.7,0.6,0
sh.605009,豪悦护理,20.7,1.8,0
sz.002772,众兴菌业,20.7,2,0
sz.002801,微光股份,20.7,3.9,0
sh.600025,华能水电,20.6,2.6,0
sh.600258,首旅酒店,20.6,1.4,0
sh.600284,浦东建设,20.6,0.9,0
sh.600351,亚宝药业,20.6,1.6,0
sh.600854,春兰股份,20.6,1.1,0
sh.603680,今创集团,20.6,1.9,0
sh.603726,朗迪集团,20.6,3.2,0
sz.002287,奇正藏药,20.6,2.8,0
sh.603299,苏盐井神,20.5,1.7,0
sh.603856,东宏股份,20.5,1.3,0
sh.603948,建业股份,20.5,2.1,0
sz.001338,永顺泰,20.5,1.8,0
sh.600888,新疆众和,20.4,1.2,0
sz.000906,浙商中拓,20.4,0.8,0
sz.001206,依依股份,20.4,2,0
sh.600531,豫光金铅,20.3,3.1,0
sh.603086,先达股份,20.3,1.5,0
sz.001207,联科科技,20.3,2.5,0
sh.600163,中闽能源,20.2,1.7,0
sh.600548,深高速,20.2,1,0
sh.603227,雪峰科技,20.2,1.9,0
sz.002835,同为股份,20.2,2.8,0
sh.601958,金钼股份,20.1,3.4,0
sh.603180,金牌家居,20.1,1,0
sh.603676,卫信康,20.1,2.9,0
sz.002978,安宁股份,20.1,1.9,0
sh.600887,伊利股份,20,2.9,0
sh.601021,春秋航空,20,2.6,0
sh.603506,南都物业,20,1.9,0
sh.605337,李子园,20,2.7,0
sh.605377,华旺科技,20,1.4,0
sz.000423,东阿阿胶,20,3.4,0
sz.000655,金岭矿业,20,1.4,0
sz.001301,尚太科技,20,2.9,0
sh.600956,新天绿能,19.9,1.5,0
sh.601198,东兴证券,19.9,1.4,0
sz.002517,恺英网络,19.9,3.8,0
sh.600256,广汇能源,19.8,1.7,0
sh.603128,华贸物流,19.8,1.2,0
sz.000100,TCL科技,19.8,1.5,0
sz.000591,太阳能,19.8,0.9,0
sz.002941,新疆交建,19.8,2.5,0
sh.603181,皇马科技,19.7,2.6,0
sh.603199,九华旅游,19.7,2.5,0
sz.001233,海安集团,19.7,4.4,0
sz.001380,华纬科技,19.7,2.8,0
sz.002752,昇兴股份,19.7,1.7,0
sz.002847,盐津铺子,19.7,6.9,0
sh.600170,上海建工,19.6,0.8,0
sh.600559,老白干酒,19.6,2.3,0
sh.603112,华翔股份,19.6,2.5,0
sh.603418,友升股份,19.6,2.2,0
sh.603588,高能环境,19.6,2.3,0
sz.002303,美盈森,19.6,1.1,0
sz.002773,康弘药业,19.6,2.7,0
sz.000792,盐湖股份,19.5,4.5,0
sz.002833,弘亚数控,19.5,2.7,0
sh.603355,莱克电气,19.4,2.7,0
sz.000422,湖北宜化,19.4,2.9,0
sz.000997,新大陆,19.4,3,0
sz.002412,汉森制药,19.4,1.5,0
sh.600535,天士力,19.3,1.7,0
sh.603231,索宝蛋白,19.3,1.7,0
sh.603612,索通发展,19.3,2.4,0
sz.000682,东方电子,19.3,3.2,0
sz.000895,双汇发展,19.3,4.6,0
sz.002345,潮宏基,19.3,2.5,0
sz.003012,东鹏控股,19.3,0.9,0
sh.600267,海正药业,19.2,1.6,0
sh.601788,光大证券,19.2,1.2,0
sz.002468,申通快递,19.2,2.6,0
sh.600982,宁波能源,19.1,1.4,0
sz.000538,云南白药,19.1,2.5,0
sh.600480,凌云股份,19,1.8,0
sh.603235,天新药业,19,2.4,0
sz.002101,广东鸿图,19,0.9,0
sz.002788,鹭燕医药,19,1.8,0
sh.600750,华润江中,18.9,4.3,0
sh.600900,长江电力,18.9,2.9,0
sh.601808,中海油服,18.9,1.6,0
sh.603817,海峡环保,18.9,1.3,0
sz.002223,鱼跃医疗,18.9,2.4,0
sz.002532,天山铝业,18.9,3.1,0
sh.601168,西部矿业,18.8,3.7,0
sh.603970,中农立华,18.8,2.2,0
sz.001308,康冠科技,18.8,1.8,0
sz.002673,西部证券,18.8,1.1,0
sh.600546,山煤国际,18.7,1.4,0
sh.600993,马应龙,18.7,2.5,0
sh.601088,中国神华,18.7,2.4,0
sh.601567,三星电气,18.7,3,0
sh.605368,蓝天燃气,18.7,1.8,0
sz.000778,新兴铸管,18.7,0.7,0
sz.003000,劲仔食品,18.7,3.5,0
sh.603013,亚普股份,18.6,2.2,0
sh.603195,公牛集团,18.6,4.7,0
sh.605333,沪光股份,18.6,3.6,0
sz.002003,伟星股份,18.6,2.6,0
sz.002073,软控股份,18.6,1.2,0
sz.002928,华夏航空,18.6,2.7,0
sh.600017,日照港,18.5,0.7,0
sh.600618,氯碱化工,18.5,1.6,0
sh.601816,京沪高铁,18.5,1.2,0
sz.001386,马可波罗,18.5,2.2,0
sz.001395,亚联机械,18.5,3,0
sz.002226,江南化工,18.5,1.5,0
sz.002262,恩华药业,18.5,2.8,0
sz.002432,九安医疗,18.5,1.6,0
sz.002507,涪陵榨菜,18.5,1.6,0
sh.600262,北方股份,18.4,2.6,0
sh.600600,青岛啤酒,18.4,2.8,0
sz.002020,京新药业,18.4,2.3,0
sz.002357,富临运业,18.4,2,0
sz.002950,奥美医疗,18.4,2.2,0
sh.601878,浙商证券,18.3,1.2,0
sh.603153,上海建科,18.3,1.9,0
sz.002096,易普力,18.3,1.8,0
sz.002746,仙坛股份,18.3,1.2,0
sh.600233,圆通速递,18.2,2.2,0
sh.601339,百隆东方,18.2,1.3,0
sz.000650,仁和药业,18.2,1.3,0
sz.000767,晋控电力,18.2,1.9,0
sz.002124,天邦食品,18.2,1.7,0
sz.002991,甘源食品,18.2,2.8,0
sh.600021,上海电力,18.1,2.5,0
sh.600295,鄂尔多斯,18.1,2,0
sh.600479,千金药业,18.1,2.1,0
sh.601330,绿色动力,18.1,1.4,0
sh.603788,宁波高发,18.1,1.7,0
sz.002457,青龙管业,18.1,1.5,0
sz.002768,国恩股份,18.1,2.7,0
sh.600007,中国国贸,18,2.2,0
sh.600361,创新新材,18,1.5,0
sh.601065,江盐集团,18,1.2,0
sh.601200,上海环境,18,0.9,0
sh.601377,兴业证券,18,0.9,0
sh.601633,长城汽车,18,2,0
sh.600529,山东药玻,17.9,1.5,0
sh.600989,宝丰能源,17.9,4.2,0
sh.601066,中信建投,17.9,2,0
sh.603043,广州酒家,17.9,2.2,0
sh.601022,宁波远洋,17.8,1.9,0
sh.601899,紫金矿业,17.8,5,0
sh.603556,海兴电力,17.8,2.3,0
sh.603658,安图生物,17.8,2.2,0
sh.603766,隆鑫通用,17.8,3.2,0
sh.603899,晨光股份,17.8,2.5,0
sh.605077,华康股份,17.8,1.5,0
sz.002026,山东威达,17.8,1.6,0
sz.002032,苏泊尔,17.8,5.9,0
sz.002895,川恒股份,17.8,2.9,0
sh.603209,兴通股份,17.7,1.4,0
sh.605305,中际联合,17.7,3.2,0
sz.000425,徐工机械,17.7,2,0
sz.002616,长青集团,17.7,1.4,0
sz.003011,海象新材,17.7,1.7,0
sh.600863,华能蒙电,17.6,2.1,0
sh.601886,江河集团,17.6,1.5,0
sh.603515,欧普照明,17.6,2.3,0
sh.605050,福然德,17.6,1.5,0
sh.601038,一拖股份,17.5,1.9,0
sh.601369,陕鼓动力,17.5,2,0
sh.601566,九牧王,17.5,1.5,0
sh.603053,成都燃气,17.5,1.8,0
sh.603279,景津装备,17.5,2.3,0
sh.603871,嘉友国际,17.5,3.2,0
sh.603979,金诚信,17.5,3.8,0
sh.605507,国邦医药,17.5,1.5,0
sh.600179,安通控股,17.4,1.6,0
sh.601702,华峰铝业,17.4,3.2,0
sh.603233,大参林,17.4,2.8,0
sh.603599,广信股份,17.4,1.3,0
sh.603706,东方环宇,17.4,2.2,0
sh.603811,诚意药业,17.4,3,0
sz.000581,威孚高科,17.4,0.9,0
sz.000672,上峰水泥,17.4,1.5,0
sh.600300,维维股份,17.3,1.6,0
sh.600526,菲达环保,17.3,1.1,0
sh.600572,康恩贝,17.3,1.7,0
sh.603967,中创物流,17.3,1.9,0
sz.000883,湖北能源,17.3,0.9,0
sz.002605,姚记科技,17.3,2.4,0
sh.601600,中国铝业,17.2,2.9,0
sh.601966,玲珑轮胎,17.2,0.9,0
sh.603173,福斯达,17.2,3.6,0
sh.603309,维力医疗,17.2,2.2,0
sh.603367,辰欣药业,17.2,1.2,0
sh.603393,新天然气,17.1,1.5,0
sh.603799,华友钴业,17.1,2.5,0
sh.605080,浙江自然,17.1,1.6,0
sz.002734,利民股份,17.1,2.1,0
sz.002911,佛燃能源,17.1,3.3,0
sh.600587,新华医疗,17,1.1,0
sz.002056,横店东磁,17,3,0
sz.002154,报喜鸟,17,1.2,0
sz.002714,牧原股份,17,3.4,0
sh.600004,白云机场,16.9,1.2,0
sz.002375,亚厦股份,16.9,0.7,0
sz.002555,三七互娱,16.9,3.6,0
sz.002959,小熊电器,16.9,2.2,0
sh.600801,华新建材,16.8,1.5,0
sh.601512,中新集团,16.8,0.9,0
sh.603508,思维列控,16.8,2.3,0
sz.000951,中国重汽,16.8,1.7,0
sz.002233,塔牌集团,16.8,0.9,0
sz.002299,圣农发展,16.8,2.1,0
sz.002318,久立特材,16.8,3.5,0
sh.601995,中金公司,16.7,1.6,0
sh.603277,银都股份,16.7,3.1,0
sz.002043,兔宝宝,16.7,3.8,0
sz.002533,金杯电工,16.7,2.2,0
sh.603939,益丰药房,16.6,2.5,0
sz.000887,中鼎股份,16.6,1.8,0
sz.002293,罗莱生活,16.6,2.1,0
sz.002352,顺丰控股,16.6,1.9,0
sh.600660,福耀玻璃,16.5,4.1,0
sz.000526,学大教育,16.5,3.9,0
sz.002027,分众传媒,16.5,5.4,0
sz.002140,东华科技,16.5,1.9,0
sh.600216,浙江医药,16.4,1.3,0
sh.600674,川投能源,16.4,1.6,0
sh.601137,博威合金,16.4,2.1,0
sh.601311,骆驼股份,16.4,1.2,0
sh.601965,中国汽研,16.4,2.3,0
sh.603080,新疆火炬,16.4,2,0
sh.603718,海利生物,16.4,1.8,0
sz.000088,盐田港,16.4,1.3,0
sz.002001,新和成,16.4,3.4,0
sh.603759,海天股份,16.3,1.5,0
sz.000963,华东医药,16.3,2.5,0
sz.002236,大华股份,16.3,1.6,0
sh.600867,通化东宝,16.2,2.8,0
sh.601728,中国电信,16.2,1.2,0
sh.603111,康尼机电,16.2,1.5,0
sh.605183,确成股份,16.2,2.2,0
sz.001914,招商积余,16.2,1,0
sz.002478,常宝股份,16.2,1.7,0
sz.002749,国光股份,16.2,3.2,0
sh.600886,国投电力,16.1,1.6,0
sh.600933,爱柯迪,16.1,1.9,0
sh.603816,顾家家居,16.1,2.5,0
sz.000507,珠海港,16.1,0.9,0
sz.002098,浔兴股份,16.1,2.2,0
sz.002120,韵达股份,16,1,0
sh.600050,中国联通,15.9,0.9,0
sh.600415,小商品城,15.9,2.9,0
sh.600681,百川能源,15.9,1.5,0
sh.601006,大秦铁路,15.9,0.6,0
sh.603055,台华新材,15.9,1.6,0
sh.603100,川仪股份,15.9,2.2,0
sh.603987,康德莱,15.9,1.4,0
sz.002275,桂林三金,15.9,2.6,0
sz.002311,海大集团,15.9,3.2,0
sz.002832,比音勒芬,15.9,1.9,0
sh.600104,上汽集团,15.8,0.5,0
sh.600356,恒丰纸业,15.8,1.1,0
sh.603326,我乐家居,15.8,2.3,0
sh.603661,恒林股份,15.8,1.1,0
sz.000755,山西高速,15.8,1.4,0
sh.600517,国网英大,15.7,1.6,0
sh.603733,仙鹤股份,15.7,1.8,0
sz.002563,森马服饰,15.7,1.2,0
sz.002648,卫星化学,15.7,2.6,0
sh.600983,惠而浦,15.6,2.7,0
sh.603194,中力股份,15.6,2.6,0
sh.600219,南山铝业,15.5,1.5,0
sh.600648,外高桥,15.5,0.9,0
sh.600731,湖南海利,15.5,1.2,0
sh.600742,富维股份,15.5,0.9,0
sh.603259,药明康德,15.5,3.7,0
sh.603551,奥普科技,15.5,3.3,0
sz.002014,永新股份,15.5,3.1,0
sh.600350,山东高速,15.4,1.6,0
sh.601033,永兴股份,15.4,1.2,0
sh.601975,招商南油,15.4,1.7,0
sh.603444,吉比特,15.4,5,0
sh.603998,方盛制药,15.4,2.7,0
sz.000612,焦作万方,15.4,2.3,0
sz.000913,钱江摩托,15.4,1.7,0
sz.002367,康力电梯,15.4,1.4,0
sz.002697,红旗连锁,15.4,1.5,0
sz.002939,长城证券,15.4,1.2,0
sh.600575,淮河能源,15.3,1.2,0
sh.603018,华设集团,15.3,1,0
sz.000900,现代投资,15.3,0.6,0
sh.600380,健康元,15.2,1.3,0
sh.600897,厦门空港,15.2,1.4,0
sh.601877,正泰电器,15.2,1.5,0
sz.002444,巨星科技,15.2,2,0
sh.600125,铁龙物流,15.1,1,0
sh.601333,广深铁路,15.1,0.8,0
sh.603187,海容冷链,15.1,1.4,0
sh.603298,杭叉集团,15.1,2.9,0
sh.603713,密尔克卫,15.1,2,0
sh.603855,华荣股份,15.1,3.2,0
sz.000027,深圳能源,15.1,1,0
sz.002997,瑞鹄模具,15.1,2.8,0
sh.600285,羚锐制药,15,3.7,0
sh.603167,渤海轮渡,15,1.2,0
sz.000786,北新建材,15,1.6,0
sz.000850,华茂股份,15,1,0
sz.002215,诺普信,15,2.4,0
sh.600398,海澜之家,14.9,1.8,0
sh.600583,海油工程,14.9,1.2,0
sh.601801,皖新传媒,14.9,1,0
sh.603605,珀莱雅,14.9,4.2,0
sz.002039,黔源电力,14.9,2,0
sh.600507,方大特钢,14.8,1.4,0
sh.600941,中国移动,14.8,1.5,0
sz.000513,丽珠集团,14.8,2.2,0
sz.002170,芭田股份,14.8,3.6,0
sz.002296,辉煌科技,14.8,1.9,0
sz.002884,凌霄泵业,14.8,2.8,0
sh.600120,浙江东方,14.7,1.2,0
sh.600329,达仁堂,14.7,4.4,0
sh.601001,晋控煤业,14.7,1.5,0
sh.603202,天有为,14.7,2.4,0
sh.605259,绿田机械,14.7,2,0
sz.000429,粤高速A,14.7,2.4,0
sz.002267,陕天然气,14.7,1.3,0
sz.002926,华西证券,14.7,0.9,0
sh.601901,方正证券,14.6,1.1,0
sh.603568,伟明环保,14.6,2.7,0
sz.000680,山推股份,14.6,2.9,0
sz.002346,柘中股份,14.6,2.9,0
sh.600019,宝钢股份,14.5,0.7,0
sh.600585,海螺水泥,14.5,0.6,0
sh.600938,中国海油,14.5,2.2,0
sh.601018,宁波港,14.5,0.9,0
sh.601225,陕西煤业,14.5,2.5,0
sh.600066,宇通客车,14.4,5.1,0
sh.600211,西藏药业,14.4,3.6,0
sh.601000,唐山港,14.4,1.3,0
sz.000157,中联重科,14.4,1.2,0
sz.001323,慕思股份,14.4,2.3,0
sz.002705,新宝股份,14.4,1.7,0
sz.002818,富森美,14.4,1.4,0
sz.000521,长虹美菱,14.3,1,0
sz.000708,中信特钢,14.3,2,0
sz.002327,富安娜,14.3,1.7,0
sz.002393,力生制药,14.3,1.3,0
sz.002852,道道全,14.3,1.5,0
sh.600976,健民集团,14.2,1.9,0
sz.001286,陕西能源,14.2,1.6,0
sz.002116,中国海诚,14.2,1.8,0
sh.600958,东方证券,14.1,1,0
sh.603889,新澳股份,14.1,1.8,0
sz.000030,富奥股份,14.1,1.2,0
sh.600012,皖通高速,14,2.1,0
sh.600420,国药现代,14,1,0
sh.601113,华鼎股份,14,1.2,0
sh.603613,国联股份,14,2.3,0
sz.000589,贵州轮胎,14,0.8,0
sz.000933,神火股份,14,2.9,0
sz.002034,旺能环境,14,1.2,0
sh.600428,中远海特,13.9,1.5,0
sh.600566,济川药业,13.9,1.7,0
sh.603365,水星家纺,13.9,1.8,0
sz.000858,五粮液,13.9,2.8,0
sh.600809,山西汾酒,13.8,4.4,0
sh.601019,山东出版,13.8,1.1,0
sh.601921,浙版传媒,13.8,1.2,0
sh.603600,永艺股份,13.8,1.6,0
sz.000550,江铃汽车,13.8,1.4,0
sh.600803,新奥股份,13.7,2.6,0
sz.002206,海利得,13.7,1.9,0
sh.600909,华安证券,13.6,1.2,0
sh.601139,深圳燃气,13.6,1.2,0
sh.603035,常熟汽饰,13.6,1,0
sh.603325,博隆技术,13.6,2.3,0
sh.603338,浙江鼎力,13.6,2.3,0
sh.603589,口子窖,13.6,1.4,0
sz.000333,美的集团,13.6,2.7,0
sz.000899,赣能股份,13.6,2,0
sz.002483,润邦股份,13.5,1.4,0
sh.600061,国投资本,13.4,0.8,0
sh.600551,时代出版,13.4,1,0
sh.601766,中国中车,13.4,1,0
sh.601857,中国石油,13.4,1.3,0
sz.000999,华润三九,13.4,2.1,0
sz.001965,招商公路,13.4,0.9,0
sz.002701,奥瑞金,13.4,1.4,0
sh.601108,财通证券,13.3,1,0
sh.603008,喜临门,13.3,1.2,0
sz.000528,柳工,13.3,1.1,0
sz.000932,华菱钢铁,13.3,0.6,0
sz.002546,新联电子,13.3,1.9,0
sh.600717,天津港,13.2,0.6,0
sh.603198,迎驾贡酒,13.2,2.7,0
sh.603801,志邦家居,13.2,1.2,0
sz.000686,东北证券,13.2,1,0
sz.000848,承德露露,13.2,2.4,0
sz.000915,华特达因,13.2,2.6,0
sh.601216,君正集团,13.1,1.5,0
sh.603689,皖天然气,13.1,1.2,0
sz.000791,甘肃能源,13.1,1.8,0
sz.000928,中钢国际,13.1,1.2,0
sz.002060,广东建工,13.1,1,0
sz.003013,地铁设计,13.1,2,0
sh.600177,雅戈尔,13,0.8,0
sz.002394,联发股份,13,1,0
sh.600109,国金证券,12.9,0.9,0
sh.600377,宁沪高速,12.9,1.4,0
sh.601199,江南水务,12.9,1.2,0
sh.601928,凤凰传媒,12.9,1.3,0
sz.002128,电投能源,12.9,1.9,0
sz.002867,周大生,12.9,2.1,0
sh.600153,建发股份,12.8,0.5,0
sh.600528,中铁工业,12.8,0.7,0
sh.603833,欧派家居,12.8,1.6,0
sz.000028,国药一致,12.8,0.8,0
sz.000728,国元证券,12.8,0.9,0
sz.000987,越秀资本,12.8,1.4,0
sh.600901,江苏金租,12.7,1.6,0
sh.600008,首创环保,12.6,1.1,0
sh.600761,安徽合力,12.6,1.4,0
sz.000411,英特集团,12.6,1.3,0
sz.000828,东莞控股,12.6,1,0
sh.600033,福建高速,12.5,0.8,0
sh.600713,南京医药,12.5,1.1,0
sh.600894,广日股份,12.5,1,0
sh.601098,中南传媒,12.5,1.2,0
sh.601163,三角轮胎,12.5,0.8,0
sh.603408,建霖家居,12.5,1.6,0
sz.000166,申万宏源,12.5,1.1,0
sz.002984,森麒麟,12.5,1.4,0
sh.600332,白云山,12.4,1,0
sh.600612,老凤祥,12.4,1.7,0
sh.600710,苏美达,12.4,2,0
sh.600780,通宝能源,12.4,0.9,0
sh.603357,设计总院,12.4,1.1,0
sh.600282,南钢股份,12.3,1.3,0
sh.600323,瀚蓝环境,12.3,1.6,0
sh.600496,精工钢构,12.3,0.8,0
sh.601326,秦港股份,12.3,1,0
sh.603611,诺力股份,12.3,1.7,0
sh.603995,甬金股份,12.3,1.2,0
sz.002035,华帝股份,12.3,1.4,0
sz.002508,老板电器,12.3,1.7,0
sz.002588,史丹利,12.3,1.6,0
sh.600060,海信视像,12.2,1.4,0
sh.603201,常润股份,12.2,1.8,0
sz.002078,太阳纸业,12.2,1.3,0
sh.601058,赛轮轮胎,12.1,2.1,0
sh.601107,四川成渝,12.1,1.1,0
sh.601898,中煤能源,12.1,1.4,0
sz.000902,新洋丰,12.1,1.7,0
sh.600273,嘉化能源,12,1.2,0
sh.600795,国电电力,12,1.4,0
sh.603518,锦泓集团,12,0.9,0
sz.000563,陕国投A,12,0.9,0
sh.600961,株冶集团,11.9,4.7,0
sh.601555,东吴证券,11.9,1,0
sh.603071,物产环能,11.9,1.4,0
sz.000685,中山公用,11.9,0.9,0
sh.600096,云天化,11.8,2.5,0
sz.000568,泸州老窖,11.8,3,0
sz.000596,古井贡酒,11.8,2.2,0
sz.002091,江苏国泰,11.8,1,0
sh.600248,陕建股份,11.7,0.4,0
sh.600639,浦东金桥,11.7,0.9,0
sh.600694,大商股份,11.7,0.7,0
sh.600782,新钢股份,11.6,0.4,0
sh.603558,健盛集团,11.6,2,0
sh.600030,中信证券,11.5,1.4,0
sh.600062,华润双鹤,11.5,1.6,0
sh.600668,尖峰集团,11.5,0.9,0
sz.000776,广发证券,11.5,1.2,0
sz.001872,招商港口,11.5,0.8,0
sz.002758,浙农股份,11.5,1,0
sh.603565,中谷物流,11.4,2.5,0
sz.002489,浙江永强,11.4,1.6,0
sh.600642,申能股份,11.3,1.2,0
sh.601881,中国银河,11.3,1.2,0
sh.600874,创业环保,11.1,0.9,0
sh.600968,海油发展,11.1,1.5,0
sh.600999,招商证券,11.1,1.1,0
sh.601677,明泰铝业,11.1,1.2,0
sh.601811,新华文轩,11.1,1.1,0
sh.603369,今世缘,11.1,1.9,0
sz.000690,宝新能源,11.1,0.8,0
sz.002011,盾安环境,11.1,2,0
sz.002572,索菲亚,11.1,1.7,0
sh.601083,锦江航运,11,1.7,0
sh.601607,上海医药,11,0.8,0
sz.000151,中成股份,11,5.5,0
sh.600039,四川路桥,10.9,1.7,0
sh.600720,中交设计,10.9,1,0
sh.601298,青岛港,10.9,1.3,0
sz.000404,长虹华意,10.9,1.2,0
sh.600511,国药股份,10.8,1.2,0
sh.601211,国泰海通,10.8,0.9,0
sh.601518,吉林高速,10.8,0.9,0
sh.601598,中国外运,10.8,1.1,0
sh.601827,三峰环境,10.7,1.1,0
sh.603529,爱玛科技,10.7,2.6,0
sz.000783,长江证券,10.7,1.1,0
sh.600057,厦门象屿,10.6,1.4,0
sh.600098,广州发展,10.6,0.9,0
sh.600461,洪城环境,10.6,1.3,0
sz.000719,中原传媒,10.6,1.2,0
sh.600662,外服控股,10.5,2.3,0
sh.600757,长江传媒,10.5,1.1,0
sh.601686,友发集团,10.5,1.3,0
sh.601688,华泰证券,10.5,1,0
sh.601900,南方传媒,10.4,1.4,0
sh.603049,中策橡胶,10.4,1.7,0
sz.000600,建投能源,10.4,1.4,0
sh.600987,航民股份,10.3,1.1,0
sh.600578,京能电力,10.2,1.5,0
sh.600023,浙能电力,10.1,1,0
sh.601156,东航物流,10.1,1.4,0
sh.600690,海尔智家,10,1.6,0
sh.600853,龙建股份,9.9,1.2,0
sz.000598,兴蓉环境,9.9,1,0
sz.002244,滨江集团,9.9,1.1,0
sz.002736,国信证券,9.9,1.3,0
sh.600368,五洲交通,9.8,0.9,0
sz.000921,海信家电,9.8,1.8,0
sh.600582,天地科技,9.7,0.9,0
sh.600970,中材国际,9.7,1.2,0
sh.601991,大唐发电,9.7,2.1,0
sh.600729,重庆百货,9.6,1.2,0
sh.600998,九州通,9.5,1,0
sh.600483,福能股份,9.4,1.1,0
sz.002543,万和电气,9.3,1.2,0
sh.601669,中国电建,9.2,0.7,0
sz.000726,鲁泰A,9.2,0.6,0
sh.600035,楚天高速,9.1,0.7,0
sh.601918,新集能源,9.1,1.1,0
sh.600866,星湖科技,9,1.4,0
sz.002668,TCL智家,9,2.9,0
sh.600027,华电国际,8.9,1.1,0
sh.600741,华域汽车,8.9,1,0
sz.002061,浙江交科,8.8,0.7,0
sz.002936,郑州银行,8.7,0.4,0
sh.603368,柳药集团,8.6,0.9,0
sz.002608,江苏国信,8.6,0.9,0
sh.600018,上港集团,8.5,0.8,0
sh.600210,紫江企业,8.5,1.6,0
sh.601288,农业银行,8.5,0.9,0
sz.000623,吉林敖东,8.5,0.7,0
sh.600020,中原高速,8.4,0.7,0
sh.601717,中创智领,8.3,1.5,0
sh.601800,中国交建,8.3,0.4,0
sh.600269,赣粤高速,8.1,0.5,0
sh.600873,梅花生物,8.1,1.9,0
sh.601117,中国化学,8.1,0.8,0
sh.600861,北京人力,8,1.3,0
sh.601318,中国平安,7.8,1,0
sh.601988,中国银行,7.7,0.7,0
sz.000543,皖能电力,7.7,1.1,0
sh.600011,华能国际,7.6,1.7,0
sh.600820,隧道股份,7.6,0.6,0
sh.601187,厦门银行,7.5,0.8,0
sz.000544,中原环保,7.4,0.9,0
sh.601919,中远海控,7.3,1,0
sh.601939,建设银行,7.3,0.7,0
sz.002612,朗姿股份,7.3,2.2,0
sh.601398,工商银行,7.2,0.7,0
sz.002966,苏州银行,7.2,0.8,0
sh.600704,物产中大,7.1,0.7,0
sh.601825,沪农商行,7.1,0.7,0
sz.000885,城发环境,7.1,0.9,0
sh.601319,中国人保,7,1.1,0
sh.601658,邮储银行,7,0.6,0
sz.002142,宁波银行,7,0.9,0
sh.601628,中国人寿,6.9,1.8,0
sh.601963,重庆银行,6.8,0.7,0
sh.600502,安徽建工,6.7,0.8,0
sh.601077,渝农商行,6.7,0.6,0
sh.601601,中国太保,6.7,1.2,0
sz.001227,兰州银行,6.7,0.4,0
sh.600000,浦发银行,6.6,0.4,0
sh.600036,招商银行,6.6,0.9,0
sh.601665,齐鲁银行,6.6,0.8,0
sh.601860,紫金银行,6.6,0.5,0
sh.600926,杭州银行,6.5,0.9,0
sh.601998,中信银行,6.5,0.6,0
sz.000651,格力电器,6.5,1.4,0
sh.600064,南京高科,6.4,0.8,0
sh.601328,交通银行,6.4,0.5,0
sh.601916,浙商银行,6.4,0.5,0
sh.601009,南京银行,6.3,0.8,0
sh.600928,西安银行,6,0.5,0
sh.603363,傲农生物,5.9,3.2,0
sz.002948,青岛银行,5.9,0.8,0
sh.600919,江苏银行,5.8,0.8,0
sh.601128,常熟银行,5.7,0.8,0
sh.601229,上海银行,5.7,0.6,0
sh.601390,中国中铁,5.7,0.4,0
sz.002839,张家港行,5.6,0.6,0
sz.002958,青农商行,5.6,0.5,0
sh.601336,新华保险,5.5,1.8,0
sh.601838,成都银行,5.5,0.9,0
sh.600908,无锡银行,5.4,0.6,0
sh.600016,民生银行,5.3,0.3,0
sz.002807,江阴银行,5.3,0.6,0
sh.601528,瑞丰银行,5.2,0.5,0
sh.601186,中国铁建,5.1,0.3,0
sh.601166,兴业银行,5,0.5,0
sz.000001,平安银行,5,0.5,0
sh.601818,光大银行,4.8,0.4,0
sh.603323,苏农银行,4.8,0.5,0
sh.601577,长沙银行,4.7,0.5,0
sh.600841,动力新科,4.6,2.1,0
sh.601668,中国建筑,4.6,0.4,0
sh.601169,北京银行,4.4,0.4,0
sh.600015,华夏银行,4.2,0.4,0
sh.601997,贵阳银行,4.1,0.3,0
sz.000498,山东路桥,4.1,0.6,0
sh.600340,华夏幸福,-0.4,-1.1,0
sh.601828,美凯龙,-0.4,0.5,0
sz.000002,万科A,-0.5,0.4,0
sz.002146,荣盛发展,-0.6,0.5,0
sz.000056,皇庭国际,-0.8,-1,0
sh.600606,绿地控股,-0.9,0.4,0
sz.000402,金融街,-0.9,0.4,0
sz.000926,福星股份,-0.9,0.4,0
sh.600383,金地集团,-1,0.3,0
sh.600657,信达地产,-1.1,0.6,0
sz.000826,启迪环境,-1.1,66,0
sz.000069,华侨城A,-1.2,0.5,0
sh.600376,首开股份,-1.8,1.9,0
sz.002634,棒杰股份,-1.9,-4.4,0
sh.600881,亚泰集团,-2,3,0
sh.600665,天地源,-2.1,1.1,0
sh.601588,北辰实业,-2.1,1,0
sh.600831,广电网络,-2.3,1.7,0
sz.002542,中化岩土,-2.5,7.1,0
sh.600622,光大嘉宝,-2.6,1.3,0
sh.600984,建设机械,-2.6,1.6,0
sh.600537,亿晶光电,-2.7,21.2,0
sz.002193,如意集团,-2.7,3.1,0
sh.601718,际华集团,-2.9,1,0
sz.000016,深康佳A,-2.9,6.1,0
sz.000517,荣安地产,-2.9,1.1,0
sh.600807,济高发展,-3.1,59.3,0
sz.000761,本钢板材,-3.1,1.8,0
sz.002431,棕榈股份,-3.1,4.1,0
sz.002133,广宇集团,-3.3,0.9,0
sh.600322,津投城开,-3.4,-3.5,0
sh.600533,栖霞建设,-3.4,0.8,0
sh.600579,中化装备,-3.4,2.4,0
sz.000059,华锦股份,-3.6,0.8,0
sz.000632,三木集团,-3.6,2.3,0
sh.603359,东珠生态,-3.8,1,0
sh.603378,亚士创能,-3.8,2.4,0
sz.000822,山东海化,-3.8,1.4,0
sz.002129,TCL中环,-3.8,1.6,0
sz.002672,东江环保,-3.8,1.9,0
sh.600231,凌钢股份,-3.9,1.5,0
sh.600658,电子城,-3.9,1,0
sz.002022,科华生物,-4,1.1,0
sz.000042,中洲控股,-4.1,1.8,0
sh.600500,中化国际,-4.2,1.4,0
sh.600655,豫园股份,-4.2,0.7,0
sz.000031,大悦城,-4.3,1.2,0
sh.601005,重庆钢铁,-4.6,0.9,0
sz.000639,西王食品,-4.6,0.8,0
sh.600094,大名城,-4.7,1.1,0
sz.000877,天山股份,-4.7,0.5,0
sz.002459,晶澳科技,-4.7,1.6,0
sz.000759,中百集团,-4.8,3.1,0
sz.002514,宝馨科技,-4.8,25.4,0
sz.002329,皇氏集团,-4.9,3.9,0
sz.002387,维信诺,-4.9,2.9,0
sz.002520,日发精机,-4.9,16.5,0
sh.600121,郑州煤电,-5.4,5.3,0
sh.600939,重庆建工,-5.4,0.7,0
sz.000898,鞍钢股份,-5.4,0.5,0
sz.002694,顾地科技,-5.4,20.2,0
sh.600491,龙元建设,-5.7,0.4,0
sz.002425,凯撒文化,-5.7,1.1,0
sh.600708,光明地产,-5.8,0.8,0
sh.600960,渤海汽车,-5.8,1.4,0
sz.000701,厦门信达,-5.9,-7.7,0
sh.600569,安阳钢铁,-6,2.3,0
sz.002291,遥望科技,-6,2,0
sh.600303,曙光股份,-6.1,1.8,0
sh.601015,陕西黑猫,-6.3,1.4,0
sz.000635,英力特,-6.5,2.1,0
sz.000665,湖北广电,-6.5,1.3,0
sz.002856,美芝股份,-6.5,18.8,0
sh.600403,大有能源,-6.7,3.7,0
sz.000802,北京文化,-6.7,3.6,0
sz.002298,中电鑫龙,-6.7,3.4,0
sz.002314,南山控股,-6.7,0.8,0
sz.002798,帝欧水华,-6.8,2,0
sh.600876,凯盛新能,-6.9,2,0
sz.001330,博纳影业,-7,2.7,0
sz.000545,金浦钛业,-7.1,3.3,0
sz.002855,捷荣技术,-7.1,8.8,0
sz.000055,方大集团,-7.2,0.7,0
sz.000838,财信发展,-7.3,4.9,0
sh.600185,珠免集团,-7.6,19.7,0
sh.600337,美克家居,-7.7,2,0
sh.600405,动力源,-7.7,15.4,0
sh.600733,北汽蓝谷,-7.8,22,0
sh.603010,万盛股份,-7.8,2.9,0
sh.603982,泉峰汽车,-7.8,1.3,0
sz.000790,华神科技,-7.8,3.5,0
sz.002663,普邦股份,-7.8,1.6,0
sh.600800,渤海化学,-7.9,4.6,0
sh.601106,中国一重,-8,5.5,0
sh.600052,东望时代,-8.1,1.2,0
sz.002793,罗欣药业,-8.1,3.8,0
sh.600117,西宁特钢,-8.2,2.1,0
sh.600307,酒钢宏兴,-8.2,1.7,0
sh.600792,云煤能源,-8.2,1.5,0
sz.000078,海王生物,-8.2,5.4,0
sz.002719,麦趣尔,-8.2,7.6,0
sh.601238,广汽集团,-8.4,0.7,0
sz.002805,丰元股份,-8.4,5.1,0
sz.000610,西安旅游,-8.6,13.9,0
sh.600743,华远控股,-8.8,10,0
sh.601908,京运通,-9,1.2,0
sz.002682,龙洲股份,-9,3.1,0
sh.603880,南卫股份,-9.1,7.3,0
sh.600438,通威股份,-9.5,1.9,0
sh.603458,勘设股份,-9.5,1.4,0
sz.002501,利源股份,-9.5,24.8,0
sh.600996,贵广网络,-9.6,5,0
sh.603421,鼎信通讯,-9.7,1.9,0
sz.000797,中国武夷,-9.7,0.9,0
sz.002302,西部建设,-9.7,0.9,0
sz.000818,航锦科技,-9.8,4.3,0
sz.002189,中光学,-9.8,10,0
sz.002285,世联行,-9.8,2.9,0
sh.603959,百利科技,-9.9,144.9,0
sz.002205,国统股份,-9.9,6.6,0
