序号,股票代码,股票简称,最新价,阶段涨跌幅,连续换手率,资金流入净额
3,603293,埃泰克,64.71,93.22%,118.49%,-2.87亿
6,605388,均瑶健康,8.87,33.18%,24.30%,-2.93亿
10,600683,京投发展,11.99,33.07%,10.92%,-5299.30万
11,603629,利通电子,105.44,31.88%,53.35%,1.94亿
14,603698,航天工程,46.19,28.52%,29.34%,-2.69亿
29,603315,福鞍股份,18.52,21.12%,35.14%,-5399.35万
30,605222,起帆电缆,28.4,21.11%,20.04%,975.75万
33,603897,长城科技,51.67,20.50%,27.28%,3445.77万
34,603083,剑桥科技,145.29,20.45%,48.42%,6.28亿
35,600961,株冶集团,22.09,20.18%,6.63%,-2.94亿
37,603950,长源东谷,65.21,19.87%,17.77%,2926.41万
43,603052,可川科技,83.35,19.00%,13.57%,1.36亿
44,603285,键邦股份,37.42,18.79%,40.35%,-5566.46万
45,600156,华升股份,9.26,18.72%,17.96%,-2.98亿
46,605365,立达信,25.53,18.63%,11.62%,-1.04亿
47,603826,坤彩科技,34.37,18.52%,9.32%,8411.75万
49,603322,超讯通信,38.09,17.63%,39.10%,-2.48亿
50,603063,禾望电气,40.63,17.53%,43.96%,-5.16亿
51,603773,沃格光电,52.9,17.50%,31.38%,-2.60亿
53,603687,大胜达,19.25,17.38%,56.94%,-7.74亿
58,600152,维科技术,13.9,16.90%,88.07%,-2.25亿
60,605098,行动教育,63.83,16.73%,9.79%,-4523.72万
67,603985,恒润股份,24.6,16.31%,48.62%,-1.39亿
78,605081,*ST太和,7.57,15.40%,7.98%,-1117.52万
83,605298,必得科技,54.75,14.83%,4.17%,-924.45万
91,603032,德新科技,22.76,14.60%,33.78%,3375.69万
92,601778,晶科科技,6.91,14.59%,68.45%,5.26亿
98,603220,中贝通信,32.24,14.29%,56.48%,4.33亿
106,605133,嵘泰股份,32.32,14.08%,16.44%,1.93亿
108,600707,彩虹股份,7.79,14.06%,12.10%,-2962.03万
114,603815,交建股份,6.57,13.67%,25.19%,-3308.09万
115,600552,凯盛科技,15.02,13.62%,21.88%,7114.43万
116,600338,西藏珠峰,21.71,13.61%,35.92%,7.44亿
118,603016,新宏泰,49.81,13.57%,16.52%,-52.01万
128,600234,科新发展,19.92,13.05%,7.02%,-4922.13万
130,603150,万朗磁塑,59.09,12.98%,12.88%,-6465.31万
132,605289,罗曼股份,129.91,12.87%,18.64%,-1.53亿
133,600520,三佳科技,27.81,12.87%,13.86%,3194.06万
135,601619,嘉泽新能,6.19,12.75%,15.05%,1.27亿
137,603926,铁流股份,20.02,12.66%,8.85%,1542.51万
141,605166,聚合顺,11.33,12.40%,13.70%,-195.14万
148,603301,振德医疗,95.36,12.19%,4.48%,2.49亿
150,603327,福蓉科技,10.74,12.11%,19.86%,-1.21亿
157,603045,福达合金,36.22,11.82%,15.53%,4835.22万
165,605598,上海港湾,54.09,11.55%,11.98%,-2574.58万
169,600749,西藏旅游,20.3,11.29%,47.16%,-1552.65万
172,603890,春秋电子,18.92,11.23%,53.20%,-2.32亿
173,603031,安孚科技,57.46,11.14%,14.88%,6907.68万
176,605303,园林股份,24.44,11.09%,21.96%,153.47万
177,600105,永鼎股份,41.3,11.08%,41.05%,13.78亿
184,603129,春风动力,278.01,10.98%,5.91%,3.79亿
188,603178,圣龙股份,17.42,10.81%,5.86%,-4920.92万
196,603730,岱美股份,9.99,10.63%,3.66%,9321.55万
200,603101,汇嘉时代,9.95,10.43%,22.45%,-7123.93万
204,605366,宏柏新材,13.45,10.34%,20.05%,1189.16万
210,603278,大业股份,12.01,10.18%,11.54%,-1554.28万
216,600768,宁波富邦,17.83,10.13%,29.27%,-1758.20万
234,603906,龙蟠科技,25.99,9.76%,33.72%,-3.83亿
236,603203,快克智能,48.25,9.73%,7.06%,-3041.26万
240,603038,华立股份,16.62,9.63%,8.42%,2375.67万
242,600295,鄂尔多斯,15.29,9.61%,2.39%,-894.30万
247,603991,至正股份,115.72,9.56%,11.77%,8081.86万
251,603633,徕木股份,8.44,9.47%,17.11%,2691.21万
253,600666,奥瑞德,7.09,9.41%,76.96%,4.96亿
257,600719,大连热电,7.38,9.33%,19.79%,5877.73万
258,600135,乐凯胶片,11.13,9.33%,18.30%,-2688.52万
270,600703,三安光电,13.34,9.17%,15.48%,4.90亿
273,601126,四方股份,48.13,9.14%,12.51%,5748.31万
277,603922,金鸿顺,21.51,9.08%,9.16%,257.65万
278,600507,方大特钢,6.01,9.07%,7.72%,670.79万
281,603118,共进股份,15.18,9.05%,20.76%,-3.10亿
285,605060,联德股份,60.22,9.03%,13.88%,-1.38亿
287,603613,国联股份,27.8,8.98%,6.88%,1.17亿
294,600962,国投中鲁,20.71,8.89%,4.85%,-365.10万
296,603306,华懋科技,108.27,8.83%,13.73%,1.74亿
299,600773,西藏城投,22.47,8.81%,16.45%,3.42亿
303,600641,先导基电,24.29,8.73%,15.42%,-2021.87万
308,603618,杭电股份,24.12,8.65%,39.83%,9028.87万
310,600581,*ST八钢,3.03,8.60%,10.72%,4321.17万
311,600267,海正药业,11.24,8.60%,18.39%,-6540.21万
315,600821,金开新能,9.08,8.48%,57.17%,3.74亿
316,600208,衢州发展,3.58,8.48%,3.10%,-5028.35万
317,600727,鲁北化工,7.69,8.46%,14.17%,-1.65亿
319,603206,嘉环科技,17.32,8.45%,13.02%,-845.34万
321,605196,华通线缆,51.4,8.44%,5.96%,1.58亿
324,600284,浦东建设,7.51,8.37%,9.41%,746.60万
330,600847,万里股份,14.79,8.27%,14.84%,-3421.74万
331,603878,武进不锈,8.26,8.26%,10.51%,-2360.49万
334,603458,勘设股份,11.95,8.24%,18.74%,2184.39万
335,603459,红板科技,67.29,8.22%,136.05%,-8.23亿
340,601799,星宇股份,133.1,8.12%,4.98%,1.33亿
342,603738,泰晶科技,30.17,8.10%,36.34%,4858.42万
344,605068,明新旭腾,27.81,8.08%,6.51%,5529.35万
347,601208,东材科技,36.73,7.97%,18.95%,2.45亿
354,600238,*ST椰岛,4.67,7.85%,10.76%,-2702.68万
359,600186,莲花控股,7.89,7.79%,47.88%,4.35亿
364,600360,*ST华微,10.01,7.75%,6.11%,1.03亿
367,600191,华资实业,12.67,7.74%,3.49%,2786.05万
382,605198,安德利,47.9,7.50%,4.07%,5409.75万
384,603375,盛景微,42.79,7.49%,18.45%,4606.15万
385,603685,晨丰科技,31.56,7.49%,6.71%,2419.41万
391,603256,宏和科技,105.3,7.45%,13.00%,-4.43亿
392,600776,东方通信,16.74,7.45%,12.74%,-1.95亿
393,601020,华钰矿业,31.49,7.44%,15.37%,2.62亿
401,603959,百利科技,7.02,7.34%,25.60%,2582.67万
402,600572,康恩贝,4.68,7.34%,31.66%,2637.39万
404,605088,冠盛股份,36.93,7.32%,7.35%,8024.30万
405,600549,厦门钨业,62.85,7.31%,16.95%,-4.45亿
407,603115,海星股份,47.32,7.30%,12.22%,7718.18万
408,600531,豫光金铅,14.63,7.26%,17.98%,3042.23万
416,600875,东方电气,41.72,7.17%,15.11%,1.89亿
417,605208,永茂泰,15.11,7.16%,11.78%,3674.46万
418,603958,哈森股份,25.43,7.16%,22.25%,5400.87万
421,603130,云中马,40.44,7.13%,5.55%,622.85万
422,603444,吉比特,382.98,7.10%,14.57%,-6.17亿
427,600539,狮头股份,17.07,7.02%,35.10%,-3210.51万
428,605178,时空科技,86.85,7.01%,13.82%,-7471.47万
435,600382,广东明珠,10.14,6.96%,12.77%,7462.86万
445,600577,精达股份,13.25,6.77%,10.19%,1.42亿
449,603212,赛伍技术,13.84,6.71%,10.32%,4182.69万
459,605090,九丰能源,42.36,6.62%,10.87%,1129.58万
460,603358,华达科技,35.37,6.57%,9.12%,1.06亿
464,603040,新坐标,85.65,6.53%,4.78%,-47.15万
466,603920,世运电路,59.1,6.52%,18.11%,-9.85亿
471,603316,诚邦股份,15.6,6.48%,13.10%,4515.53万
472,603308,应流股份,71.1,6.47%,10.54%,-878.41万
475,605055,迎丰股份,11.05,6.45%,9.45%,107.57万
477,603895,天永智能,29.59,6.40%,6.91%,1940.43万
481,603335,迪生力,6.5,6.38%,23.38%,-3666.84万
489,600331,宏达股份,16.59,6.28%,8.04%,-1747.77万
491,600316,洪都航空,40.21,6.26%,7.19%,1.34亿
492,603823,百合花,16.16,6.25%,4.73%,2968.67万
496,601231,环旭电子,40.18,6.21%,7.14%,2.18亿
506,600885,宏发股份,28.55,6.13%,4.84%,-3171.99万
507,601179,中国西电,17.19,6.11%,18.58%,1.88亿
521,600184,光电股份,22.22,6.01%,21.70%,4980.96万
523,603271,永杰新材,50.55,6.00%,14.49%,-1036.33万
524,603223,恒通股份,8.83,6.00%,3.97%,2507.85万
527,600262,北方股份,27.3,5.98%,10.22%,42.24万
528,600855,航天长峰,20.38,5.98%,34.27%,-1.18亿
533,600410,华胜天成,28.94,5.93%,54.61%,7.36亿
538,603085,天成自控,11.87,5.89%,7.94%,6777.92万
543,603997,继峰股份,13.17,5.87%,2.28%,4948.29万
544,605050,福然德,13.39,5.85%,6.31%,1825.08万
545,600259,中稀有色,97.33,5.85%,14.64%,1.17亿
548,603139,康惠股份,30.12,5.80%,26.20%,-1906.14万
550,603530,神马电力,62.15,5.79%,6.30%,-1.20亿
552,603655,朗博科技,41.91,5.78%,4.92%,3828.69万
553,605286,同力天启,47.27,5.77%,7.83%,2934.54万
558,603829,洛凯股份,29.22,5.75%,10.57%,2497.21万
559,603228,景旺电子,66.2,5.75%,11.95%,6.25亿
564,603637,镇海股份,14.64,5.70%,19.25%,1631.12万
565,600784,鲁银投资,7.45,5.67%,6.45%,2701.07万
568,600487,亨通光电,55.65,5.66%,19.89%,-1.77亿
574,603025,大豪科技,15.35,5.64%,4.35%,-1288.12万
580,603819,神力股份,14.71,5.60%,12.33%,1887.88万
588,600233,圆通速递,21.04,5.57%,2.97%,8075.22万
592,603200,上海洗霸,67.0,5.51%,23.24%,-1.54亿
595,600693,东百集团,11.91,5.49%,23.35%,1.79亿
599,600977,中国电影,14.91,5.45%,8.69%,2428.42万
600,603515,欧普照明,20.36,5.44%,0.98%,2517.05万
602,600330,天通股份,21.73,5.43%,24.10%,-13.95亿
604,603557,ST起步,4.28,5.42%,5.00%,902.36万
619,600668,尖峰集团,11.51,5.31%,8.61%,5481.95万
629,600595,中孚实业,8.85,5.23%,5.27%,8808.65万
631,600497,驰宏锌锗,8.85,5.23%,7.20%,6080.03万
632,603409,汇通控股,43.54,5.22%,30.46%,-1738.42万
637,600268,国电南自,15.62,5.19%,13.93%,1161.72万
645,600550,保变电气,15.7,5.16%,17.54%,6944.94万
647,603877,太平鸟,14.72,5.14%,1.62%,198.56万
649,601933,永辉超市,4.11,5.12%,7.63%,-3365.34万
658,603179,新泉股份,66.66,5.09%,10.08%,1.66亿
661,600791,京能置业,12.45,5.06%,14.01%,1070.15万
662,603110,东方材料,17.64,5.06%,17.10%,5458.31万
663,600510,黑牡丹,9.16,5.05%,3.42%,646.63万
665,600561,江西长运,6.66,5.05%,5.95%,976.06万
672,603803,瑞斯康达,15.75,5.00%,68.69%,-1.93亿
673,600343,航天动力,35.67,5.00%,29.48%,4491.00万
677,603222,济民健康,10.54,4.98%,26.68%,7842.82万
678,603037,凯众股份,14.77,4.98%,12.50%,2257.13万
681,603931,格林达,29.35,4.97%,4.25%,-424.59万
682,600590,泰豪科技,15.84,4.97%,30.73%,3.52亿
684,601061,中信金属,12.9,4.96%,1.15%,3549.75万
685,603121,华培动力,22.44,4.96%,7.69%,-2509.46万
688,600126,杭钢股份,9.96,4.95%,18.57%,2.71亿
691,605100,华丰股份,48.06,4.93%,7.07%,1802.70万
693,600137,浪莎股份,22.36,4.93%,11.68%,2024.69万
695,600605,汇通能源,30.84,4.93%,18.71%,4608.40万
698,605287,德才股份,45.17,4.92%,13.85%,-2130.78万
700,600521,华海药业,16.88,4.91%,8.75%,1.23亿
703,600288,大恒科技,15.84,4.90%,6.45%,6964.17万
706,603377,ST东时,3.86,4.89%,3.70%,1379.29万
707,600676,交运股份,7.95,4.88%,5.79%,477.62万
713,600356,恒丰纸业,9.49,4.86%,18.33%,2270.47万
719,605189,富春染织,17.88,4.81%,24.16%,3379.96万
722,603909,建发合诚,13.55,4.80%,17.86%,-1.64亿
729,603103,横店影视,24.09,4.78%,6.43%,-1211.85万
730,600839,四川长虹,9.21,4.78%,14.61%,-5.94亿
735,603389,*ST亚振,51.08,4.76%,2.17%,-68.72万
737,603059,倍加洁,34.6,4.75%,5.17%,66.77万
745,603678,火炬电子,34.82,4.69%,7.31%,340.78万
751,603300,海南华铁,7.17,4.67%,12.39%,3.02亿
760,600751,海航科技,3.84,4.63%,5.33%,5110.06万
761,603257,中国瑞林,59.5,4.62%,21.39%,547.62万
765,603416,信捷电气,52.19,4.59%,4.83%,414.27万
770,603722,阿科力,37.12,4.56%,3.43%,2154.85万
778,603663,三祥新材,45.61,4.51%,6.19%,-7521.48万
779,603165,荣晟环保,16.72,4.50%,11.45%,4956.85万
781,605499,东鹏饮料,199.8,4.48%,3.11%,-6296.11万
782,600655,豫园股份,5.13,4.48%,2.56%,4000.00万
789,603311,金海高科,19.9,4.46%,16.69%,-191.91万
793,603992,松霖科技,34.14,4.44%,3.89%,5964.35万
794,601288,农业银行,7.06,4.44%,0.42%,11.04亿
795,603057,紫燕食品,25.95,4.43%,2.98%,1550.68万
798,603120,肯特催化,39.45,4.42%,10.39%,366.26万
799,605336,帅丰电器,15.12,4.42%,11.21%,-1167.08万
804,600392,盛和资源,26.18,4.39%,13.12%,2.36亿
811,601107,四川成渝,6.01,4.34%,2.27%,2788.72万
812,600071,凤凰光学,21.17,4.34%,6.36%,3408.88万
816,605069,正和生态,13.05,4.32%,8.47%,-1259.07万
817,603281,江瀚新材,37.72,4.31%,2.63%,3574.49万
825,601133,柏诚股份,24.87,4.28%,17.04%,-833.03万
828,603009,北特科技,51.12,4.26%,6.60%,-1553.74万
829,600337,美克家居,3.43,4.26%,23.89%,895.06万
831,603666,亿嘉和,27.3,4.24%,5.34%,437.18万
836,600714,金瑞矿业,18.08,4.21%,20.68%,1727.71万
845,605080,浙江自然,24.7,4.18%,3.87%,1453.00万
848,600490,鹏欣资源,8.48,4.18%,8.24%,2517.19万
851,600689,上海三毛,13.75,4.17%,10.64%,1347.66万
856,605299,舒华体育,18.66,4.13%,31.03%,-2983.74万
858,600573,惠泉啤酒,12.16,4.11%,14.98%,1783.86万
866,605007,五洲特纸,14.55,4.08%,3.75%,1706.01万
867,601222,林洋能源,6.38,4.08%,4.75%,8920.89万
870,603008,喜临门,12.53,4.07%,22.73%,256.28万
873,600879,航天电子,23.42,4.04%,16.03%,7448.10万
875,605179,一鸣食品,18.05,4.03%,2.72%,643.96万
878,603012,创力集团,8.8,4.02%,7.61%,5012.63万
880,603601,再升科技,14.77,4.01%,67.33%,3272.40万
881,600207,安彩高科,5.7,4.01%,11.12%,5223.32万
888,600397,江钨装备,15.15,3.98%,15.84%,1.03亿
893,605589,圣泉集团,38.62,3.96%,13.21%,2.20亿
895,603090,宏盛股份,74.25,3.95%,19.04%,1146.74万
896,600594,益佰制药,4.5,3.93%,54.78%,-2214.34万
897,603171,税友股份,56.93,3.92%,10.11%,-1.59亿
898,600151,航天机电,14.62,3.91%,15.46%,2.14亿
900,600877,电科芯片,17.32,3.90%,7.58%,1484.24万
904,601155,新城控股,14.71,3.88%,2.53%,4581.80万
908,603255,鼎际得,29.9,3.86%,8.14%,770.07万
909,600750,华润江中,26.96,3.85%,2.40%,2986.33万
913,603079,圣达生物,17.03,3.84%,3.61%,1445.80万
914,601567,三星电气,26.25,3.84%,5.23%,1.14亿
917,601702,华峰铝业,20.91,3.82%,2.77%,3330.36万
918,600185,珠免集团,5.98,3.82%,3.86%,2508.89万
920,603275,众辰科技,47.65,3.81%,16.61%,4301.29万
924,603173,福斯达,42.83,3.78%,2.52%,617.41万
927,603776,永安行,20.06,3.78%,3.76%,1959.18万
929,603701,德宏股份,24.86,3.76%,6.25%,2110.49万
930,601388,怡球资源,4.15,3.75%,12.44%,2674.57万
935,600251,冠农股份,11.42,3.72%,4.28%,-362.19万
942,603688,石英股份,51.8,3.68%,15.80%,1.26亿
945,603309,维力医疗,14.41,3.67%,5.97%,734.35万
946,603006,联明股份,13.3,3.66%,2.77%,-675.59万
949,603077,和邦生物,3.12,3.65%,9.62%,1.08亿
950,603766,隆鑫通用,15.6,3.65%,3.21%,7952.03万
954,600183,生益科技,69.25,3.64%,8.48%,6.94亿
961,605116,奥锐特,27.56,3.61%,8.10%,-2095.95万
962,600955,维远股份,19.27,3.60%,6.54%,-2278.56万
968,603682,锦和商管,7.26,3.57%,18.59%,188.67万
976,603869,ST智知,10.84,3.53%,0.71%,282.04万
977,603595,ST东尼,16.72,3.53%,3.37%,66.85万
978,600051,宁波联合,7.62,3.53%,12.69%,640.04万
979,603270,金帝股份,26.19,3.52%,16.64%,962.17万
984,603325,博隆技术,76.42,3.51%,6.06%,388.40万
985,600673,东阳光,35.05,3.51%,7.51%,-2.07亿
988,605566,福莱蒽特,31.74,3.49%,4.15%,2475.39万
989,601138,工业富联,60.97,3.48%,2.85%,7.36亿
995,601609,金田股份,10.73,3.47%,4.53%,8784.93万
1001,601226,华电科工,9.59,3.45%,7.23%,-1312.38万
1004,600350,山东高速,10.22,3.44%,0.32%,2424.56万
1007,603993,洛阳钼业,20.23,3.43%,4.24%,-5.63亿
1008,603132,金徽股份,19.03,3.42%,2.83%,3100.17万
1009,603933,睿能科技,24.5,3.42%,27.14%,-6754.77万
1010,603703,盛洋科技,13.59,3.42%,7.14%,715.66万
1011,605018,长华集团,12.44,3.41%,6.72%,1500.67万
1015,601336,新华保险,64.27,3.39%,3.72%,-1224.82万
1019,603166,福达股份,14.12,3.37%,3.16%,-1730.99万
1020,600103,青山纸业,4.3,3.37%,45.39%,1.07亿
1032,600769,祥龙电业,14.93,3.32%,14.00%,5578.56万
1036,603356,华菱精工,16.64,3.29%,14.41%,3600.06万
1039,603867,新化股份,33.38,3.28%,6.25%,462.41万
1040,600551,时代出版,8.22,3.27%,1.98%,232.16万
1041,600312,平高电气,19.91,3.27%,6.63%,6958.75万
1044,603162,海通发展,14.31,3.25%,25.07%,-5743.56万
1048,600664,哈药股份,4.17,3.22%,58.38%,-14.03亿
1057,603109,神驰机电,24.18,3.20%,8.64%,-445.27万
1059,603986,兆易创新,288.96,3.20%,18.16%,-1.14亿
1060,600428,中远海特,9.04,3.20%,4.05%,-1001.07万
1062,600562,国睿科技,28.5,3.19%,3.12%,4149.48万
1067,600176,中国巨石,33.5,3.17%,11.57%,-2.99亿
1069,601218,吉鑫科技,6.21,3.16%,21.47%,4224.80万
1072,600642,申能股份,9.16,3.15%,1.61%,9823.78万
1075,600250,南京商旅,11.51,3.14%,28.30%,-3797.97万
1079,603005,晶方科技,31.24,3.10%,19.43%,6144.53万
1082,603071,物产环能,14.01,3.09%,1.97%,788.44万
1084,603858,步长制药,16.69,3.09%,2.56%,1141.63万
1091,603351,威尔药业,26.2,3.07%,3.17%,2059.06万
1097,600894,广日股份,10.09,3.06%,3.27%,2087.08万
1098,600243,*ST海华,3.7,3.06%,8.60%,-1087.80万
1103,600116,三峡水利,6.75,3.05%,4.17%,8481.04万
1105,603488,展鹏科技,11.2,3.04%,13.65%,516.22万
1106,601001,晋控煤业,16.93,3.04%,3.14%,4049.79万
1107,600586,金晶科技,5.42,3.04%,7.69%,7694.94万
1110,605058,澳弘电子,37.74,3.03%,13.43%,695.29万
1111,605376,博迁新材,114.36,3.03%,9.88%,1.85亿
1113,603809,豪能股份,11.24,3.02%,5.31%,-1006.68万
1114,603538,美诺华,52.5,3.02%,90.01%,2.35亿
1123,603312,西典新能,42.0,2.99%,8.47%,147.61万
1124,603182,嘉华股份,14.85,2.98%,11.14%,2104.63万
1125,603091,众鑫股份,79.42,2.97%,7.45%,356.95万
1126,600459,贵研铂业,21.18,2.97%,6.13%,1509.19万
1128,600742,富维股份,10.44,2.96%,3.83%,3667.25万
1134,605151,西上海,19.88,2.95%,6.31%,513.44万
1136,603799,华友钴业,66.21,2.94%,17.07%,-10.69亿
1139,603887,城地香江,16.88,2.93%,9.83%,8241.73万
1143,600161,天坛生物,15.18,2.92%,2.19%,3271.78万
1147,603279,景津装备,18.73,2.91%,3.35%,2116.11万
1152,603191,望变电气,21.28,2.90%,12.91%,956.23万
1153,600603,广汇物流,7.1,2.90%,5.49%,2021.80万
1156,600841,动力新科,9.58,2.90%,9.64%,2620.49万
1162,603790,雅运股份,22.17,2.88%,3.11%,1313.56万
1171,600880,博瑞传播,5.05,2.85%,16.00%,5050.60万
1172,603076,乐惠国际,29.31,2.84%,9.77%,-582.87万
1173,603977,国泰集团,14.84,2.84%,10.10%,2659.18万
1174,603297,永新光学,112.69,2.84%,4.15%,758.69万
1178,600475,华光环能,17.81,2.83%,4.07%,-422.83万
1183,603051,鹿山新材,23.06,2.81%,13.11%,-2719.78万
1186,603612,索通发展,27.5,2.80%,10.02%,-165.80万
1191,600060,海信视像,22.92,2.78%,2.61%,6108.29万
1198,603683,晶华新材,29.0,2.76%,15.55%,68.40万
1202,605389,长龄液压,73.48,2.75%,1.76%,2833.11万
1204,603969,银龙股份,9.7,2.75%,5.37%,4542.42万
1205,603496,恒为科技,29.9,2.75%,14.82%,1.09亿
1206,601000,唐山港,4.86,2.75%,1.76%,6625.60万
1214,603680,今创集团,13.25,2.71%,1.73%,267.79万
1219,605168,三人行,37.99,2.70%,7.62%,3428.49万
1224,601665,齐鲁银行,6.14,2.68%,2.63%,1.68亿
1225,603380,易德龙,36.78,2.68%,4.87%,-1270.07万
1230,600699,均胜电子,26.5,2.67%,8.33%,-6949.39万
1237,600966,博汇纸业,6.59,2.65%,3.04%,745.03万
1242,600777,*ST新潮,5.86,2.63%,1.17%,-237.81万
1253,603936,博敏电子,14.63,2.59%,15.34%,-1106.57万
1254,600054,黄山旅游,12.26,2.59%,10.86%,2214.38万
1255,601928,凤凰传媒,9.93,2.58%,0.92%,7641.28万
1256,600468,百利电气,7.94,2.58%,15.71%,-6764.99万
1259,603097,江苏华辰,33.19,2.56%,11.26%,-7451.21万
1260,603626,科森科技,24.45,2.56%,20.93%,590.39万
1261,603607,京华激光,23.22,2.56%,5.76%,624.09万
1264,605136,丽人丽妆,10.44,2.55%,5.04%,1754.15万
1265,600039,四川路桥,9.67,2.55%,0.59%,-1229.49万
1270,603721,*ST天择,22.2,2.54%,5.83%,-1153.57万
1271,603199,九华旅游,37.92,2.54%,8.58%,114.98万
1276,603587,地素时尚,12.54,2.53%,1.44%,-141.57万
1277,600867,通化东宝,10.15,2.53%,17.34%,-1.25亿
1280,600361,创新新材,4.48,2.52%,5.41%,7481.55万
1282,603381,永臻股份,23.26,2.51%,11.41%,2473.48万
1283,603859,能科科技,39.69,2.51%,6.25%,1102.69万
1302,603183,建研院,4.59,2.46%,7.00%,444.47万
1306,600406,国电南瑞,26.81,2.45%,3.58%,-5.77亿
1309,605555,德昌股份,16.37,2.44%,3.97%,-818.65万
1311,603093,南华期货,20.18,2.44%,5.80%,-2283.85万
1316,603163,圣晖集成,113.5,2.42%,10.00%,1783.87万
1317,603020,爱普股份,11.45,2.42%,3.85%,896.79万
1318,601969,海南矿业,11.41,2.42%,4.82%,-2174.60万
1325,600576,祥源文旅,6.0,2.39%,8.66%,489.02万
1326,600281,华阳新材,5.58,2.39%,5.54%,1326.76万
1327,600094,大名城,4.71,2.39%,5.71%,-1118.14万
1328,600182,S佳通,14.61,2.38%,3.91%,36.57万
1331,603124,江南新材,124.02,2.37%,6.40%,6138.64万
1332,605186,健麾信息,19.83,2.37%,3.32%,301.60万
1334,603396,金辰股份,35.83,2.37%,7.80%,2662.92万
1335,600346,恒力石化,23.33,2.37%,1.74%,1.40亿
1340,601965,中国汽研,17.35,2.36%,1.65%,3461.45万
1341,600724,宁波富达,6.93,2.36%,2.35%,72.59万
1349,603211,晋拓股份,26.2,2.34%,17.39%,-9972.34万
1355,605318,法狮龙,95.02,2.32%,6.89%,757.87万
1359,605288,凯迪股份,85.6,2.31%,3.84%,459.93万
1371,603112,华翔股份,20.25,2.27%,7.64%,-1483.26万
1373,605580,恒盛能源,22.65,2.26%,6.58%,-1431.64万
1374,603638,艾迪精密,20.8,2.26%,1.88%,-351.17万
1378,603679,华体科技,14.16,2.24%,7.93%,590.59万
1379,600206,有研新材,23.29,2.24%,15.59%,-4021.87万
1381,603912,佳力图,10.54,2.23%,22.46%,-2668.84万
1382,600888,新疆众和,8.7,2.23%,5.18%,2092.75万
1383,600502,安徽建工,5.95,2.23%,10.38%,-1143.17万
1386,603193,润本股份,24.38,2.22%,13.78%,-678.06万
1388,603330,天洋新材,6.9,2.22%,3.64%,344.13万
1390,603816,顾家家居,31.35,2.22%,2.29%,8008.29万
1397,603928,兴业股份,15.28,2.21%,5.98%,-1240.89万
1407,601298,青岛港,8.89,2.18%,0.46%,2958.49万
1408,600986,浙文互联,10.78,2.18%,39.84%,-1.30亿
1409,600363,联创光电,53.85,2.18%,5.41%,-6945.04万
1413,603332,苏州龙杰,13.2,2.17%,4.06%,785.64万
1414,600737,中粮糖业,14.61,2.17%,3.29%,6597.18万
1418,603217,元利科技,26.45,2.16%,5.04%,-468.90万
1423,603948,建业股份,27.6,2.15%,2.27%,213.27万
1428,603650,彤程新材,54.01,2.14%,4.89%,-1.44亿
1429,601007,金陵饭店,8.12,2.14%,16.53%,3203.06万
1436,603659,璞泰来,35.91,2.13%,8.96%,3.67亿
1437,603286,日盈电子,62.93,2.13%,7.82%,931.58万
1440,600578,京能电力,5.3,2.12%,1.08%,4578.83万
1443,600783,鲁信创投,21.33,2.11%,5.79%,-1914.78万
1447,601058,赛轮轮胎,13.63,2.10%,3.95%,-1612.85万
1453,603739,蔚蓝生物,15.19,2.08%,4.76%,887.49万
1454,600535,天士力,14.25,2.08%,2.10%,5343.29万
1458,603099,长白山,36.04,2.07%,9.32%,-6143.61万
1460,603029,天鹅股份,18.85,2.06%,5.27%,171.16万
1461,603011,合锻智能,21.84,2.06%,11.83%,-3537.88万
1462,600388,龙净环保,18.84,2.06%,3.39%,3354.94万
1469,603176,汇通集团,5.5,2.04%,2.45%,40.89万
1485,600048,保利发展,6.07,2.02%,3.02%,1.75亿
1489,605089,味知香,25.36,2.01%,3.38%,2109.71万
1498,603303,得邦照明,15.8,2.00%,1.15%,1208.26万
1500,600780,通宝能源,6.63,2.00%,5.94%,-35.52万
1504,600300,维维股份,3.58,1.99%,9.82%,1774.99万
1507,605086,龙高股份,34.52,1.98%,2.42%,1752.20万
1509,603915,国茂股份,15.46,1.98%,3.21%,1092.79万
1510,603033,三维股份,11.84,1.98%,2.25%,-109.16万
1511,603010,万盛股份,12.86,1.98%,7.50%,4854.01万
1518,603001,奥康国际,9.3,1.97%,6.86%,1778.23万
1520,603489,八方股份,34.86,1.96%,4.60%,1983.08万
1526,603073,彩蝶实业,19.87,1.95%,9.55%,1245.57万
1530,600801,华新建材,23.01,1.95%,2.08%,1724.15万
1532,603779,威龙股份,6.31,1.94%,5.12%,58.70万
1533,603786,科博达,57.15,1.94%,2.29%,-4865.57万
1534,600637,东方明珠,10.0,1.94%,4.63%,3842.24万
1535,600433,冠豪高新,3.67,1.94%,9.33%,484.48万
1538,603527,众源新材,12.13,1.93%,25.40%,-5946.38万
1539,600033,福建高速,3.7,1.93%,2.44%,799.26万
1540,603233,大参林,17.39,1.93%,1.17%,1629.27万
1542,603218,日月股份,14.35,1.92%,2.85%,-1298.66万
1543,603041,美思德,12.8,1.91%,3.86%,160.67万
1544,603291,联合水务,11.75,1.91%,3.39%,-10.10万
1546,601677,明泰铝业,17.58,1.91%,8.40%,-1.10亿
1547,600493,凤竹纺织,7.46,1.91%,6.58%,345.08万
1549,603119,浙江荣泰,78.73,1.90%,27.59%,-3.26亿
1553,603018,华设集团,7.52,1.90%,3.46%,-653.81万
1557,603960,克来机电,24.31,1.89%,17.76%,-2187.85万
1558,600057,厦门象屿,8.07,1.89%,1.99%,4008.87万
1568,603995,甬金股份,18.49,1.87%,4.48%,1146.15万
1574,603889,新澳股份,9.3,1.86%,9.64%,-1772.08万
1578,605056,咸亨国际,28.57,1.85%,7.41%,-4034.34万
1580,601600,中国铝业,12.69,1.85%,5.43%,-9996.90万
1581,600352,浙江龙盛,13.19,1.85%,4.04%,-8778.94万
1587,603095,越剑智能,18.25,1.84%,2.84%,1032.54万
1588,601128,常熟银行,7.21,1.84%,3.58%,1.67亿
1591,603197,保隆科技,33.37,1.83%,2.94%,593.15万
1592,600619,海立股份,17.82,1.83%,10.50%,-266.44万
1594,600118,中国卫星,85.93,1.82%,12.25%,-4.35亿
1599,603196,璞源材料,32.0,1.81%,5.74%,618.69万
1600,603081,大丰实业,12.4,1.81%,4.29%,1963.04万
1601,600153,建发股份,9.0,1.81%,1.40%,6105.75万
1609,603175,超颖电子,91.63,1.79%,29.97%,3676.48万
1612,600055,万东医疗,14.76,1.79%,1.30%,616.24万
1617,600644,乐山电力,11.41,1.78%,12.87%,5780.05万
1618,603758,秦安股份,13.16,1.78%,2.86%,559.83万
1619,600395,盘江股份,5.71,1.78%,3.06%,-760.34万
1620,600064,南京高科,8.58,1.78%,2.00%,4880.06万
1628,601882,海天精工,19.66,1.76%,2.55%,1020.18万
1629,601958,金钼股份,19.62,1.76%,3.06%,1517.79万
1630,600901,江苏金租,6.92,1.76%,1.87%,1723.09万
1631,600744,华银电力,7.5,1.76%,17.27%,5467.87万
1632,601868,中国能建,2.91,1.75%,6.52%,7.68亿
1633,603565,中谷物流,11.65,1.75%,2.12%,4053.74万
1634,605188,国光连锁,17.48,1.75%,2.52%,1664.10万
1636,603339,四方科技,13.39,1.75%,2.20%,-178.81万
1637,600711,盛屯矿业,14.54,1.75%,11.63%,-2.88亿
1645,600377,宁沪高速,11.75,1.73%,0.55%,4571.16万
1649,601963,重庆银行,10.65,1.72%,2.82%,8796.37万
1651,605123,派克新材,101.26,1.72%,8.03%,-6537.98万
1660,600814,杭州解百,7.75,1.71%,3.41%,2144.43万
1663,603883,老百姓,13.73,1.70%,3.69%,1242.26万
1665,600748,上实发展,5.37,1.70%,4.19%,265.98万
1669,600226,亨通股份,5.4,1.69%,5.42%,1527.31万
1672,600557,康缘药业,13.92,1.68%,2.59%,-101.86万
1675,600367,红星发展,21.36,1.67%,26.11%,4019.46万
1676,600177,雅戈尔,7.3,1.67%,1.11%,3664.72万
1685,603214,爱婴室,15.96,1.66%,6.21%,1817.23万
1686,601311,骆驼股份,10.41,1.66%,11.58%,-1931.25万
1691,603871,嘉友国际,13.55,1.65%,4.09%,-4273.37万
1692,600753,*ST海钦,12.32,1.65%,2.59%,-1270.04万
1693,600633,浙数文化,12.97,1.65%,6.59%,1376.05万
1697,605003,众望布艺,29.17,1.64%,2.69%,1011.64万
1699,601595,上海电影,25.34,1.64%,3.22%,-1937.44万
1700,603013,亚普股份,19.38,1.63%,1.75%,150.61万
1702,600106,重庆路桥,6.23,1.63%,3.83%,2261.69万
1703,600996,贵广网络,9.4,1.62%,10.70%,-414.65万
1704,600861,北京人力,16.32,1.62%,2.06%,516.28万
1717,603320,迪贝电气,22.29,1.60%,10.12%,-5313.04万
1718,600865,百大集团,11.45,1.60%,4.85%,517.31万
1722,600483,福能股份,10.22,1.59%,2.40%,321.08万
1723,600113,浙江东日,47.19,1.59%,3.29%,3807.25万
1724,600053,九鼎投资,15.32,1.59%,2.39%,1619.39万
1730,603207,小方制药,27.88,1.57%,6.17%,-47.76万
1737,601689,拓普集团,60.97,1.55%,5.63%,-3.18亿
1738,600990,四创电子,24.29,1.55%,4.97%,2805.85万
1742,603656,泰禾智能,21.12,1.54%,4.45%,559.18万
1743,603505,金石资源,17.85,1.54%,3.30%,345.23万
1750,603298,杭叉集团,25.33,1.52%,1.55%,3519.37万
1751,601900,南方传媒,13.34,1.52%,3.68%,-1441.99万
1760,600,建投能源,9.43,1.51%,4.88%,-1338.35万
1763,600729,重庆百货,22.32,1.50%,3.70%,2058.33万
1764,600131,国网信通,18.31,1.50%,3.26%,-5444.22万
1772,603392,万泰生物,39.66,1.48%,0.82%,876.33万
1773,603967,中创物流,13.05,1.48%,2.14%,-385.27万
1774,603558,健盛集团,13.72,1.48%,7.20%,-1390.29万
1786,605009,豪悦护理,28.52,1.46%,1.35%,533.40万
1787,601098,中南传媒,11.11,1.46%,1.01%,2725.38万
1789,605177,东亚药业,20.2,1.46%,4.41%,-293.99万
1791,600231,凌钢股份,2.1,1.45%,2.15%,1435.95万
1801,603788,宁波高发,15.72,1.42%,1.97%,184.05万
1805,600481,双良节能,6.49,1.41%,8.45%,-1939.07万
1812,600883,博闻科技,7.97,1.40%,5.10%,843.04万
1814,603608,天创时尚,11.58,1.40%,11.56%,1652.31万
1815,600079,ST人福,18.8,1.40%,2.25%,-188.20万
1826,603276,恒兴新材,16.89,1.38%,6.18%,448.97万
1830,601728,中国电信,5.87,1.38%,0.42%,2.05亿
1831,601615,明阳智能,16.93,1.38%,9.98%,230.32万
1832,601686,友发集团,5.89,1.38%,0.94%,1289.46万
1833,600351,亚宝药业,6.63,1.38%,15.78%,2790.63万
1837,601022,宁波远洋,8.89,1.37%,1.64%,532.49万
1839,600221,海航控股,1.48,1.37%,1.81%,-4170.28万
1843,603518,锦泓集团,8.97,1.36%,3.09%,209.82万
1844,605228,神通科技,14.91,1.36%,9.78%,-1887.15万
1849,603022,新通联,10.48,1.35%,7.12%,920.97万
1850,601918,新集能源,7.5,1.35%,5.26%,-504.61万
1853,603728,鸣志电器,59.66,1.34%,3.27%,-3707.33万
1854,601700,风范股份,5.28,1.34%,4.10%,484.21万
1855,600970,中材国际,10.56,1.34%,2.60%,-4223.44万
1856,603087,甘李药业,65.15,1.34%,4.17%,-1151.25万
1857,603708,家家悦,11.39,1.33%,1.77%,-921.88万
1858,603305,旭升集团,15.25,1.33%,6.34%,-1.00亿
1859,600980,北矿科技,22.93,1.33%,4.30%,475.20万
1869,600851,海欣股份,8.5,1.31%,5.73%,884.89万
1870,600050,中国联通,4.64,1.31%,1.59%,1.56亿
1877,603630,拉芳家化,16.33,1.30%,3.58%,584.77万
1878,603606,东方电缆,60.05,1.30%,3.89%,-9035.59万
1879,603105,芯能科技,10.88,1.30%,11.97%,-1157.15万
1886,601116,三江购物,14.13,1.29%,5.11%,577.65万
1887,600889,南京化纤,14.9,1.29%,2.89%,-1037.91万
1907,603696,安记食品,15.91,1.27%,6.75%,1865.34万
1913,603277,银都股份,14.43,1.26%,0.55%,329.35万
1914,603156,养元饮品,32.08,1.26%,1.44%,708.19万
1915,603035,常熟汽饰,14.42,1.26%,3.04%,-350.81万
1916,600808,马钢股份,4.01,1.26%,2.19%,-698.65万
1917,600710,苏美达,12.86,1.26%,3.55%,2091.87万
1918,600476,湘邮科技,11.26,1.26%,10.59%,-613.02万
1926,601010,文峰股份,2.43,1.25%,9.64%,2401.02万
1937,605066,天正电气,8.24,1.23%,6.25%,-68.41万
1938,603617,君禾股份,7.42,1.23%,4.71%,-215.63万
1947,600203,福日电子,11.6,1.22%,6.92%,-267.92万
1950,605268,王力安防,12.56,1.21%,4.74%,-618.42万
1952,605300,佳禾食品,10.92,1.20%,0.75%,198.66万
1954,603386,骏亚科技,14.35,1.20%,5.07%,-219.06万
1955,603019,中科曙光,89.92,1.20%,9.91%,3.51亿
1956,600398,海澜之家,6.74,1.20%,1.86%,4749.41万
1957,600348,华阳股份,9.3,1.20%,2.36%,4100.47万
1959,605218,伟时电子,18.66,1.19%,3.11%,418.10万
1960,603888,新华网,20.44,1.19%,3.54%,-993.75万
1961,600797,浙大网新,9.36,1.19%,10.70%,3691.68万
1962,600237,铜峰电子,9.33,1.19%,17.60%,-441.61万
1970,600007,中国国贸,21.5,1.18%,0.65%,913.64万
1971,601009,南京银行,11.11,1.18%,0.84%,1.93亿
1974,603836,海程邦达,13.01,1.17%,2.94%,-115.26万
1975,603408,建霖家居,12.08,1.17%,1.34%,-210.68万
1976,600545,卓郎智能,4.34,1.17%,20.57%,-1.52亿
1977,600248,陕建股份,3.47,1.17%,0.97%,1695.20万
1978,600143,金发科技,17.29,1.17%,4.90%,1307.72万
1986,603328,依顿电子,13.09,1.16%,8.54%,-711.52万
1987,603136,天目湖,11.29,1.16%,5.70%,-466.37万
1997,603737,三棵树,49.49,1.14%,1.38%,4857.23万
1999,603400,华之杰,69.88,1.13%,17.60%,14.74万
2001,603151,邦基科技,17.0,1.13%,3.97%,983.23万
2002,600228,*ST返利,6.24,1.13%,7.05%,-534.77万
2003,603159,上海亚虹,26.96,1.13%,4.92%,1675.11万
2004,603078,江化微,23.28,1.13%,6.52%,-3735.65万
2005,600736,苏州高新,6.29,1.13%,3.87%,-78.78万
2021,603065,宿迁联盛,8.24,1.10%,2.51%,-147.38万
2022,603402,陕西旅游,136.9,1.10%,30.22%,-8890.34万
2024,605337,李子园,11.01,1.10%,2.29%,-24.41万
2025,603378,亚士创能,5.5,1.10%,5.19%,-369.22万
2026,601137,博威合金,20.24,1.10%,4.50%,-1540.13万
2027,600458,时代新材,11.98,1.10%,3.53%,1594.11万
2038,600785,新华百货,17.8,1.08%,12.33%,-171.14万
2039,600732,爱旭股份,15.98,1.08%,5.52%,1297.55万
2047,600538,国发股份,6.61,1.07%,8.20%,2034.53万
2048,603338,浙江鼎力,50.89,1.07%,3.06%,-4435.59万
2049,601579,会稽山,18.85,1.07%,7.88%,92.36万
2050,600995,南网储能,14.16,1.07%,2.51%,-3164.90万
2053,600927,永安期货,14.33,1.06%,0.99%,1096.60万
2056,600282,南钢股份,5.73,1.06%,1.31%,3367.86万
2057,601886,江河集团,9.49,1.06%,1.41%,-231.78万
2058,601699,潞安环能,13.36,1.06%,2.27%,1.23亿
2059,601577,长沙银行,9.49,1.06%,0.91%,5151.07万
2060,600025,华能水电,9.51,1.06%,0.46%,-7501.23万
2066,605588,冠石科技,56.72,1.05%,5.87%,563.90万
2067,601616,广电电气,4.81,1.05%,11.61%,-1020.32万
2068,600963,岳阳林纸,4.81,1.05%,3.42%,803.74万
2072,600368,五洲交通,3.9,1.04%,1.79%,1287.39万
2075,601121,宝地矿业,7.83,1.03%,4.41%,-329.59万
2079,603088,宁波精达,13.75,1.03%,20.00%,-3709.96万
2080,603987,康德莱,8.85,1.03%,3.46%,-243.82万
2081,603706,东方环宇,19.61,1.03%,1.28%,-58.20万
2088,603908,牧高笛,22.67,1.02%,3.45%,271.77万
2089,601168,西部矿业,28.67,1.02%,6.20%,-1.27亿
2090,600449,宁夏建材,12.9,1.02%,2.87%,845.20万
2091,600318,新力金融,7.9,1.02%,8.54%,-1252.96万
2092,600212,绿能慧充,7.94,1.02%,14.13%,3882.82万
2099,603186,华正新材,75.35,1.01%,21.96%,5352.89万
2100,601086,国芳集团,9.0,1.01%,3.40%,-392.54万
2106,601916,浙商银行,3.02,1.00%,1.20%,2.14亿
2107,603357,设计总院,8.1,1.00%,1.97%,371.48万
2108,600058,五矿发展,11.14,1.00%,3.08%,512.91万
2109,600036,招商银行,39.52,1.00%,1.09%,4.46亿
2115,603602,纵横通信,13.32,0.99%,4.29%,-160.71万
2116,600850,电科数字,20.51,0.98%,4.43%,97.00万
2117,600820,隧道股份,6.16,0.98%,1.09%,1775.18万
2122,605358,立昂微,36.6,0.97%,6.16%,636.99万
2124,601608,中信重工,6.27,0.97%,2.00%,2010.51万
2129,603226,菲林格尔,40.15,0.96%,3.27%,1209.90万
2130,600828,茂业商业,5.28,0.96%,2.97%,2102.51万
2136,600198,大唐电信,8.5,0.95%,3.11%,1441.27万
2138,603237,五芳斋,17.14,0.94%,1.86%,510.98万
2140,600501,航天晨光,23.57,0.94%,6.89%,-2949.71万
2145,600271,航天信息,8.72,0.93%,3.73%,-2082.45万
2155,600793,宜宾纸业,18.71,0.92%,3.72%,728.78万
2160,603848,好太太,15.52,0.91%,1.04%,659.66万
2175,603238,诺邦股份,15.87,0.89%,3.25%,974.81万
2176,600694,大商股份,16.98,0.89%,1.82%,998.49万
2177,600273,嘉化能源,9.04,0.89%,2.88%,-141.82万
2182,603668,天马科技,13.72,0.88%,9.71%,8160.89万
2183,600362,江西铜业,46.75,0.88%,6.99%,-4.18亿
2184,600120,浙江东方,5.73,0.88%,4.37%,-861.47万
2188,603190,亚通精工,25.5,0.87%,7.18%,530.87万
2191,603855,华荣股份,19.76,0.87%,1.49%,-270.26万
2192,601328,交通银行,6.96,0.87%,1.40%,2.27亿
2193,600771,广誉远,17.35,0.87%,2.88%,463.76万
2194,600770,综艺股份,5.78,0.87%,7.39%,-3705.66万
2195,600529,山东药玻,18.56,0.87%,2.49%,311.39万
2196,600027,华电国际,4.64,0.87%,2.93%,1.61亿
2206,603185,弘元绿能,24.7,0.86%,7.02%,-3708.90万
2207,603089,正裕工业,12.85,0.86%,2.35%,621.38万
2208,600479,千金药业,10.59,0.86%,6.12%,-162.45万
2209,600130,*ST波导,4.67,0.86%,6.16%,-1386.48万
2213,600563,法拉电子,127.34,0.85%,10.40%,-2.64亿
2215,603406,天富龙,34.89,0.84%,8.28%,-1137.90万
2218,603709,中源家居,16.81,0.84%,3.31%,245.07万
2226,601995,中金公司,33.87,0.83%,1.41%,1077.14万
2227,603323,苏农银行,4.85,0.83%,2.75%,1589.83万
2228,605567,春雪食品,10.91,0.83%,4.82%,493.56万
2233,605180,华生科技,14.78,0.82%,2.09%,344.94万
2237,603768,常青股份,11.07,0.82%,2.57%,-150.88万
2238,601233,桐昆股份,19.62,0.82%,5.05%,6121.78万
2239,600236,桂冠电力,9.88,0.82%,0.60%,-7476.46万
2249,603366,日出东方,8.76,0.81%,8.31%,-5332.38万
2254,603876,鼎胜新材,25.1,0.80%,10.82%,280.37万
2255,603866,桃李面包,5.03,0.80%,1.50%,1854.75万
2256,600512,腾达建设,2.52,0.80%,8.43%,-251.10万
2267,600650,锦江在线,12.8,0.79%,2.62%,432.76万
2268,600211,西藏药业,41.89,0.79%,2.45%,-568.11万
2269,600012,皖通高速,15.4,0.79%,1.40%,1317.43万
2274,605011,杭州热电,19.38,0.78%,2.27%,-617.56万
2277,600754,锦江酒店,27.06,0.78%,4.99%,-8138.77万
2278,605122,四方新材,12.85,0.78%,3.46%,-193.46万
2284,603955,大千生态,26.18,0.77%,3.08%,-806.56万
2285,603662,柯力传感,57.33,0.77%,3.23%,-3712.51万
2288,603092,德力佳,68.8,0.76%,15.05%,-1914.57万
2293,601390,中国中铁,5.32,0.76%,1.94%,4334.12万
2294,600674,川投能源,14.52,0.76%,1.29%,1241.54万
2295,600663,陆家嘴,7.95,0.76%,0.66%,1478.23万
2300,603014,威高血净,37.81,0.75%,6.63%,-486.29万
2301,603383,顶点软件,32.18,0.75%,14.60%,-1.04亿
2310,605277,新亚电子,24.38,0.74%,5.62%,1026.04万
2313,601688,华泰证券,19.07,0.74%,3.32%,-3.03亿
2314,600425,青松建化,4.06,0.74%,3.02%,232.35万
2321,600588,用友网络,12.38,0.73%,2.57%,-7576.93万
2326,603516,淳中科技,147.3,0.72%,9.08%,1.68亿
2330,603075,热威股份,22.75,0.71%,9.84%,224.38万
2332,603194,中力股份,33.96,0.71%,2.07%,-23.26万
2333,603648,畅联股份,9.96,0.71%,1.39%,-60.72万
2334,603399,永杉锂业,12.85,0.71%,40.16%,-2.08亿
2335,601611,中国核建,14.27,0.71%,4.62%,-2.18亿
2340,603262,技源集团,25.82,0.70%,5.97%,706.08万
2341,601026,道生天合,18.71,0.70%,12.23%,-3589.40万
2343,601988,中国银行,5.77,0.70%,0.27%,1.34亿
2353,603686,福龙马,18.88,0.69%,8.58%,-3195.68万
2354,600456,宝钛股份,34.78,0.69%,3.97%,-1195.35万
2355,600278,东方创业,7.32,0.69%,1.98%,582.46万
2359,600179,安通控股,4.47,0.68%,2.45%,6604.04万
2361,603893,瑞芯微,170.93,0.68%,5.04%,-8193.27万
2362,603661,恒林股份,31.3,0.68%,1.55%,877.18万
2363,601113,华鼎股份,4.47,0.68%,6.19%,-1116.88万
2364,600685,中船防务,29.63,0.68%,6.24%,-8332.92万
2365,600568,ST中珠,2.95,0.68%,2.51%,-645.55万
2370,605500,森林包装,9.05,0.67%,2.36%,-416.88万
2371,603390,通达电气,12.0,0.67%,2.38%,-65.03万
2372,603839,安正时尚,7.48,0.67%,1.73%,158.36万
2373,603811,诚意药业,12.03,0.67%,7.41%,530.74万
2374,600872,中炬高新,19.52,0.67%,3.59%,-1056.98万
2379,600062,华润双鹤,18.3,0.66%,3.81%,-727.52万
2386,603797,联泰环保,4.68,0.65%,2.59%,-113.65万
2387,601002,晋亿实业,6.19,0.65%,15.46%,-1052.86万
2390,603982,泉峰汽车,7.82,0.64%,5.57%,-316.93万
2391,603027,千禾味业,9.47,0.64%,2.23%,1736.77万
2392,601966,玲珑轮胎,14.21,0.64%,1.79%,-971.87万
2393,600380,健康元,11.09,0.64%,2.58%,665.77万
2399,603466,风语筑,9.55,0.63%,9.56%,-2151.08万
2400,600706,曲江文旅,9.51,0.63%,11.60%,-649.82万
2412,603002,宏昌电子,12.94,0.62%,30.26%,-1.11亿
2417,600845,宝信软件,22.92,0.61%,3.10%,3798.41万
2418,600829,人民同泰,9.85,0.61%,9.63%,-2169.74万
2419,600461,洪城环境,9.83,0.61%,2.94%,1831.89万
2420,600218,全柴动力,9.84,0.61%,6.11%,-246.70万
2425,601065,江盐集团,8.41,0.60%,2.54%,59.02万
2429,605108,同庆楼,16.65,0.60%,2.81%,-984.29万
2435,603028,赛福天,8.51,0.59%,4.21%,429.28万
2438,605258,协和电子,37.58,0.59%,14.35%,-555.91万
2442,603180,金牌家居,18.81,0.59%,1.23%,-339.86万
2453,603326,我乐家居,8.65,0.58%,3.01%,440.31万
2454,605169,洪通燃气,12.16,0.58%,2.35%,-63.82万
2455,600418,江淮汽车,46.51,0.58%,4.99%,-2.36亿
2456,600378,昊华科技,32.8,0.58%,3.23%,-1.11亿
2457,600375,汉马科技,5.22,0.58%,3.54%,-938.01万
2464,600232,金鹰股份,8.8,0.57%,6.27%,1448.02万
2471,600366,宁波韵升,12.61,0.56%,4.95%,-2224.40万
2476,603201,常润股份,16.54,0.55%,1.81%,101.32万
2478,601096,宏盛华源,5.54,0.54%,5.50%,-2048.36万
2484,603860,中公高科,31.47,0.54%,5.01%,-425.04万
2485,603128,华贸物流,5.63,0.54%,2.09%,-441.54万
2494,603170,宝立食品,13.2,0.53%,1.98%,25.92万
2497,603508,思维列控,24.48,0.53%,2.57%,-2085.00万
2498,601939,建设银行,9.41,0.53%,2.79%,1565.64万
2499,601789,宁波建工,5.71,0.53%,23.33%,1143.00万
2500,601162,天风证券,3.8,0.53%,3.45%,7957.34万
2501,600020,中原高速,3.8,0.53%,1.65%,331.71万
2506,603131,上海沪工,21.19,0.52%,6.12%,-1492.33万
2507,601991,大唐发电,3.89,0.52%,2.69%,-4930.36万
2508,601100,恒立液压,105.39,0.52%,2.06%,-6522.60万
2512,600399,抚顺特钢,5.91,0.51%,5.88%,-937.64万
2513,603160,汇顶科技,69.3,0.51%,3.11%,-3817.23万
2514,601858,中国科传,21.77,0.51%,3.19%,-1194.82万
2518,603216,梦天家居,30.3,0.50%,13.25%,-1.11亿
2521,603519,立霸股份,14.09,0.50%,5.09%,390.93万
2522,600715,文投控股,2.02,0.50%,3.02%,1107.56万
2523,600249,两面针,5.99,0.50%,12.79%,-213.99万
2524,600173,卧龙新能,7.99,0.50%,21.58%,-5502.66万
2534,603082,北自科技,37.46,0.48%,8.26%,-1205.49万
2535,601033,永兴股份,14.77,0.48%,5.18%,26.03万
2536,605398,新炬网络,27.45,0.48%,3.84%,749.68万
2541,601500,通用股份,4.22,0.48%,2.60%,-1819.41万
2542,605183,确成股份,19.33,0.47%,1.10%,1182.78万
2544,600171,上海贝岭,27.87,0.47%,3.57%,-362.23万
2552,603976,正川股份,19.82,0.46%,3.02%,-1146.71万
2558,600649,城投控股,4.42,0.45%,3.66%,2925.12万
2564,603125,常青科技,18.26,0.44%,1.61%,-405.01万
2568,603596,伯特利,45.96,0.44%,4.85%,-1.38亿
2569,600571,信雅达,13.63,0.44%,4.55%,-719.10万
2570,600108,亚盛集团,4.52,0.44%,11.98%,-1846.97万
2576,600866,星湖科技,6.93,0.43%,4.62%,993.67万
2577,600138,中青旅,9.31,0.43%,3.94%,927.20万
2583,603615,茶花股份,19.16,0.42%,5.45%,800.56万
2584,600860,京城股份,11.92,0.42%,10.74%,-1835.35万
2592,603169,兰石重装,9.9,0.41%,4.60%,-7767.36万
2599,601658,邮储银行,5.07,0.40%,0.51%,1.10亿
2602,603711,香飘飘,12.56,0.40%,1.05%,8.58万
2603,603266,天龙股份,19.98,0.40%,3.78%,404.70万
2604,603232,格尔软件,20.11,0.40%,19.01%,-8068.04万
2605,600623,华谊集团,10.0,0.40%,2.68%,-1305.43万
2610,603376,大明电子,33.71,0.39%,9.81%,-190.23万
2613,603043,广州酒家,15.33,0.39%,1.24%,415.25万
2614,600580,卧龙电驱,38.81,0.39%,5.96%,-9364.43万
2622,601869,长飞光纤,365.89,0.38%,12.40%,3.37亿
2623,600660,福耀玻璃,58.79,0.38%,1.47%,-1.50亿
2628,603373,安邦护卫,41.17,0.37%,8.59%,506.81万
2631,601727,上海电气,8.07,0.37%,2.34%,-7345.01万
2639,603600,永艺股份,11.0,0.36%,5.52%,561.94万
2640,601360,三六零,11.03,0.36%,2.93%,-4949.61万
2650,601997,贵阳银行,5.79,0.35%,1.66%,3965.21万
2651,601669,中国电建,5.71,0.35%,5.03%,-7010.48万
2657,601636,旗滨集团,5.9,0.34%,4.25%,-6689.23万
2658,600967,内蒙一机,14.91,0.34%,3.04%,-3953.15万
2659,600713,南京医药,5.99,0.34%,22.65%,-1.17亿
2664,603167,渤海轮渡,9.22,0.33%,2.65%,1052.00万
2665,600335,国机汽车,6.07,0.33%,1.59%,-332.16万
2671,603506,南都物业,12.39,0.32%,3.45%,654.70万
2673,600809,山西汾酒,139.5,0.32%,1.27%,1.01亿
2674,600101,明星电力,9.3,0.32%,7.34%,-1949.56万
2685,603880,南卫股份,6.4,0.31%,7.06%,489.92万
2686,600778,友好集团,6.39,0.31%,5.56%,-208.20万
2687,600598,北大荒,16.15,0.31%,4.33%,-1504.46万
2688,600505,西昌电力,12.92,0.31%,6.39%,-1709.16万
2689,600419,天润乳业,9.75,0.31%,3.06%,-14.67万
2699,601,韶能股份,6.63,0.30%,19.44%,970.01万
2705,603352,至信股份,38.32,0.29%,13.48%,-1470.25万
2706,603344,星德胜,27.96,0.29%,6.89%,-5.19万
2709,603918,金桥信息,13.78,0.29%,6.01%,-1053.56万
2710,600651,飞乐音响,6.85,0.29%,1.76%,-2109.98万
2713,603919,金徽酒,18.04,0.28%,3.54%,-2173.29万
2715,603755,日辰股份,28.71,0.28%,2.43%,276.79万
2716,601865,福莱特,14.22,0.28%,2.24%,2880.64万
2717,601163,三角轮胎,14.09,0.28%,1.56%,793.53万
2718,600892,*ST大晟,3.62,0.28%,2.45%,-979.72万
2719,600873,梅花生物,10.89,0.28%,3.35%,-550.06万
2720,600648,外高桥,10.69,0.28%,1.18%,377.68万
2726,601177,杭齿前进,14.76,0.27%,2.64%,-436.55万
2727,600536,中国软件,37.69,0.27%,3.24%,-4049.83万
2728,600276,恒瑞医药,56.33,0.27%,3.51%,-5.08亿
2729,600261,阳光照明,3.72,0.27%,2.37%,-1110.41万
2730,600030,中信证券,26.26,0.27%,2.96%,2139.80万
2734,600099,林海股份,11.41,0.26%,4.59%,-195.92万
2739,603155,新亚强,16.11,0.25%,2.64%,-224.77万
2740,601212,白银有色,8.06,0.25%,5.22%,-4713.81万
2745,603334,丰倍生物,54.0,0.24%,19.52%,-5458.49万
2746,601156,东航物流,17.05,0.24%,2.12%,107.09万
2747,601698,中国卫通,33.98,0.24%,3.81%,-2.22亿
2754,603639,海利尔,13.2,0.23%,2.53%,87.28万
2759,603586,金麒麟,18.34,0.22%,2.49%,-526.74万
2760,601003,柳钢股份,4.64,0.22%,1.43%,-583.28万
2761,600489,中金黄金,26.9,0.22%,3.31%,-1.85亿
2762,600059,古越龙山,8.92,0.22%,1.72%,117.61万
2771,600246,万通发展,9.69,0.21%,9.42%,-2040.92万
2773,603767,中马传动,18.68,0.21%,2.56%,819.95万
2775,603636,南威软件,9.33,0.21%,3.67%,-1128.57万
2777,601368,绿城水务,4.8,0.21%,1.96%,409.50万
2778,600540,新赛股份,4.75,0.21%,7.75%,-172.83万
2785,603066,音飞储存,9.94,0.20%,2.07%,40.36万
2786,603050,科林电气,19.88,0.20%,3.06%,-364.98万
2787,600662,外服控股,5.1,0.20%,1.32%,-158.91万
2788,600279,重庆港,4.92,0.20%,1.44%,196.64万
2798,603611,诺力股份,20.57,0.19%,2.72%,-39.17万
2799,600960,渤海汽车,5.26,0.19%,4.22%,-740.00万
2812,603798,康普顿,16.75,0.18%,9.07%,-2579.61万
2813,603956,威派格,5.71,0.18%,3.48%,-928.90万
2814,603882,金域医学,27.22,0.18%,2.71%,-2769.02万
2815,603712,七一二,16.51,0.18%,2.84%,2212.00万
2816,603699,纽威股份,51.2,0.18%,2.63%,-1.43亿
2817,600908,无锡银行,5.65,0.18%,1.53%,1570.42万
2818,600422,昆药集团,11.17,0.18%,2.40%,-335.56万
2824,603267,鸿远电子,52.3,0.17%,7.34%,-1842.26万
2825,600480,凌云股份,11.54,0.17%,12.70%,-1.34亿
2826,600202,哈空调,5.85,0.17%,5.65%,-120.32万
2827,600148,长春一东,18.21,0.17%,2.56%,156.87万
2828,605020,永和股份,25.58,0.16%,4.30%,-5763.80万
2831,603856,东宏股份,12.7,0.16%,2.34%,-75.48万
2832,600219,南山铝业,6.39,0.16%,5.50%,1885.93万
2837,605138,盛泰集团,6.77,0.15%,1.24%,30.84万
2838,605378,野马电池,20.62,0.15%,2.42%,815.41万
2840,603382,海阳科技,27.22,0.15%,5.68%,318.39万
2841,600731,湖南海利,6.76,0.15%,4.91%,-850.37万
2842,600517,国网英大,6.47,0.15%,1.22%,1963.59万
2854,601111,中国国航,6.92,0.14%,2.13%,-2.71亿
2855,600629,华建集团,21.33,0.14%,6.14%,-6235.21万
2864,603713,密尔克卫,59.76,0.13%,2.31%,-1907.00万
2865,600702,舍得酒业,45.96,0.13%,6.07%,-2046.16万
2866,600597,光明乳业,7.44,0.13%,0.97%,-378.53万
2867,600579,中化装备,7.95,0.13%,2.26%,-238.46万
2868,600478,科力远,7.71,0.13%,8.58%,-3434.40万
2875,600100,同方股份,8.33,0.12%,4.01%,3741.99万
2882,605128,上海沿浦,35.47,0.11%,2.81%,-634.07万
2884,601512,中新集团,8.89,0.11%,0.55%,197.77万
2886,603106,恒银科技,9.11,0.11%,2.88%,-399.49万
2887,601872,招商轮船,18.55,0.11%,4.91%,-2.97亿
2888,600133,东湖高新,8.75,0.11%,4.98%,-484.10万
2896,601369,陕鼓动力,10.09,0.10%,1.50%,-330.84万
2897,600882,妙可蓝多,19.25,0.10%,3.19%,-1513.91万
2905,600919,江苏银行,10.83,0.09%,1.05%,-970.03万
2906,600150,中国船舶,33.03,0.09%,2.25%,-2.63亿
2909,603205,健尔康,25.8,0.08%,4.13%,-101.48万
2910,603578,三星新材,12.53,0.08%,5.04%,730.48万
2911,600593,大连圣亚,36.34,0.08%,10.72%,-3325.97万
2912,603657,春光科技,25.95,0.08%,3.51%,81.73万
2913,603690,至纯科技,25.61,0.08%,6.49%,-352.44万
2918,603070,万控智造,15.18,0.07%,1.85%,-524.94万
2924,603273,天元智能,17.91,0.06%,5.79%,76.35万
2926,603927,中科软,16.91,0.06%,2.31%,-799.15万
2928,603833,欧派家居,50.6,0.06%,1.00%,1259.56万
2929,603588,高能环境,15.69,0.06%,19.85%,-1.71亿
2930,601021,春秋航空,47.43,0.06%,1.62%,-1.04亿
2933,600600,青岛啤酒,61.95,0.05%,1.44%,-1.32亿
2936,603726,朗迪集团,23.86,0.04%,3.09%,936.45万
2937,603665,康隆达,28.31,0.04%,5.41%,4352.76万
2938,600460,士兰微,26.94,0.04%,4.45%,-1.16亿
2951,603324,盛剑科技,26.16,0.00%,4.66%,213.69万
2954,603153,上海建科,16.52,0.00%,0.91%,313.17万
2955,600518,康美药业,1.75,0.00%,3.49%,-2645.21万
2956,600301,华锡有色,50.51,0.00%,12.27%,-7475.44万
2958,601528,瑞丰银行,5.25,0.00%,2.15%,-1665.13万
2962,601599,浙文影业,3.77,0.00%,5.14%,-1155.29万
2966,603069,海汽集团,17.55,0.00%,3.47%,225.55万
2967,601106,中国一重,4.22,0.00%,2.53%,-927.21万
2969,603983,丸美生物,24.59,0.00%,1.18%,-496.45万
2971,603583,捷昌驱动,33.42,0.00%,2.35%,-1668.26万
2972,603336,宏辉果蔬,9.45,0.00%,3.28%,269.96万
2973,603329,上海雅仕,10.34,0.00%,2.35%,40.95万
2974,603289,泰瑞机器,12.17,0.00%,9.51%,1024.86万
2975,603111,康尼机电,6.84,0.00%,1.86%,-731.76万
2976,603086,先达股份,7.63,0.00%,4.20%,-785.94万
2977,603015,弘讯科技,12.39,0.00%,3.10%,-715.42万
2978,601990,南京证券,7.42,0.00%,0.97%,820.61万
2979,601598,中国外运,6.06,0.00%,0.83%,-1342.80万
2980,601006,大秦铁路,5.25,0.00%,1.42%,1.24亿
2981,600984,建设机械,4.31,0.00%,5.20%,-1383.70万
2982,600958,东方证券,9.34,0.00%,2.14%,-2.53亿
2983,600857,宁波中百,12.03,0.00%,3.27%,693.88万
2984,600795,国电电力,4.82,0.00%,2.42%,6755.14万
2985,600738,丽尚国潮,4.84,0.00%,3.41%,-651.14万
2986,600717,天津港,4.47,0.00%,1.65%,-1657.93万
2987,600658,电子城,5.07,0.00%,12.28%,3525.58万
2988,600640,国脉文化,12.06,0.00%,1.64%,24.52万
2989,600628,新世界,7.15,0.00%,3.87%,-1397.00万
2990,600611,大众交通,4.72,0.00%,2.73%,-1021.41万
2991,600599,*ST熊猫,4.12,0.00%,10.12%,-377.09万
2992,601816,京沪高铁,4.93,0.00%,0.68%,3995.70万
2993,600420,国药现代,9.81,0.00%,2.75%,-3927.81万
2994,600372,中航机载,13.24,0.00%,2.42%,-1.62亿
2995,600336,澳柯玛,7.11,0.00%,2.65%,-926.62万
2996,600326,西藏天路,9.29,0.00%,4.40%,-2771.49万
2997,600255,鑫科材料,3.65,0.00%,6.45%,-4233.49万
2998,600252,中恒集团,2.51,0.00%,7.98%,2496.21万
2999,600192,长城电工,8.36,0.00%,4.74%,-546.64万
3000,600035,楚天高速,3.81,0.00%,1.46%,-68.36万
3001,600017,日照港,2.98,0.00%,2.33%,-2538.60万
3002,600010,包钢股份,2.86,0.00%,8.31%,-5458.10万
3003,600008,首创环保,3.04,0.00%,2.16%,-3077.43万
3004,600006,东风股份,6.39,0.00%,1.20%,-1275.11万
3039,603062,麦加芯彩,50.13,0.00%,7.44%,238.44万
3067,603979,金诚信,62.88,-0.03%,3.88%,-1.59亿
3076,603072,天和磁材,37.15,-0.05%,4.68%,1404.18万
3090,603658,安图生物,34.15,-0.06%,0.76%,-186.20万
3091,603096,新经典,17.17,-0.06%,2.49%,-222.55万
3092,600686,金龙汽车,16.05,-0.06%,7.11%,-5439.36万
3093,600438,通威股份,17.61,-0.06%,3.63%,-6061.25万
3097,603966,法兰泰克,13.99,-0.07%,9.34%,-3315.92万
3098,603161,科华控股,14.58,-0.07%,3.03%,949.37万
3109,600941,中国移动,93.47,-0.09%,2.17%,-2.70亿
3110,600128,苏豪弘业,10.53,-0.09%,5.01%,-503.76万
3112,601112,振石股份,20.08,-0.10%,18.58%,-5942.24万
3116,603100,川仪股份,19.9,-0.10%,2.85%,-1554.54万
3117,601890,亚星锚链,10.47,-0.10%,7.80%,-4769.45万
3120,603036,如通股份,18.13,-0.11%,3.27%,-523.19万
3121,601985,中国核电,8.69,-0.11%,1.65%,-888.28万
3122,600323,瀚蓝环境,28.5,-0.11%,1.93%,-3755.57万
3123,600172,黄河旋风,8.77,-0.11%,29.22%,-2.13亿
3130,600933,爱柯迪,17.06,-0.12%,3.80%,-3200.29万
3131,600373,中文传媒,8.49,-0.12%,1.30%,-993.85万
3146,603693,江苏新能,14.11,-0.14%,4.45%,-1639.64万
3147,603559,ST通脉,7.16,-0.14%,1.58%,-975.12万
3148,600523,贵航股份,14.15,-0.14%,3.65%,-1079.25万
3149,600011,华能国际,6.94,-0.14%,1.89%,-1.60亿
3153,601956,东贝集团,6.74,-0.15%,2.40%,-958.02万
3155,603580,*ST艾艾,19.38,-0.15%,6.58%,-523.43万
3156,600900,长江电力,26.38,-0.15%,1.03%,-5.49亿
3157,600886,国投电力,13.2,-0.15%,0.76%,-4177.22万
3158,600235,民丰特纸,6.72,-0.15%,5.14%,-507.63万
3159,600167,联美控股,6.59,-0.15%,1.28%,203.36万
3164,603899,晨光股份,25.37,-0.16%,0.90%,-498.50万
3165,600796,钱江生化,6.28,-0.16%,7.60%,-1182.47万
3170,600582,天地科技,5.71,-0.17%,1.07%,-1635.81万
3171,600429,三元股份,5.77,-0.17%,3.13%,-2407.82万
3179,603299,苏盐井神,11.22,-0.18%,2.14%,-580.15万
3181,601607,上海医药,16.99,-0.18%,1.14%,-676.70万
3182,601169,北京银行,5.42,-0.18%,1.07%,-7901.07万
3183,603439,三力制药,10.98,-0.18%,1.63%,-661.02万
3184,600132,重庆啤酒,53.97,-0.18%,1.91%,-4234.11万
3185,600038,中直股份,34.06,-0.18%,2.15%,-2297.49万
3186,600023,浙能电力,5.51,-0.18%,1.03%,6352.39万
3190,603282,亚光股份,21.16,-0.19%,3.54%,-296.27万
3193,600353,旭光电子,15.6,-0.19%,8.51%,-6761.82万
3198,603181,皇马科技,15.02,-0.20%,1.77%,-1448.06万
3199,603429,*ST集友,9.98,-0.20%,4.21%,778.22万
3200,603331,百达精工,15.23,-0.20%,6.85%,-419.82万
3201,601899,紫金矿业,34.73,-0.20%,3.47%,-11.62亿
3202,600854,春兰股份,5.06,-0.20%,4.20%,220.84万
3203,600838,上海九百,10.08,-0.20%,5.46%,-912.17万
3207,601456,国联民生,9.33,-0.21%,1.20%,-550.66万
3209,601515,衢州东峰,4.68,-0.21%,5.57%,-2204.51万
3210,601008,连云港,4.83,-0.21%,1.57%,-1704.04万
3211,600848,上海临港,9.53,-0.21%,2.42%,-3268.16万
3222,605255,天普股份,119.88,-0.22%,6.95%,-1002.65万
3223,603231,索宝蛋白,17.78,-0.22%,4.65%,-92.43万
3224,600269,赣粤高速,4.45,-0.22%,1.96%,-3449.67万
3232,601158,重庆水务,4.36,-0.23%,0.33%,-1183.24万
3233,600830,香溢融通,8.82,-0.23%,2.44%,-419.53万
3234,600115,中国东航,4.41,-0.23%,4.14%,-4.70亿
3235,600067,冠城新材,4.13,-0.24%,4.23%,-2118.02万
3236,603861,白云电器,16.51,-0.24%,9.43%,-2484.93万
3237,601088,中国神华,45.55,-0.24%,0.47%,-2.83亿
3238,600936,北投科技,4.18,-0.24%,3.26%,-3628.39万
3239,600859,王府井,12.25,-0.24%,2.75%,-1432.99万
3246,603,盛达资源,41.03,-0.24%,8.90%,4320.68万
3247,603370,华新精科,44.29,-0.25%,5.38%,-847.58万
3249,600853,龙建股份,3.96,-0.25%,2.41%,-425.08万
3250,600764,中国海防,24.32,-0.25%,1.99%,-4088.90万
3257,605488,福莱新材,34.2,-0.26%,6.04%,-4901.91万
3258,603319,美湖股份,34.97,-0.26%,10.25%,2871.45万
3260,603379,三美股份,62.55,-0.26%,2.84%,-1.63亿
3261,600496,精工钢构,3.88,-0.26%,3.11%,-240.37万
3262,600327,大东方,3.9,-0.26%,3.93%,474.14万
3271,603321,梅轮电梯,7.34,-0.27%,2.95%,11.42万
3272,601398,工商银行,7.44,-0.27%,0.23%,-3.67亿
3273,600016,民生银行,3.71,-0.27%,1.19%,-3.25亿
3274,605333,沪光股份,26.31,-0.27%,1.11%,-348.13万
3278,601519,大智慧,10.77,-0.28%,3.28%,-92.08万
3279,600973,宝胜股份,7.23,-0.28%,9.63%,-5390.90万
3280,600056,中国医药,10.7,-0.28%,9.56%,-1.02亿
3283,603569,长久物流,6.8,-0.29%,1.58%,-72.36万
3284,600720,中交设计,6.92,-0.29%,1.95%,633.20万
3285,600329,达仁堂,40.7,-0.29%,1.83%,-2396.72万
3286,600315,上海家化,20.56,-0.29%,1.52%,-1269.42万
3292,603719,良品铺子,10.11,-0.30%,2.31%,627.28万
3293,603886,元祖股份,13.12,-0.30%,4.99%,871.10万
3294,603000,人民网,19.73,-0.30%,4.75%,-2882.71万
3302,600843,上工申贝,9.56,-0.31%,4.13%,-627.79万
3303,600155,华创云信,6.34,-0.31%,2.74%,-164.19万
3313,605577,龙版传媒,12.61,-0.32%,1.92%,-274.13万
3315,601068,中铝国际,6.28,-0.32%,1.68%,-103.12万
3316,601696,中银证券,12.55,-0.32%,3.22%,-4875.37万
3323,600610,中毅达,9.19,-0.33%,5.90%,-4348.37万
3324,601801,皖新传媒,6.1,-0.33%,1.31%,-751.75万
3325,601618,中国中冶,2.98,-0.33%,1.56%,-4838.31万
3326,601333,广深铁路,3.04,-0.33%,1.96%,-4126.52万
3327,600548,深高速,9.16,-0.33%,0.60%,-1307.48万
3328,600283,钱江水利,9.12,-0.33%,2.50%,-969.84万
3337,605117,德业股份,143.99,-0.35%,6.53%,1.11亿
3338,603307,扬州金泉,39.4,-0.35%,1.50%,-550.64万
3339,601838,成都银行,17.23,-0.35%,1.19%,-8491.97万
3340,600833,第一医药,11.42,-0.35%,5.05%,-138.05万
3341,600332,白云山,22.78,-0.35%,1.85%,-1.02亿
3347,603939,益丰药房,22.45,-0.36%,2.07%,-1791.20万
3348,601518,吉林高速,2.8,-0.36%,2.54%,-821.45万
3353,603757,大元泵业,55.86,-0.37%,30.81%,7836.64万
3354,601860,紫金银行,2.67,-0.37%,2.37%,-1515.10万
3355,601566,九牧王,10.68,-0.37%,2.17%,-656.55万
3356,600129,太极集团,16.25,-0.37%,3.96%,-2188.39万
3367,601666,平煤股份,7.87,-0.38%,2.23%,-2134.47万
3368,600530,交大昂立,5.2,-0.38%,2.72%,-377.75万
3377,603566,普莱柯,12.64,-0.39%,3.14%,-1483.35万
3378,600645,中源协和,28.32,-0.39%,6.36%,-4414.67万
3379,600439,瑞贝卡,2.53,-0.39%,6.28%,13.39万
3380,600096,云天化,33.36,-0.39%,8.51%,-2.37亿
3395,603499,翔港科技,21.96,-0.41%,4.06%,-185.04万
3396,603368,柳药集团,16.91,-0.41%,3.57%,-1717.29万
3397,600846,同济科技,12.18,-0.41%,0.85%,-62.19万
3398,600661,昂立教育,9.72,-0.41%,3.41%,-137.70万
3399,600376,首开股份,4.88,-0.41%,5.62%,-2654.43万
3406,605266,健之佳,18.78,-0.42%,2.69%,-356.97万
3408,603817,海峡环保,7.08,-0.42%,6.28%,-893.10万
3409,600095,湘财股份,9.43,-0.42%,1.38%,-901.22万
3418,601186,中国铁建,6.93,-0.43%,1.13%,-3.03亿
3419,600690,海尔智家,20.85,-0.43%,2.19%,-3.08亿
3420,600210,紫江企业,6.97,-0.43%,2.39%,-3161.46万
3427,603213,镇洋发展,13.43,-0.44%,1.41%,-1087.79万
3429,600916,中国黄金,9.1,-0.44%,4.30%,-3127.89万
3430,603717,天域生物,6.78,-0.44%,13.14%,-257.55万
3431,603681,永冠新材,18.05,-0.44%,8.15%,2108.33万
3432,603221,爱丽家居,11.39,-0.44%,1.94%,43.71万
3433,600835,上海机电,22.88,-0.44%,2.69%,-5884.89万
3445,600906,财达证券,6.46,-0.46%,1.60%,-333.63万
3447,600109,国金证券,8.65,-0.46%,1.44%,-1541.16万
3452,601127,赛力斯,89.47,-0.47%,2.84%,-1.96亿
3454,600618,氯碱化工,12.71,-0.47%,2.63%,-3089.86万
3455,600258,首旅酒店,14.97,-0.47%,5.29%,-7442.32万
3458,603980,吉华集团,6.24,-0.48%,9.20%,419.06万
3459,603026,石大胜华,98.05,-0.48%,37.35%,-2315.70万
3460,600678,四川金顶,10.47,-0.48%,8.17%,-946.94万
3464,600905,三峡能源,4.1,-0.49%,1.13%,-2.87亿
3468,603689,皖天然气,8.1,-0.49%,2.01%,-2133.53万
3469,601200,上海环境,8.05,-0.49%,1.66%,381.14万
3470,601016,节能风电,4.06,-0.49%,11.58%,-1.24亿
3477,600119,长江投资,5.96,-0.50%,3.91%,-121.68万
3478,603551,奥普科技,11.9,-0.50%,2.88%,-962.88万
3480,603337,杰克科技,39.8,-0.50%,1.28%,-1604.57万
3481,600455,博通股份,25.62,-0.50%,7.35%,-712.49万
3482,600229,城市传媒,5.99,-0.50%,1.41%,103.14万
3489,600032,浙江新能,9.75,-0.51%,8.77%,-1.17亿
3490,601236,红塔证券,7.78,-0.51%,0.59%,-481.32万
3491,601229,上海银行,9.74,-0.51%,0.66%,1094.22万
3497,605377,华旺科技,9.58,-0.52%,2.50%,623.73万
3498,601018,宁波港,3.84,-0.52%,0.56%,-6194.38万
3499,600029,南方航空,5.71,-0.52%,2.77%,-3.25亿
3510,603135,中重科技,11.02,-0.54%,1.25%,-553.31万
3513,603108,润达医疗,12.82,-0.54%,4.79%,-3278.22万
3514,603068,博通集成,32.97,-0.54%,3.67%,583.37万
3515,600741,华域汽车,20.43,-0.54%,1.55%,-5600.69万
3520,603107,上海汽配,14.51,-0.55%,1.61%,29.39万
3521,603970,中农立华,12.57,-0.55%,1.82%,-613.40万
3522,603579,荣泰健康,20.03,-0.55%,5.24%,-2028.87万
3523,601066,中信建投,21.84,-0.55%,0.34%,-4397.86万
3524,600928,西安银行,3.62,-0.55%,0.88%,-327.10万
3525,600325,华发股份,3.59,-0.55%,4.17%,-2399.59万
3530,600526,菲达环保,5.37,-0.56%,2.40%,-135.22万
3531,603879,永悦科技,5.37,-0.56%,6.01%,-973.85万
3532,603598,引力传媒,21.23,-0.56%,18.44%,-5619.20万
3533,600782,新钢股份,3.53,-0.56%,3.33%,-4702.87万
3534,600004,白云机场,8.88,-0.56%,0.71%,-1359.00万
3541,600929,雪天盐业,7.03,-0.57%,8.16%,1829.92万
3542,600774,汉商集团,8.7,-0.57%,3.66%,396.55万
3543,600761,安徽合力,17.36,-0.57%,3.08%,-6662.45万
3544,600704,物产中大,5.25,-0.57%,1.89%,-5989.23万
3545,600612,老凤祥,41.57,-0.57%,0.88%,-106.17万
3550,603365,水星家纺,20.58,-0.58%,1.66%,899.89万
3551,603192,汇得科技,23.88,-0.58%,2.24%,-26.19万
3552,600089,特变电工,27.32,-0.58%,12.65%,-11.59亿
3562,603896,寿仙谷,18.53,-0.59%,1.95%,-325.12万
3563,600559,老白干酒,13.49,-0.59%,2.13%,-1314.58万
3568,605,渤海股份,6.7,-0.59%,4.39%,353.97万
3573,601668,中国建筑,4.94,-0.60%,1.23%,-6.05亿
3574,600834,申通地铁,8.23,-0.60%,1.45%,-625.92万
3575,600789,鲁抗医药,8.25,-0.60%,5.98%,-3779.61万
3586,603697,有友食品,9.82,-0.61%,2.88%,-714.09万
3587,601880,辽港股份,1.63,-0.61%,1.40%,-2796.32万
3588,601228,广州港,3.25,-0.61%,0.92%,-1681.77万
3589,600448,华纺股份,3.25,-0.61%,7.37%,-345.88万
3593,603209,兴通股份,14.48,-0.62%,4.21%,-938.72万
3594,601921,浙版传媒,7.97,-0.62%,0.78%,-638.55万
3596,600444,国机通用,17.76,-0.62%,6.79%,1379.82万
3597,603239,浙江仙通,24.17,-0.62%,4.59%,-2409.73万
3598,600630,龙头股份,7.98,-0.62%,2.57%,-377.35万
3599,600446,金证股份,12.76,-0.62%,3.78%,-1734.11万
3603,603577,汇金通,11.01,-0.63%,7.32%,-2027.55万
3604,603355,莱克电气,26.99,-0.63%,2.57%,-4027.80万
3605,601818,光大银行,3.18,-0.63%,0.95%,-3.81亿
3606,601012,隆基绿能,17.44,-0.63%,3.92%,-3.55亿
3614,603284,林平发展,56.0,-0.64%,47.51%,-3326.95万
3617,600863,华能蒙电,4.64,-0.64%,2.93%,1246.73万
3624,600874,创业环保,6.07,-0.65%,1.98%,-1534.00万
3631,600930,华电新能,6.01,-0.66%,9.15%,-4.53亿
3632,601628,中国人寿,37.52,-0.66%,0.24%,-1.58亿
3633,600624,ST复华,4.55,-0.66%,1.62%,-276.51万
3634,600499,科达制造,18.13,-0.66%,3.65%,2196.11万
3635,600435,北方导航,15.03,-0.66%,4.43%,-8370.34万
3636,600022,山东钢铁,1.51,-0.66%,2.08%,-2347.27万
3641,601929,吉视传媒,2.98,-0.67%,5.96%,-3648.84万
3642,600522,中天科技,28.14,-0.67%,13.06%,-7.59亿
3644,605001,威奥股份,7.38,-0.67%,3.45%,-264.19万
3651,603881,数据港,40.91,-0.68%,30.04%,-8530.74万
3652,600697,欧亚集团,11.75,-0.68%,6.06%,20.67万
3660,603536,惠发食品,9.93,-0.70%,6.41%,-647.97万
3661,601005,重庆钢铁,1.41,-0.70%,1.98%,-397.38万
3662,600621,华鑫股份,14.18,-0.70%,2.58%,-5005.79万
3663,600403,大有能源,5.67,-0.70%,1.60%,-1348.05万
3670,605155,西大门,15.45,-0.71%,3.11%,646.91万
3672,600858,银座股份,5.63,-0.71%,3.40%,-430.58万
3673,600976,健民集团,33.37,-0.71%,4.56%,-2734.74万
3677,605368,蓝天燃气,8.23,-0.72%,1.27%,-2561.98万
3678,603729,龙韵股份,16.56,-0.72%,6.53%,64.35万
3679,603007,*ST花王,6.86,-0.72%,7.68%,-3431.83万
3680,601878,浙商证券,9.66,-0.72%,1.09%,-6373.12万
3681,600959,江苏有线,4.15,-0.72%,7.36%,-1.14亿
3682,600895,张江高科,37.04,-0.72%,3.98%,-1.17亿
3683,600812,华北制药,5.49,-0.72%,4.76%,-2263.82万
3684,600566,济川药业,24.9,-0.72%,1.21%,2610.64万
3692,600170,上海建工,2.73,-0.73%,4.40%,-1.32亿
3700,603283,赛腾股份,50.67,-0.74%,15.55%,1371.04万
3701,601375,中原证券,4.04,-0.74%,1.89%,-2656.74万
3702,600601,方正科技,10.68,-0.74%,7.82%,-8438.67万
3703,600390,五矿资本,5.33,-0.74%,1.36%,-4130.90万
3706,600824,益民集团,3.98,-0.75%,2.39%,-757.22万
3710,603138,海量数据,20.9,-0.76%,19.20%,779.88万
3712,600117,西宁特钢,2.57,-0.77%,0.80%,-571.09万
3714,600615,鑫源智造,11.44,-0.78%,2.75%,-243.47万
3716,603042,华脉科技,21.69,-0.78%,34.96%,-9146.91万
3717,600592,龙溪股份,20.24,-0.78%,4.19%,-2029.58万
3718,600178,东安动力,11.39,-0.78%,2.42%,-1678.51万
3728,600616,金枫酒业,5.01,-0.79%,2.51%,-1258.20万
3732,600289,ST信通,7.44,-0.80%,2.19%,-1722.78万
3733,603477,巨星农牧,18.59,-0.80%,13.24%,5223.51万
3734,601717,中创智领,19.94,-0.80%,2.69%,-8043.00万
3735,600511,国药股份,28.68,-0.80%,3.53%,-7204.77万
3736,600319,亚星化学,7.44,-0.80%,2.92%,45.66万
3737,600305,恒顺醋业,7.41,-0.80%,1.35%,-1600.56万
3741,603049,中策橡胶,49.23,-0.81%,11.39%,-4420.15万
3742,603172,万丰股份,20.83,-0.81%,11.05%,548.30万
3743,600775,南京熊猫,13.47,-0.81%,7.58%,-8286.08万
3744,600584,长电科技,43.98,-0.81%,9.71%,-4.72亿
3745,600415,小商品城,12.17,-0.81%,3.84%,-2.70亿
3746,600328,中盐化工,8.54,-0.81%,4.95%,-3048.34万
3747,600088,中视传媒,14.66,-0.81%,2.14%,-906.61万
3751,603235,天新药业,26.75,-0.82%,0.32%,-518.12万
3752,605008,长鸿高科,12.08,-0.82%,0.76%,-283.41万
3757,600918,中泰证券,6.07,-0.82%,1.22%,-3603.47万
3758,603868,飞科电器,31.64,-0.82%,0.67%,-971.22万
3759,600733,北汽蓝谷,7.22,-0.82%,2.93%,-1.26亿
3763,600197,伊力特,11.95,-0.83%,1.58%,230.08万
3765,601828,美凯龙,2.4,-0.83%,1.60%,-1565.24万
3766,600169,ST太重,2.4,-0.83%,1.08%,-1746.16万
3771,603535,嘉诚国际,8.26,-0.84%,1.75%,-711.24万
3772,601811,新华文轩,14.15,-0.84%,3.02%,-3059.84万
3773,601225,陕西煤业,24.8,-0.84%,0.86%,-1.16亿
3774,600391,航发科技,40.18,-0.84%,9.20%,-3948.34万
3779,603195,公牛集团,41.04,-0.85%,0.23%,-2761.71万
3780,600819,耀皮玻璃,7.0,-0.85%,2.06%,136.58万
3781,600739,辽宁成大,11.67,-0.85%,1.32%,-1647.24万
3790,600166,福田汽车,3.45,-0.86%,12.28%,-7051.03万
3796,603341,龙旗科技,38.95,-0.87%,6.87%,-1702.21万
3797,605033,美邦股份,22.68,-0.87%,3.95%,138.25万
3798,601825,沪农商行,9.14,-0.87%,0.48%,1071.21万
3799,600671,天目药业,19.48,-0.87%,6.52%,-790.83万
3800,600287,苏豪时尚,5.71,-0.87%,3.04%,-392.01万
3801,600009,上海机场,27.25,-0.87%,0.98%,-1.08亿
3807,600223,福瑞达,6.74,-0.88%,1.81%,-520.62万
3808,603589,口子窖,24.73,-0.88%,1.31%,-200.26万
3809,603258,电魂网络,17.97,-0.88%,2.02%,-315.48万
3810,600728,佳都科技,5.63,-0.88%,4.54%,-1.11亿
3813,603248,锡华科技,26.72,-0.89%,41.76%,-5422.73万
3814,603137,恒尚节能,13.4,-0.89%,7.79%,905.80万
3817,600763,通策医疗,41.21,-0.89%,3.95%,-6354.42万
3828,600760,中航沈飞,50.93,-0.90%,2.06%,-4.87亿
3829,600037,歌华有线,7.69,-0.90%,2.93%,-1747.58万
3836,605599,菜百股份,22.76,-0.91%,1.53%,761.51万
3837,603317,天味食品,13.06,-0.91%,2.18%,92.27万
3838,603208,江山欧派,13.12,-0.91%,3.46%,-922.62万
3842,603296,华勤技术,97.4,-0.92%,6.27%,-518.74万
3843,601198,东兴证券,12.96,-0.92%,1.34%,-5044.87万
3844,601166,兴业银行,18.4,-0.92%,0.92%,-5.29亿
3845,600635,大众公用,5.38,-0.92%,3.23%,-5858.96万
3846,600569,安阳钢铁,2.16,-0.92%,2.43%,-1368.61万
3851,601211,国泰海通,16.98,-0.93%,2.04%,-4.96亿
3854,601059,信达证券,16.87,-0.94%,0.47%,-3634.93万
3855,600692,亚通股份,7.36,-0.94%,12.57%,-443.70万
3856,600998,九州通,5.26,-0.94%,2.34%,-3413.64万
3859,600938,中国海油,37.34,-0.95%,5.40%,-9701.56万
3865,603949,雪龙集团,18.51,-0.96%,11.58%,-3596.46万
3866,600556,天下秀,6.2,-0.96%,6.51%,-6561.78万
3869,603898,好莱客,13.25,-0.97%,2.68%,-921.59万
3872,600114,东睦股份,31.75,-0.97%,7.35%,-5210.99万
3879,603667,五洲新春,70.55,-0.98%,17.90%,-4.85亿
3880,600199,金种子酒,8.06,-0.98%,2.76%,-1327.88万
3888,601377,兴业证券,5.98,-0.99%,2.72%,-2.70亿
3898,603418,友升股份,51.27,-1.02%,4.38%,-1891.01万
3899,600097,开创国际,10.71,-1.02%,3.31%,-376.64万
3900,600626,申达股份,3.9,-1.02%,3.13%,-1405.49万
3906,603080,新疆火炬,21.24,-1.03%,3.34%,-424.27万
3913,601099,太平洋,3.82,-1.04%,3.63%,-1.38亿
3914,600975,新五丰,5.71,-1.04%,4.34%,17.67万
3915,600909,华安证券,5.7,-1.04%,2.72%,-1.56亿
3916,600543,莫高股份,4.78,-1.04%,6.42%,901.46万
3920,603486,科沃斯,62.45,-1.05%,2.29%,-9228.86万
3921,600383,金地集团,2.84,-1.05%,4.97%,-7013.82万
3926,603500,祥和实业,11.15,-1.06%,3.30%,-1322.87万
3927,601199,江南水务,5.6,-1.06%,1.28%,-1356.88万
3928,600516,方大炭素,5.59,-1.06%,3.17%,-8520.93万
3933,603395,红四方,27.86,-1.07%,9.86%,-2180.23万
3934,603360,百傲化学,26.69,-1.07%,3.67%,-5185.66万
3942,600790,轻纺城,3.66,-1.08%,1.22%,-1074.75万
3951,600925,苏能股份,4.52,-1.09%,1.17%,-2634.74万
3952,603528,多伦科技,8.2,-1.09%,2.69%,-2026.63万
3953,601998,中信银行,8.19,-1.09%,0.24%,546.88万
3954,600307,酒钢宏兴,1.81,-1.09%,3.97%,-6151.54万
3963,603310,巍华新材,16.15,-1.10%,2.29%,-338.10万
3964,600862,中航高科,21.66,-1.10%,4.29%,-1.70亿
3965,600798,宁波海运,3.61,-1.10%,4.42%,-2486.11万
3966,600755,厦门国贸,6.27,-1.10%,1.99%,-4671.75万
3967,600558,大西洋,5.41,-1.10%,4.93%,-3616.46万
3975,600654,中安科,4.47,-1.11%,51.95%,594.29万
3977,600587,新华医疗,14.24,-1.11%,2.73%,-3872.96万
3978,600570,恒生电子,26.63,-1.11%,3.31%,-2.02亿
3979,600292,电投水电,15.08,-1.11%,14.15%,-1541.39万
3980,600085,同仁堂,27.73,-1.11%,0.98%,-5080.48万
3984,603990,麦迪科技,14.99,-1.12%,9.90%,-3514.17万
3985,603187,海容冷链,14.98,-1.12%,3.66%,-273.47万
3986,601339,百隆东方,7.97,-1.12%,4.87%,-6345.55万
3987,600416,湘电股份,12.33,-1.12%,3.84%,-7940.50万
3990,601827,三峰环境,7.9,-1.13%,1.02%,-2537.32万
3991,600495,晋西车轴,4.37,-1.13%,5.08%,-3006.58万
3997,600371,万向德农,8.64,-1.14%,6.44%,-224.08万
4003,605296,神农集团,30.06,-1.15%,2.10%,1072.23万
4004,601881,中国银河,12.92,-1.15%,1.27%,-2.01亿
4005,600779,水井坊,32.7,-1.15%,1.36%,-2579.92万
4013,603759,海天股份,9.33,-1.17%,2.48%,-1671.17万
4014,601038,一拖股份,12.67,-1.17%,2.59%,-3780.25万
4015,600369,西南证券,4.23,-1.17%,1.11%,-2598.74万
4016,600196,复星医药,26.15,-1.17%,3.17%,-1.64亿
4019,603787,新日股份,12.59,-1.18%,8.32%,-3711.12万
4023,603280,南方路机,34.81,-1.19%,14.18%,-110.06万
4024,603210,泰鸿万立,16.62,-1.19%,3.29%,-392.63万
4025,603628,清源股份,13.24,-1.19%,7.68%,-5101.29万
4026,601800,中国交建,7.5,-1.19%,0.54%,-1.38亿
4033,600718,东软集团,9.01,-1.21%,2.94%,-3773.73万
4034,600609,金杯汽车,4.09,-1.21%,2.94%,-1927.84万
4035,600604,市北高新,4.88,-1.21%,1.59%,-2164.18万
4036,600313,农发种业,7.34,-1.21%,12.27%,-4598.85万
4046,603236,移远通信,77.0,-1.22%,5.38%,-1108.65万
4047,600956,新天绿能,8.07,-1.22%,1.72%,-6493.59万
4048,600482,中国动力,38.21,-1.22%,6.18%,-1874.32万
4056,603367,辰欣药业,16.02,-1.23%,7.46%,-5677.11万
4057,601238,广汽集团,7.24,-1.23%,0.48%,-2943.26万
4058,600971,恒源煤电,7.2,-1.23%,2.17%,-778.83万
4061,601083,锦江航运,12.7,-1.24%,14.10%,-2958.42万
4064,600222,太龙药业,7.18,-1.24%,14.16%,-2006.47万
4065,603616,韩建河山,6.37,-1.24%,7.87%,-1021.88万
4066,601366,利群股份,3.97,-1.24%,4.17%,176.19万
4070,603048,浙江黎明,22.13,-1.25%,4.05%,-264.35万
4071,603060,国检集团,6.33,-1.25%,1.26%,24.87万
4077,600682,南京新百,7.07,-1.26%,3.81%,-5397.18万
4082,600409,三友化工,6.97,-1.27%,6.04%,-1.08亿
4084,600365,ST通葡,3.08,-1.28%,2.48%,-703.83万
4089,600567,山鹰国际,1.53,-1.29%,2.65%,-5711.17万
4093,600217,中再资环,3.79,-1.30%,1.87%,-1757.27万
4097,601187,厦门银行,7.53,-1.31%,1.44%,-4616.28万
4099,600999,招商证券,15.71,-1.32%,0.98%,-1.43亿
4100,600712,南宁百货,5.97,-1.32%,3.66%,-1606.09万
4104,603230,内蒙新华,11.16,-1.33%,4.12%,-3517.89万
4112,603053,成都燃气,9.57,-1.34%,0.84%,-1586.65万
4113,601788,光大证券,15.48,-1.34%,1.15%,-1.65亿
4114,600988,赤峰黄金,43.42,-1.34%,6.48%,-1.37亿
4115,600073,光明肉业,5.89,-1.34%,2.78%,-1586.20万
4120,603590,康辰药业,38.61,-1.35%,4.30%,-851.60万
4121,600104,上汽集团,13.92,-1.35%,1.15%,-6.50亿
4124,600817,宇通重工,12.33,-1.36%,2.75%,500.18万
4126,600515,海南机场,3.63,-1.36%,1.96%,-1.16亿
4127,600320,振华重工,5.06,-1.36%,3.13%,-1.20亿
4131,603348,文灿股份,20.23,-1.37%,3.19%,-3890.92万
4134,600803,新奥股份,20.71,-1.38%,0.92%,-3341.49万
4136,601136,首创证券,16.32,-1.39%,0.68%,-4050.80万
4137,603533,掌阅科技,25.48,-1.39%,13.01%,-9222.36万
4138,603456,九洲药业,17.02,-1.39%,4.60%,-6054.50万
4139,603098,森特股份,14.19,-1.39%,3.33%,-1622.78万
4140,601326,秦港股份,3.55,-1.39%,1.74%,-5020.45万
4141,600992,贵绳股份,12.05,-1.39%,5.33%,-1401.67万
4143,605259,绿田机械,21.12,-1.40%,3.83%,-33.12万
4145,603885,吉祥航空,12.01,-1.40%,2.00%,-6222.75万
4146,603605,珀莱雅,59.24,-1.40%,2.42%,-5487.84万
4147,600452,涪陵电力,11.95,-1.40%,8.54%,-9831.72万
4148,600018,上港集团,4.93,-1.40%,0.57%,-2.40亿
4151,600201,生物股份,14.68,-1.41%,5.05%,3272.11万
4161,601108,财通证券,8.31,-1.42%,2.01%,-9871.64万
4162,600189,泉阳泉,7.63,-1.42%,3.18%,-1707.64万
4163,600168,武汉控股,4.87,-1.42%,1.63%,-1099.61万
4168,600740,山西焦化,4.15,-1.43%,3.93%,-1198.58万
4169,600081,东风科技,11.05,-1.43%,1.08%,-515.41万
4174,601766,中国中车,6.15,-1.44%,1.39%,-7.26亿
4175,600123,兰花科创,6.18,-1.44%,4.32%,-4066.45万
4177,603777,来伊份,17.0,-1.45%,30.29%,992.32万
4178,600826,兰生股份,9.5,-1.45%,2.09%,-660.68万
4184,603900,莱绅通灵,7.42,-1.46%,6.23%,-537.99万
4190,605077,华康股份,14.72,-1.47%,3.69%,-1662.41万
4191,601319,中国人保,7.38,-1.47%,0.42%,-2.28亿
4196,600787,中储股份,5.34,-1.48%,2.24%,-5944.44万
4202,605099,共创草坪,40.21,-1.49%,2.94%,-1476.23万
4204,603158,腾龙股份,13.26,-1.49%,29.48%,-3204.86万
4210,603725,天安新材,9.17,-1.50%,10.05%,-706.01万
4214,600436,片仔癀,146.31,-1.51%,0.92%,-9367.55万
4218,601606,长城军工,39.55,-1.52%,4.70%,-1.58亿
4219,601019,山东出版,7.77,-1.52%,3.23%,-2069.44万
4224,603676,卫信康,10.25,-1.54%,1.68%,-304.66万
4225,601901,方正证券,7.04,-1.54%,1.77%,-1.25亿
4233,603825,ST华扬,8.25,-1.55%,1.52%,-594.23万
4234,600816,建元信托,2.54,-1.55%,1.51%,-2964.24万
4235,600745,闻泰科技,31.18,-1.55%,4.33%,-1.63亿
4236,600359,新农开发,6.97,-1.55%,6.10%,-849.30万
4240,605369,拱东医疗,17.71,-1.56%,1.15%,-343.36万
4242,601101,昊华能源,8.18,-1.56%,2.40%,-1387.96万
4249,601949,中国出版,6.28,-1.57%,1.12%,-2720.97万
4250,601777,千里科技,10.0,-1.57%,1.16%,-6118.13万
4251,600997,开滦股份,5.66,-1.57%,1.90%,-1287.29万
4252,600979,广安爱众,4.4,-1.57%,7.35%,-5442.24万
4253,600354,敦煌种业,6.28,-1.57%,11.50%,-4051.89万
4254,600061,国投资本,6.89,-1.57%,1.22%,-1.34亿
4262,600903,贵州燃气,6.22,-1.58%,1.61%,-2561.57万
4263,600280,中央商场,3.12,-1.58%,4.60%,-1578.69万
4265,605399,晨光新材,14.84,-1.59%,4.02%,-1095.82万
4267,603917,合力科技,12.97,-1.59%,4.86%,-375.87万
4268,600993,马应龙,24.76,-1.59%,3.13%,-4613.34万
4269,600602,云赛智联,24.08,-1.59%,24.64%,-5.29亿
4275,600765,中航重机,16.58,-1.60%,3.65%,-8175.47万
4276,600546,山煤国际,11.66,-1.60%,3.42%,-1669.11万
4277,600272,开开实业,12.27,-1.60%,6.29%,-1650.23万
4286,603610,麒盛科技,15.75,-1.62%,5.43%,-3546.78万
4287,605305,中际联合,44.22,-1.62%,14.49%,-1322.33万
4294,600794,保税科技,3.6,-1.64%,2.49%,-2655.72万
4304,603838,*ST四通,8.88,-1.66%,3.57%,2134.44万
4306,603055,台华新材,9.46,-1.66%,2.32%,-39.07万
4307,601555,东吴证券,8.28,-1.66%,1.92%,-1.39亿
4308,600463,空港股份,10.07,-1.66%,3.35%,283.96万
4312,603511,爱慕股份,14.09,-1.67%,0.97%,-213.80万
4319,600926,杭州银行,16.99,-1.68%,0.96%,-1.83亿
4325,600560,金自天正,14.48,-1.70%,3.25%,-116.62万
4328,603677,奇精机械,15.56,-1.71%,2.08%,-273.69万
4329,603501,豪威集团,93.04,-1.71%,4.62%,-1.63亿
4339,603999,读者传媒,6.87,-1.72%,3.31%,-1671.57万
4340,600072,中船科技,12.0,-1.72%,3.90%,-8331.40万
4342,605158,华达新材,7.38,-1.73%,1.85%,-374.70万
4344,603556,海兴电力,34.56,-1.73%,3.34%,-3358.48万
4345,600266,城建发展,5.11,-1.73%,5.55%,-3680.71万
4348,603733,仙鹤股份,21.47,-1.74%,1.10%,-1341.88万
4350,603393,新天然气,32.6,-1.75%,6.36%,-6076.48万
4352,600818,中路股份,8.44,-1.75%,5.06%,-920.01万
4353,600589,大位科技,11.2,-1.75%,34.98%,-1.72亿
4359,603707,健友股份,9.51,-1.76%,2.53%,-4564.05万
4362,601077,渝农商行,7.2,-1.77%,1.17%,-4081.35万
4363,603333,尚纬股份,7.76,-1.77%,3.16%,-2525.40万
4364,603116,红蜻蜓,5.56,-1.77%,2.81%,61.99万
4365,603039,泛微网络,43.82,-1.77%,9.33%,7721.49万
4366,600285,羚锐制药,21.08,-1.77%,4.45%,-1.31亿
4370,601318,中国平安,57.92,-1.78%,1.57%,-16.44亿
4373,605005,合兴股份,20.84,-1.79%,3.41%,-4192.51万
4374,600163,中闽能源,6.04,-1.79%,5.14%,-8638.95万
4388,600665,天地源,3.23,-1.82%,3.73%,-430.64万
4389,601188,龙江交通,3.24,-1.82%,2.99%,-1875.89万
4390,600583,海油工程,7.01,-1.82%,4.60%,-6330.99万
4401,603385,惠达卫浴,6.36,-1.85%,4.37%,181.66万
4402,600985,淮北矿业,13.25,-1.85%,2.00%,-3280.82万
4406,600987,航民股份,7.4,-1.86%,2.66%,-3601.00万
4407,600509,天富能源,7.9,-1.86%,5.36%,-6149.15万
4408,600508,上海能源,12.66,-1.86%,2.27%,-2811.35万
4412,600265,ST景谷,20.32,-1.88%,1.32%,-721.87万
4418,605339,南侨食品,16.09,-1.89%,0.57%,-316.30万
4419,600679,上海凤凰,11.4,-1.89%,2.71%,-2102.47万
4420,600000,浦发银行,9.86,-1.89%,0.43%,-3.12亿
4424,603800,洪田股份,47.49,-1.90%,10.08%,-8455.33万
4425,600585,海螺水泥,22.22,-1.90%,2.57%,-4.67亿
4426,600575,淮河能源,3.62,-1.90%,3.25%,-7289.16万
4427,600333,长春燃气,5.17,-1.90%,3.66%,-3284.38万
4431,603421,鼎信通讯,8.21,-1.91%,9.07%,-5781.23万
4433,601568,北元集团,4.08,-1.92%,1.52%,-6651.08万
4434,603988,中电电机,26.55,-1.92%,10.30%,-8091.89万
4435,603808,歌力思,10.2,-1.92%,9.96%,-2042.09万
4441,600802,福建水泥,5.59,-1.93%,5.32%,-579.44万
4442,600066,宇通客车,36.04,-1.93%,2.44%,-1.23亿
4448,603916,苏博特,10.61,-1.94%,4.21%,-2599.52万
4453,603929,亚翔集成,186.63,-1.95%,9.46%,607.02万
4455,600230,沧州大化,19.4,-1.97%,6.95%,2.41万
4457,603202,天有为,97.59,-1.98%,12.74%,-6874.59万
4459,603353,和顺石油,39.01,-1.98%,9.21%,-2123.89万
4460,603801,志邦家居,8.9,-1.98%,1.60%,-476.30万
4467,603260,合盛硅业,43.81,-1.99%,2.10%,-1.10亿
4471,601718,际华集团,2.94,-2.00%,2.19%,-6624.88万
4472,600981,苏豪汇鸿,2.94,-2.00%,2.25%,-1674.09万
4474,605199,ST葫芦娃,6.85,-2.00%,2.03%,-659.47万
4483,600639,浦东金桥,11.16,-2.02%,3.16%,-1393.91万
4487,603288,海天味业,39.94,-2.04%,0.72%,-1.30亿
4490,603359,东珠生态,5.72,-2.05%,5.97%,-778.65万
4494,603520,司太立,10.94,-2.06%,15.59%,-7900.70万
4495,603269,海鸥股份,15.68,-2.06%,35.83%,-9029.66万
4496,600469,风神股份,7.1,-2.07%,11.02%,-1723.44万
4499,600215,派斯林,6.56,-2.09%,3.74%,-704.79万
4506,605028,世茂能源,27.84,-2.11%,2.45%,68.28万
4507,603609,禾丰股份,6.97,-2.11%,1.34%,-323.62万
4508,601968,宝钢包装,5.1,-2.11%,2.17%,-1059.47万
4509,600528,中铁工业,7.88,-2.11%,3.18%,-1.22亿
4516,600684,珠江股份,4.61,-2.12%,5.09%,-2654.53万
4518,603507,振江股份,45.07,-2.13%,20.03%,-2.06亿
4519,600136,ST明诚,1.84,-2.13%,3.42%,-3037.13万
4524,603660,苏州科达,10.01,-2.15%,8.58%,-3774.21万
4525,600810,神马股份,8.64,-2.15%,4.59%,-4966.57万
4529,603989,艾华集团,19.5,-2.16%,5.75%,-5844.29万
4530,603517,ST绝味,12.66,-2.16%,1.64%,965.40万
4531,603117,万林物流,4.52,-2.16%,5.56%,-852.09万
4534,605006,山东玻纤,10.32,-2.18%,24.51%,-1.38亿
4535,600527,江南高纤,2.69,-2.18%,31.41%,-7027.95万
4537,603023,威帝股份,4.47,-2.19%,7.84%,-2084.28万
4538,603567,珍宝岛,6.7,-2.19%,7.07%,-3414.46万
4539,600340,华夏幸福,1.34,-2.19%,13.15%,-3643.05万
4544,600675,中华企业,2.67,-2.20%,1.36%,-3397.83万
4545,600386,北巴传媒,4.01,-2.20%,3.66%,-1398.97万
4548,600149,廊坊发展,5.76,-2.21%,16.05%,-433.52万
4552,603219,富佳股份,16.27,-2.22%,1.52%,-956.44万
4557,603215,比依股份,19.17,-2.24%,2.21%,-1423.84万
4563,600303,曙光股份,3.04,-2.25%,8.08%,-2672.84万
4564,601633,长城汽车,20.73,-2.26%,0.60%,-1.62亿
4566,605111,新洁能,37.71,-2.28%,8.04%,-1.35亿
4569,600698,湖南天雁,7.26,-2.29%,3.70%,-5641.48万
4570,600257,大湖股份,6.38,-2.30%,12.36%,-3535.68万
4574,600887,伊利股份,25.39,-2.31%,2.30%,-9.30亿
4578,603903,中持股份,11.8,-2.32%,3.70%,-144.99万
4580,603818,曲美家居,3.36,-2.33%,4.87%,-73.93万
4581,600157,永泰能源,1.68,-2.33%,7.71%,-5.29亿
4582,600015,华夏银行,7.14,-2.33%,0.81%,-1.86亿
4591,600667,太极实业,9.95,-2.36%,18.28%,-3.45亿
4594,601330,绿色动力,7.83,-2.37%,6.52%,-4919.08万
4595,600939,重庆建工,2.88,-2.37%,1.34%,-2257.36万
4596,600756,浪潮软件,16.49,-2.37%,11.65%,-1.01亿
4597,600195,中牧股份,7.82,-2.37%,7.26%,-5626.32万
4598,600098,广州发展,7.01,-2.37%,1.84%,-6926.49万
4613,603789,*ST星农,5.26,-2.41%,2.87%,-1412.98万
4616,600180,瑞茂通,3.22,-2.42%,3.85%,-1337.19万
4621,600400,红豆股份,2.01,-2.43%,3.72%,-5120.83万
4622,603529,爱玛科技,28.84,-2.44%,3.23%,-9925.75万
4624,601908,京运通,4.4,-2.44%,13.12%,-1.22亿
4625,600547,山东黄金,38.44,-2.44%,3.68%,-3.66亿
4630,603998,方盛制药,10.35,-2.45%,8.59%,-4516.95万
4631,600293,三峡新材,3.18,-2.45%,6.34%,-2165.16万
4635,603122,合富中国,16.16,-2.47%,39.77%,-1.57亿
4638,600825,新华传媒,5.93,-2.47%,2.44%,-2862.85万
4645,601279,英利汽车,3.93,-2.48%,2.06%,-2092.68万
4646,600881,亚泰集团,1.57,-2.48%,2.28%,-3365.59万
4647,600019,宝钢股份,6.3,-2.48%,1.33%,-5.07亿
4648,600408,安泰集团,3.13,-2.49%,9.49%,-5483.31万
4655,601866,中远海发,2.72,-2.51%,3.01%,-1.41亿
4656,600500,中化国际,4.28,-2.51%,2.28%,-5835.14万
4657,600188,兖矿能源,19.0,-2.51%,2.58%,-5974.23万
4661,601089,福元医药,22.39,-2.53%,2.99%,-6067.17万
4662,605118,力鼎光电,42.66,-2.54%,2.54%,-3255.67万
4663,603716,塞力医疗,23.0,-2.54%,31.70%,-1.96亿
4666,603290,斯达半导,99.46,-2.55%,5.08%,-1.31亿
4670,603810,丰山集团,15.52,-2.57%,3.42%,-344.41万
4672,600488,津药药业,6.06,-2.57%,53.57%,-3.77亿
4673,600125,铁龙物流,6.06,-2.57%,6.51%,-1.15亿
4674,601999,出版传媒,7.94,-2.58%,16.72%,-2991.02万
4675,600983,惠而浦,10.59,-2.58%,3.62%,-4775.05万
4676,600052,东望时代,3.77,-2.58%,3.84%,-1705.28万
4678,600935,华塑股份,2.63,-2.59%,2.96%,-5435.54万
4681,601952,苏垦农发,9.73,-2.60%,3.71%,-3515.40万
4685,603369,今世缘,25.71,-2.61%,2.24%,-1.20亿
4686,600111,北方稀土,49.22,-2.61%,9.14%,-13.57亿
4689,600405,动力源,5.21,-2.62%,5.60%,-2620.72万
4695,600805,悦达投资,5.18,-2.63%,3.62%,-2514.24万
4697,600815,厦工股份,4.06,-2.64%,14.09%,-1.04亿
4698,600298,安琪酵母,39.76,-2.64%,1.60%,-8891.30万
4701,600869,远东股份,14.7,-2.65%,12.82%,-9453.77万
4702,600965,福成股份,5.49,-2.66%,2.50%,-1622.96万
4706,600681,百川能源,3.98,-2.69%,5.51%,-9247.48万
4708,601678,滨化股份,5.05,-2.70%,6.12%,-8860.20万
4712,600165,ST宁科,3.57,-2.72%,2.79%,-2118.69万
4717,600519,贵州茅台,1407.24,-2.74%,1.25%,-28.09亿
4722,601601,中国太保,37.34,-2.76%,1.29%,-6.01亿
4723,600080,金花股份,8.1,-2.76%,7.28%,-2127.62万
4725,600917,重庆燃气,5.27,-2.77%,1.24%,-3386.57万
4729,600638,新黄浦,5.95,-2.78%,3.37%,-1179.33万
4730,600757,长江传媒,8.75,-2.78%,2.81%,-1417.57万
4731,600716,凤凰股份,4.19,-2.78%,2.82%,-1238.28万
4732,600653,申华控股,1.75,-2.78%,2.54%,-2963.65万
4736,603350,安乃达,36.92,-2.79%,14.87%,-5510.82万
4737,601992,金隅集团,1.74,-2.79%,2.06%,-9143.44万
4741,600506,统一股份,21.02,-2.82%,6.24%,-3304.43万
4742,600322,津投城开,2.41,-2.82%,6.28%,-2348.14万
4744,603261,*ST立航,34.96,-2.83%,1.43%,-1298.26万
4745,600721,百花医药,8.92,-2.83%,18.81%,-1.19亿
4748,603345,安井食品,92.79,-2.84%,3.87%,-7338.48万
4749,601919,中远海控,14.72,-2.84%,1.62%,-5.02亿
4750,600477,杭萧钢构,3.08,-2.84%,6.29%,-6745.51万
4753,603669,灵康药业,4.43,-2.85%,9.06%,573.73万
4754,600121,郑州煤电,4.09,-2.85%,8.22%,-5813.05万
4757,600310,广西能源,4.41,-2.86%,16.86%,-1.17亿
4759,603198,迎驾贡酒,34.57,-2.87%,1.50%,-1636.38万
4760,601808,中海油服,15.25,-2.87%,2.09%,-1.16亿
4761,600876,凯盛新能,9.81,-2.87%,7.28%,-213.34万
4766,603937,丽岛新材,13.77,-2.89%,12.18%,1876.34万
4767,603229,奥翔药业,10.07,-2.89%,4.16%,-4993.35万
4770,603318,水发燃气,7.7,-2.90%,14.04%,-2539.81万
4771,600021,上海电力,17.73,-2.90%,4.83%,-3.77亿
4778,600982,宁波能源,5.62,-2.94%,19.93%,-1.56亿
4779,605016,百龙创园,26.29,-2.95%,3.84%,-5869.92万
4782,600498,烽火通信,49.27,-2.97%,18.48%,-10.35亿
4783,600807,济高发展,2.94,-2.97%,8.25%,-1627.33万
4784,601399,国机重装,4.23,-2.98%,5.02%,-1.92亿
4785,601877,正泰电器,32.52,-2.98%,6.40%,-2.92亿
4786,603806,福斯特,17.19,-2.99%,5.34%,-2.24亿
4790,601069,西部黄金,33.07,-3.02%,7.33%,-6855.57万
4791,600893,航发动力,49.77,-3.02%,3.38%,-2.35亿
4797,600076,康欣新材,3.51,-3.04%,3.17%,-3561.10万
4798,601117,中国化学,8.57,-3.05%,4.49%,-3.77亿
4800,603102,百合股份,39.96,-3.06%,4.19%,-1159.27万
4801,600141,兴发集团,31.65,-3.06%,6.02%,-2.07亿
4806,600345,长江通信,50.64,-3.08%,36.12%,-2.35亿
4807,600308,华泰股份,3.77,-3.08%,2.15%,-2674.19万
4808,600688,上海石化,2.82,-3.09%,1.48%,-7312.49万
4811,603938,三孚股份,26.81,-3.11%,11.82%,-6653.70万
4812,600657,信达地产,3.12,-3.11%,1.99%,-30.79万
4817,600864,哈投股份,7.12,-3.13%,13.12%,-2.23亿
4819,600470,六国化工,6.78,-3.14%,14.46%,-6278.72万
4820,600746,江苏索普,9.54,-3.15%,4.53%,-4745.84万
4821,600730,中国高科,8.6,-3.15%,8.24%,-1687.28万
4829,600596,新安股份,12.1,-3.20%,5.12%,-1.07亿
4830,600309,万华化学,87.77,-3.21%,3.12%,-4.55亿
4834,603017,中衡设计,12.92,-3.22%,20.49%,-5436.94万
4835,600467,好当家,2.4,-3.23%,6.65%,-5809.15万
4839,603391,力聚热能,65.15,-3.25%,13.91%,-1165.53万
4845,601798,蓝科高新,9.07,-3.30%,4.84%,-2584.24万
4848,601888,中国中免,66.79,-3.31%,3.96%,-8.28亿
4849,603030,全筑股份,2.33,-3.32%,4.25%,-3163.40万
4852,600084,中信尼雅,6.68,-3.33%,1.74%,-1610.50万
4853,600622,光大嘉宝,2.61,-3.33%,3.78%,-2063.78万
4856,603313,梦百合,7.8,-3.35%,2.60%,-2016.01万
4857,601857,中国石油,11.53,-3.35%,0.28%,-6.22亿
4859,600031,三一重工,20.16,-3.36%,2.51%,-7.31亿
4862,603168,莎普爱思,6.51,-3.41%,8.73%,-725.23万
4863,603126,中材节能,7.9,-3.42%,4.93%,-116.66万
4864,600691,潞化科技,3.11,-3.42%,5.25%,-3638.93万
4865,600969,郴电国际,9.84,-3.43%,6.08%,-2794.45万
4875,600026,中远海能,21.95,-3.52%,6.26%,-3.49亿
4877,605338,巴比食品,25.26,-3.55%,3.36%,680.10万
4878,600241,时代万恒,9.79,-3.55%,10.01%,-1309.34万
4882,600897,厦门空港,16.23,-3.57%,2.49%,-4232.79万
4893,603901,永创智能,12.45,-3.64%,9.85%,-1290.73万
4894,603968,醋化股份,11.62,-3.65%,9.20%,-2623.94万
4895,601898,中煤能源,16.38,-3.65%,1.18%,-2.01亿
4897,600379,宝光股份,11.85,-3.66%,6.99%,-2729.09万
4898,600110,诺德股份,9.99,-3.66%,34.63%,-4.99亿
4900,603387,基蛋生物,9.46,-3.67%,19.91%,-9950.09万
4901,601011,宝泰隆,3.15,-3.67%,4.95%,-7902.10万
4906,603822,ST嘉澳,84.43,-3.73%,3.20%,-5264.19万
4907,603363,傲农生物,4.13,-3.73%,8.98%,-1.05亿
4913,600800,渤海化学,4.62,-3.75%,11.27%,-5614.57万
4914,605319,无锡振华,27.9,-3.76%,12.51%,-4784.91万
4918,603127,昭衍新药,36.93,-3.78%,19.80%,-1.10亿
4921,603188,亚邦股份,4.81,-3.80%,7.31%,-2898.12万
4922,600028,中国石化,5.56,-3.81%,0.58%,-11.45亿
4927,600158,中体产业,10.95,-3.86%,20.45%,-1.88亿
4933,600606,绿地控股,1.48,-3.90%,2.04%,-5305.53万
4935,600792,云煤能源,3.92,-3.92%,5.05%,-4847.08万
4938,603225,新凤鸣,16.78,-3.95%,4.43%,-4360.82万
4939,600868,梅雁吉祥,3.4,-3.95%,11.01%,-1.16亿
4941,600827,百联股份,8.23,-3.97%,1.96%,-4219.98万
4942,600725,云维股份,4.1,-3.98%,4.38%,-4843.02万
4944,601118,海南橡胶,6.49,-3.99%,2.41%,-5713.81万
4946,603828,ST柯利达,5.87,-4.08%,1.20%,-1487.65万
4947,600708,光明地产,3.29,-4.08%,3.63%,-4424.73万
4952,603021,ST华鹏,7.82,-4.17%,11.03%,-4039.45万
4956,600643,爱建集团,5.04,-4.18%,6.87%,-1.01亿
4960,600617,国新能源,3.19,-4.20%,6.51%,-6282.32万
4961,600078,澄星股份,13.01,-4.20%,14.14%,-3645.36万
4970,600968,海油发展,4.24,-4.29%,1.71%,-2.05亿
4974,603727,博迈科,19.71,-4.32%,7.22%,-1808.90万
4975,603177,德创环保,11.52,-4.32%,11.01%,744.77万
4976,600075,新疆天业,6.15,-4.35%,6.51%,-1.23亿
4977,600063,皖维高新,7.03,-4.35%,6.16%,-1.02亿
4978,601139,深圳燃气,6.8,-4.36%,2.80%,-1.48亿
4979,600370,三房巷,2.4,-4.38%,3.79%,-7300.52万
4980,600160,巨化股份,33.79,-4.39%,3.93%,-5.33亿
4983,600620,天宸股份,6.04,-4.43%,2.35%,-1087.49万
4984,603123,翠微股份,12.41,-4.46%,17.10%,-1.91亿
4986,600503,华丽家族,2.35,-4.47%,5.03%,-4182.15万
4991,600302,标准股份,11.28,-4.57%,8.74%,-4542.79万
4993,600831,广电网络,3.5,-4.63%,5.96%,-885.83万
4994,603718,海利生物,4.31,-4.65%,7.68%,-4216.44万
4995,603058,永吉股份,12.08,-4.66%,6.35%,-3792.83万
4999,600884,杉杉股份,14.7,-4.73%,23.21%,-2.16亿
5002,600758,辽宁能源,3.82,-4.74%,13.89%,-1.38亿
5004,603113,金能科技,7.17,-4.78%,7.17%,-7639.62万
5015,600216,浙江医药,14.9,-4.91%,8.84%,-1.76亿
5018,603700,宁水集团,12.78,-4.98%,7.10%,-1466.36万
5019,601996,丰林集团,2.48,-4.98%,8.93%,-1953.86万
5022,603398,*ST沐邦,12.11,-5.02%,6.19%,-4536.82万
5027,600613,神奇制药,5.96,-5.10%,13.00%,-2559.90万
5029,600722,金牛化工,13.5,-5.13%,20.53%,-9087.51万
5035,600426,华鲁恒升,35.34,-5.20%,4.54%,-2.08亿
5036,600822,上海物贸,9.82,-5.21%,4.76%,-2493.67万
5037,600513,联环药业,21.12,-5.21%,43.20%,-2.05亿
5042,600696,*ST岩石,1.08,-5.26%,6.03%,436.69万
5043,603599,广信股份,13.82,-5.28%,3.33%,-4639.40万
5045,601015,陕西黑猫,3.88,-5.37%,7.71%,-1.09亿
5047,601216,君正集团,5.23,-5.42%,2.58%,-3.49亿
5049,603067,振华股份,35.69,-5.43%,16.63%,-5.27亿
5052,603004,鼎龙科技,21.63,-5.50%,17.87%,-2823.37万
5053,603568,伟明环保,23.3,-5.52%,1.97%,-1651.34万
5054,600239,云南城投,2.05,-5.53%,4.58%,-3420.10万
5062,600107,ST尔雅,5.51,-5.65%,3.44%,-1682.29万
5064,601975,招商南油,4.32,-5.68%,12.58%,-2.98亿
5065,603978,深圳新星,25.2,-5.69%,15.27%,-1.10亿
5066,600871,石化油服,2.65,-5.69%,3.48%,-2.57亿
5070,605507,国邦医药,24.03,-5.73%,4.22%,-9652.07万
5071,600187,国中水务,1.81,-5.73%,5.59%,-2833.24万
5074,600162,香江控股,1.8,-5.76%,4.31%,-3419.77万
5079,603813,*ST原尚,27.4,-5.91%,4.81%,-610.62万
5080,600989,宝丰能源,27.75,-5.93%,3.98%,-10.61亿
5081,600227,赤天化,3.46,-5.98%,23.94%,-5852.09万
5084,600525,ST长园,5.28,-6.05%,3.36%,-7224.11万
5086,600389,江山股份,28.27,-6.08%,8.06%,-2.30亿
5088,600608,*ST沪科,2.3,-6.12%,4.93%,-879.70万
5090,600533,栖霞建设,2.42,-6.20%,6.37%,-1536.47万
5094,605167,利柏特,18.4,-6.31%,8.80%,-8302.48万
5103,603863,松炀资源,18.34,-6.57%,10.69%,-8038.14万
5106,600256,广汇能源,6.15,-6.68%,7.25%,-6.88亿
5107,600127,金健米业,6.98,-6.68%,18.64%,-1.66亿
5109,603259,药明康德,99.39,-6.72%,6.04%,2.07亿
5115,603619,中曼石油,33.55,-7.01%,14.41%,-1.95亿
5117,600159,大龙地产,3.01,-7.10%,9.57%,-623.23万
5121,600339,中油工程,3.9,-7.14%,5.97%,-2.52亿
5126,600537,亿晶光电,4.02,-7.37%,34.47%,-2.20亿
5127,600299,安迪苏,14.05,-7.38%,2.71%,-9368.92万
5130,600759,洲际油气,5.17,-7.51%,20.73%,-5.93亿
5135,600381,*ST春天,2.81,-7.87%,5.88%,-1490.44万
5140,601588,北辰实业,1.9,-8.21%,26.01%,-2.35亿
5142,603272,联翔股份,30.6,-8.33%,17.36%,-5761.48万
5147,603585,苏利股份,24.06,-8.86%,30.00%,-7774.83万
5150,600193,*ST创兴,2.95,-8.95%,11.18%,-1340.91万
5151,600423,柳化股份,2.71,-9.06%,27.74%,-2925.30万
5154,605162,新中港,12.74,-9.32%,25.83%,-7794.98万
5156,600486,扬农化工,71.6,-9.42%,5.61%,-2.53亿
5157,600844,金煤科技,3.44,-9.47%,24.86%,-1.50亿
5160,603843,*ST正平,7.64,-9.69%,14.38%,3904.30万
5162,603227,雪峰科技,9.13,-9.87%,11.21%,-1.49亿
5165,600726,华电能源,4.49,-10.02%,8.37%,-4.62亿
5167,600734,实达集团,3.41,-10.26%,6.55%,7244.58万
5169,603189,网达软件,15.25,-10.77%,6.96%,3675.89万
5170,600396,华电辽能,7.14,-11.08%,66.09%,-7.13亿
5171,600421,*ST华嵘,5.43,-11.56%,7.80%,409.14万
5175,600082,ST海泰,2.91,-12.61%,32.08%,6526.41万
5179,600636,*ST国化,6.09,-14.35%,15.62%,2.26亿
5180,600491,龙元建设,2.26,-14.72%,16.71%,-2335.71万
5181,600743,华远控股,2.69,-16.20%,48.38%,-2.45亿
5185,603778,国晟科技,24.25,-18.60%,48.16%,11.09亿
5190,603061,金海通,243.9,-27.87%,14.58%,-2.28亿
